lon_grid,lat_grid,year,fatalities,n_events
19.3,44.1,1995,5186,9
62.5,32.5,1995,1400,4
69.2,34.5,1995,1057,60
3,28,1995,773,49
45.7,43.3,1995,680,118
2.2,36.2,1995,622,8
15.7,45.2,1995,516,6
18.4,43.9,1995,449,124
46.1,43.4,1995,407,4
15.8,45.2,1995,383,112
16.7,44.8,1995,327,3
74.8,34.2,1995,304,51
17.1,44.4,1995,292,4
39.5,39.1,1995,280,33
15.9,44.8,1995,279,99
3.1,36.8,1995,240,41
69.1,34.4,1995,226,4
16.2,44.9,1995,215,78
42.5,37.9,1995,207,30
47.4,31,1995,201,1
44,36.2,1995,200,1
62.1,33.3,1995,200,1
62.3,33.4,1995,200,1
62.5,31,1995,200,1
64.5,32.5,1995,200,1
44.1,37.5,1995,199,33
69.2,34.4,1995,193,8
68.9,34.4,1995,181,9
-15.5,12.8,1995,175,6
16.4,44.6,1995,174,4
18.8,44.6,1995,169,28
43.6,37.3,1995,151,28
16.2,44,1995,142,7
44.1,44.8,1995,132,3
69,35.5,1995,132,6
18.3,44.6,1995,130,5
69.4,34.4,1995,130,2
17.3,44.3,1995,125,6
42.4,38.3,1995,125,18
42.6,37.4,1995,125,40
67.7,36,1995,125,6
17.2,45.3,1995,118,18
30,15,1995,118,1
17.7,44.3,1995,117,30
68.8,36.8,1995,112,3
44.6,37.3,1995,110,20
72.2,37.7,1995,106,3
18.7,44.5,1995,105,8
40.4,38.4,1995,96,8
42.6,36.2,1995,96,25
46.4,43.3,1995,91,1
42.5,37.2,1995,88,14
39.2,39.1,1995,87,10
68.9,35.5,1995,87,1
18.7,45,1995,86,25
1.2,36.2,1995,84,12
3.1,36.6,1995,84,1
40.5,38,1995,80,9
68,34.2,1995,80,1
38.9,39.1,1995,77,9
74.8,34.1,1995,77,18
40.8,39.1,1995,74,22
-16.5,12.4,1995,69,5
3.2,36.8,1995,69,14
18.8,44.9,1995,67,17
40.7,38.5,1995,65,18
63.4,32.2,1995,65,3
4.8,36.1,1995,63,2
43.2,37,1995,62,1
3,36.6,1995,61,19
47.2,30.3,1995,61,2
40.1,38.4,1995,58,7
41.2,38.3,1995,57,5
16.8,45.2,1995,56,4
73,38,1995,56,2
6.7,36.3,1995,55,12
41.2,37.1,1995,55,11
64.1,29.5,1995,53,1
67,24.9,1995,52,3
16.4,44.2,1995,50,24
62.6,32.8,1995,50,2
62.8,32.8,1995,50,1
71.1,38.9,1995,50,4
4.3,36.8,1995,48,4
18.4,43.6,1995,47,10
43.6,37.2,1995,47,2
69,35.3,1995,47,6
69,35.8,1995,47,2
45.2,43.2,1995,46,9
46.4,43.2,1995,46,3
66.9,36.3,1995,46,3
0.9,35.8,1995,45,12
6,36.8,1995,44,13
16.8,44,1995,42,10
39.8,39.2,1995,42,12
49.9,40.4,1995,42,3
70.4,39,1995,42,9
-0.5,35.7,1995,41,7
44.1,35.8,1995,41,1
45.9,43.1,1995,41,2
46.3,43.1,1995,41,1
18,44,1995,39,5
40.3,39.3,1995,39,5
41.4,38.3,1995,39,13
43.2,39.7,1995,39,10
45.3,43.3,1995,39,3
2.4,36.6,1995,38,12
7.1,35.8,1995,38,6
44.3,37.6,1995,38,12
5.9,35.5,1995,37,8
40.4,38.7,1995,37,2
65,34,1995,37,3
-0.5,34.8,1995,36,5
18.4,43.7,1995,36,19
18.1,44.4,1995,35,7
42.2,37.7,1995,35,14
43.7,38.4,1995,35,11
43.9,37.3,1995,35,2
69.3,34.4,1995,35,1
19,43.7,1995,34,16
3.7,36.8,1995,33,12
17.7,44.2,1995,33,2
41.4,38.1,1995,33,10
74.6,34.2,1995,33,2
3.1,36.7,1995,32,14
40.1,39.2,1995,32,8
71,39,1995,32,2
74.2,34.4,1995,32,10
2.8,36.3,1995,31,5
46,43.1,1995,31,2
71.6,37.5,1995,31,2
3,36.1,1995,30,5
40.6,38.8,1995,30,10
45.8,43.2,1995,30,1
67.8,33.3,1995,30,2
41,38.5,1995,29,9
42.3,37.4,1995,29,6
47,32,1995,29,1
67.4,35.9,1995,29,4
74.4,34.2,1995,29,9
2.8,36.5,1995,28,7
40.2,37.9,1995,28,7
0.1,35.6,1995,27,2
17,43.8,1995,27,21
18.4,43.8,1995,27,8
30.8,27.7,1995,27,10
41.5,38.2,1995,27,4
67.3,36.1,1995,27,2
67.8,34.8,1995,27,2
18.3,44,1995,26,6
39.2,39.4,1995,26,8
18.5,45.1,1995,25,14
30.7,28.4,1995,25,9
39.1,39,1995,25,1
39.6,39,1995,25,8
64.9,35.3,1995,25,1
-16.3,12.4,1995,24,2
-0.6,35.7,1995,24,2
4.3,35.3,1995,24,3
9.8,26.5,1995,24,1
18.3,43.8,1995,24,8
41.9,38.4,1995,24,6
43.1,40.2,1995,24,6
61.9,31,1995,24,1
63.8,35,1995,24,1
65.6,35.5,1995,24,1
69.6,34.5,1995,24,1
-1.4,34.7,1995,23,5
12.6,13.3,1995,23,1
18.1,44.5,1995,23,3
30.7,28.3,1995,23,7
34.9,32.3,1995,23,1
40.9,37.4,1995,23,8
44.2,37.9,1995,23,2
75.2,33.8,1995,23,8
76.7,33.9,1995,23,5
3.9,36.2,1995,22,7
17.4,44.1,1995,22,4
42.3,37.9,1995,22,9
42.9,37.4,1995,22,9
72,36.8,1995,22,1
0.2,35.4,1995,21,4
0.3,36,1995,21,5
39.3,38.9,1995,21,6
39.5,39.3,1995,21,1
43.4,37.5,1995,21,1
6.8,36.8,1995,20,7
16,45.2,1995,20,3
16.4,44.4,1995,20,6
46,31,1995,20,1
46,43.2,1995,20,1
68.9,36.7,1995,20,3
69.3,34.5,1995,20,1
5.8,36.8,1995,19,5
42,38.1,1995,19,3
74.2,34.5,1995,19,3
3,36.8,1995,18,8
41,38.1,1995,18,5
69.4,34.5,1995,18,2
35.5,33.4,1995,17,12
40.4,39.8,1995,17,2
41,37.6,1995,17,1
46.1,43,1995,17,3
65.6,28.5,1995,17,1
42.1,38.4,1995,16,6
45,34.7,1995,16,1
47.6,42.8,1995,16,2
65.9,35.4,1995,16,4
16.1,44.6,1995,15,1
41.9,37.9,1995,15,4
42,37.6,1995,15,1
44.4,37.2,1995,15,1
45.5,43.1,1995,15,4
68.8,38.6,1995,15,7
75,33.6,1995,15,2
3,36,1995,14,1
41.3,38.3,1995,14,2
42.6,37.9,1995,14,3
74.7,33.9,1995,14,4
-16.3,12.6,1995,13,3
1.6,34.9,1995,13,5
30.8,27.8,1995,13,7
42.5,37.5,1995,13,4
43.9,39.4,1995,13,3
44.3,39.9,1995,13,1
44.4,37.7,1995,13,1
46.1,43.2,1995,13,3
74.1,34,1995,13,2
75.2,33.7,1995,13,4
3.7,32.5,1995,12,2
16,45.8,1995,12,4
19.1,44,1995,12,1
34.4,31.4,1995,12,3
40.9,38.5,1995,12,2
41.9,37.5,1995,12,5
42.2,37.5,1995,12,3
43.1,37.2,1995,12,1
43.2,37.6,1995,12,3
44.1,43.5,1995,12,1
64.4,33.5,1995,12,1
68.6,34.5,1995,12,1
3.3,36.8,1995,11,2
16,45.1,1995,11,4
30.8,28.7,1995,11,6
31.2,30,1995,11,3
35.5,33.2,1995,11,7
43.7,37.7,1995,11,1
44,37.4,1995,11,1
44.1,37.4,1995,11,3
44.4,33.3,1995,11,7
67.7,34.8,1995,11,1
69.2,34.6,1995,11,1
75.7,33,1995,11,2
0.1,35.4,1995,10,1
0.6,35.7,1995,10,1
4,36.7,1995,10,3
6.8,36.4,1995,10,1
18.7,44.6,1995,10,1
18.9,44.6,1995,10,1
30.8,27.9,1995,10,5
41.8,38.5,1995,10,2
66.6,35.5,1995,10,2
69.2,34,1995,10,1
70.4,39.2,1995,10,3
17.2,45.1,1995,9,3
35.5,33.3,1995,9,3
35.5,33.5,1995,9,3
35.6,33.4,1995,9,5
37.7,37.7,1995,9,2
40.5,38.9,1995,9,4
41,39.6,1995,9,1
41.1,37.9,1995,9,4
41.4,37.6,1995,9,3
41.9,38.2,1995,9,2
43.6,37.7,1995,9,1
45.9,43.3,1995,9,4
67.5,35.6,1995,9,1
69.4,35.6,1995,9,4
74.5,34.3,1995,9,4
75.3,34,1995,9,2
-1.1,35.3,1995,8,2
4.9,36.7,1995,8,2
6.2,36.4,1995,8,2
16.6,44.7,1995,8,2
18.7,45.6,1995,8,4
30.7,27.9,1995,8,1
32.7,23.1,1995,8,2
35.1,31.5,1995,8,5
36,36.2,1995,8,1
40.3,39,1995,8,1
41.7,38.7,1995,8,3
42.8,37.2,1995,8,1
43.7,37.6,1995,8,2
45.7,43.1,1995,8,2
45.9,36,1995,8,1
46.4,43.1,1995,8,2
66.2,35.9,1995,8,1
67.2,34.8,1995,8,1
67.3,35.8,1995,8,1
74.7,32.6,1995,8,2
74.8,32.7,1995,8,1
75.5,33.2,1995,8,3
-6.1,14.7,1995,7,1
-3.7,40.4,1995,7,2
0.3,34.7,1995,7,2
2,36.3,1995,7,1
2.7,33.6,1995,7,3
7.4,36.4,1995,7,2
16.4,45.5,1995,7,2
18.3,43.9,1995,7,3
31.3,27.1,1995,7,2
35.6,33.5,1995,7,2
38,38.5,1995,7,1
38.1,39.4,1995,7,1
41,37.4,1995,7,2
41.3,38.4,1995,7,2
41.4,37.4,1995,7,3
41.8,37.6,1995,7,3
42,38.3,1995,7,2
42.3,38.4,1995,7,1
43.4,38.1,1995,7,2
43.4,38.3,1995,7,2
44,39.9,1995,7,3
45.1,43.1,1995,7,2
45.7,36.8,1995,7,1
45.7,42.9,1995,7,2
46.2,31,1995,7,1
64.8,36.2,1995,7,2
67.3,36,1995,7,1
70,35,1995,7,1
-16.6,12.4,1995,6,2
-16.5,12.5,1995,6,1
1.3,35.4,1995,6,3
4.2,36.8,1995,6,4
7.2,33.2,1995,6,2
18.4,44.9,1995,6,2
30.2,11,1995,6,1
35.3,33.1,1995,6,2
37.4,39.2,1995,6,1
40,39,1995,6,4
40.6,38.5,1995,6,3
41,38.8,1995,6,2
41.3,37.4,1995,6,1
41.5,39.6,1995,6,1
41.7,39,1995,6,3
41.8,37.3,1995,6,3
45.5,43.4,1995,6,1
45.8,41,1995,6,1
46,43.3,1995,6,1
64,31,1995,6,1
65,33,1995,6,2
65.3,34.5,1995,6,1
66.4,35.9,1995,6,3
69,36.5,1995,6,1
3.6,36.5,1995,5,1
5.4,36.2,1995,5,2
17.8,44.2,1995,5,1
18,43.3,1995,5,1
18,44.4,1995,5,1
18.1,44.7,1995,5,3
27.1,38.4,1995,5,1
29,41,1995,5,4
30.8,28.4,1995,5,1
32.2,26.1,1995,5,2
35.4,33.2,1995,5,2
35.5,33.7,1995,5,2
37.8,39.9,1995,5,1
39.8,39.6,1995,5,1
41.5,40,1995,5,3
41.9,38.6,1995,5,1
63.3,35.6,1995,5,1
65.4,34.7,1995,5,1
68.4,37,1995,5,1
69.1,38.6,1995,5,2
69.7,36,1995,5,1
70.8,39.2,1995,5,3
74.4,34.1,1995,5,1
74.4,34.9,1995,5,4
74.9,33.8,1995,5,3
75.6,33.1,1995,5,3
-16,12.8,1995,4,1
3.2,13,1995,4,1
3.7,34.3,1995,4,1
12.8,19,1995,4,1
14.5,13.5,1995,4,1
17.3,45.2,1995,4,3
18,44.7,1995,4,2
18.3,45.1,1995,4,2
18.9,44.4,1995,4,1
30.8,27.3,1995,4,2
34.2,31.3,1995,4,2
35.1,31.9,1995,4,1
37,40.6,1995,4,2
39.6,39.2,1995,4,2
40.1,38.7,1995,4,1
40.8,38.2,1995,4,1
40.9,37.6,1995,4,1
40.9,38.1,1995,4,1
41.5,38.7,1995,4,2
42.1,37.7,1995,4,4
42.4,37.7,1995,4,2
43.1,40.5,1995,4,2
43.4,40.4,1995,4,1
43.8,37.3,1995,4,1
43.9,39.2,1995,4,1
44.2,33.3,1995,4,1
44.3,37.2,1995,4,1
44.5,37.7,1995,4,1
45.3,43,1995,4,2
64.2,34.2,1995,4,1
67.5,35.8,1995,4,1
67.7,35.8,1995,4,1
68.5,38.7,1995,4,1
74.8,32.8,1995,4,1
-2,43.3,1995,3,3
-1.3,34.9,1995,3,1
0.1,36,1995,3,1
3.5,36.7,1995,3,1
3.8,36.7,1995,3,1
4.6,36.8,1995,3,1
5.5,36.2,1995,3,1
7,35,1995,3,1
7.6,36.8,1995,3,1
7.8,36.9,1995,3,2
7.9,36.2,1995,3,1
13.3,13.7,1995,3,1
15.4,44.5,1995,3,1
16.7,45,1995,3,1
17,45.3,1995,3,1
18,44.6,1995,3,2
18.5,44.5,1995,3,1
19,44.6,1995,3,1
30.8,28,1995,3,1
31.3,27,1995,3,1
32.1,26.1,1995,3,1
32.8,39.9,1995,3,1
34.5,31.5,1995,3,1
35.3,33.2,1995,3,2
35.8,33.6,1995,3,1
38.5,39.3,1995,3,2
39,39.6,1995,3,1
39.4,39.2,1995,3,3
39.5,38.5,1995,3,2
39.9,39.5,1995,3,2
40.3,37.4,1995,3,1
40.5,37.5,1995,3,1
40.5,38.6,1995,3,1
41.1,38.4,1995,3,1
42,37.7,1995,3,2
42,38.2,1995,3,2
42,38.6,1995,3,1
42.3,38.5,1995,3,1
42.5,39.2,1995,3,2
43.1,38,1995,3,3
43.7,37.3,1995,3,1
44,38.1,1995,3,1
44.1,39.6,1995,3,3
44.2,43.2,1995,3,1
44.3,37.5,1995,3,1
44.8,35.1,1995,3,1
45.3,43.2,1995,3,2
45.6,43.2,1995,3,1
45.8,42.9,1995,3,1
63.3,32,1995,3,1
64.7,35.8,1995,3,1
65.9,35.9,1995,3,2
67.5,35.7,1995,3,1
68.8,37.8,1995,3,2
69.6,37.7,1995,3,1
69.7,34.6,1995,3,2
70,38.9,1995,3,2
73.9,34.6,1995,3,2
74.3,34.3,1995,3,1
74.4,31.1,1995,3,1
74.8,33.9,1995,3,2
-3,16.8,1995,2,1
-0.6,35.2,1995,2,1
-0.1,35.8,1995,2,1
0.1,35.9,1995,2,1
1.8,35.8,1995,2,1
3.5,36.8,1995,2,1
3.9,36.4,1995,2,1
6.2,35.6,1995,2,1
6.6,36,1995,2,1
7.4,36.5,1995,2,1
7.5,18.5,1995,2,1
7.8,35,1995,2,1
8.1,35.4,1995,2,1
8.2,36.8,1995,2,2
15.6,45.1,1995,2,1
15.8,45.1,1995,2,2
15.9,45.2,1995,2,1
16.4,44.1,1995,2,2
16.5,43.2,1995,2,1
16.5,45,1995,2,1
16.7,45.1,1995,2,1
17.4,45.3,1995,2,1
17.8,43.3,1995,2,1
17.9,44.2,1995,2,1
18.3,42.7,1995,2,1
18.8,44.8,1995,2,1
18.8,45.4,1995,2,1
19,45,1995,2,1
30.7,27.8,1995,2,1
30.7,28.2,1995,2,1
31,29,1995,2,1
31.3,29.9,1995,2,1
31.6,26.6,1995,2,1
31.7,26.6,1995,2,1
31.8,26.5,1995,2,1
32,26.2,1995,2,2
35.2,33.2,1995,2,1
35.7,33.3,1995,2,1
37.9,39.4,1995,2,1
38.6,39.5,1995,2,2
38.7,39.4,1995,2,1
38.9,37.9,1995,2,1
39.7,38.4,1995,2,2
39.7,39,1995,2,1
39.8,39.3,1995,2,2
40.1,38.6,1995,2,1
40.4,38.6,1995,2,1
40.5,39,1995,2,2
40.6,37.2,1995,2,1
40.6,37.8,1995,2,1
40.8,37.9,1995,2,1
40.8,38.3,1995,2,2
40.8,39.4,1995,2,1
41,37.3,1995,2,1
41,39.3,1995,2,1
41.4,37.9,1995,2,1
42.1,37.9,1995,2,1
42.4,38.2,1995,2,2
42.7,37.5,1995,2,2
43.1,37.6,1995,2,2
43.4,37.3,1995,2,1
43.7,37.2,1995,2,2
44.3,37.3,1995,2,1
44.3,37.8,1995,2,2
44.8,35.5,1995,2,1
45.4,40.6,1995,2,1
45.5,40.9,1995,2,1
45.5,41.1,1995,2,1
45.7,43,1995,2,1
46.7,42.5,1995,2,1
46.9,40.3,1995,2,1
53,32,1995,2,1
65.7,35.6,1995,2,1
65.8,35.7,1995,2,1
68.6,37,1995,2,1
69.2,35.1,1995,2,1
74.2,34.3,1995,2,2
74.4,34.4,1995,2,1
74.5,34.2,1995,2,1
74.7,34,1995,2,1
74.7,34.1,1995,2,1
74.7,34.4,1995,2,1
-16.2,12.5,1995,1,1
-15.9,12.6,1995,1,1
-5.6,42.6,1995,1,1
-2.9,43.3,1995,1,1
-1.7,43.3,1995,1,1
2.9,36.6,1995,1,1
3.9,36.7,1995,1,1
5.3,36.6,1995,1,1
6.5,36.3,1995,1,1
6.6,36.4,1995,1,1
15.8,44.9,1995,1,1
15.9,45,1995,1,1
16.2,45,1995,1,1
16.4,45,1995,1,1
16.7,44.1,1995,1,1
16.9,45.3,1995,1,1
18,43.1,1995,1,1
18,43.7,1995,1,1
18,43.9,1995,1,1
18.2,42.7,1995,1,1
18.2,43.8,1995,1,1
18.3,44.7,1995,1,1
18.4,44.6,1995,1,1
18.5,45,1995,1,1
18.6,44.4,1995,1,1
18.6,45.4,1995,1,1
18.6,45.5,1995,1,1
19,44.5,1995,1,1
30,31.2,1995,1,1
30.5,29,1995,1,1
30.8,29.3,1995,1,1
31.1,29.1,1995,1,1
32.3,30.6,1995,1,1
34.9,31.8,1995,1,1
35,31.5,1995,1,1
35.4,33.1,1995,1,1
35.5,33,1995,1,1
35.7,33.5,1995,1,1
35.7,37.4,1995,1,1
36.1,38,1995,1,1
36.2,36.5,1995,1,1
37.3,37,1995,1,1
37.4,37.1,1995,1,1
37.4,39.5,1995,1,1
38.2,37.8,1995,1,1
38.5,40.7,1995,1,1
39.1,39.3,1995,1,1
39.3,37.8,1995,1,1
39.3,39,1995,1,1
39.3,39.1,1995,1,1
39.4,39,1995,1,1
39.4,40.1,1995,1,1
39.5,38.1,1995,1,1
39.6,39.8,1995,1,1
39.7,39.2,1995,1,1
39.8,38.3,1995,1,1
39.9,38.7,1995,1,1
40.1,37.2,1995,1,1
40.1,38.1,1995,1,1
40.1,39.4,1995,1,1
40.3,38.6,1995,1,1
40.4,39.4,1995,1,1
40.5,39.4,1995,1,2
40.6,39,1995,1,1
40.7,37.3,1995,1,1
40.7,37.6,1995,1,1
40.7,39.9,1995,1,1
41.1,37.5,1995,1,1
41.1,39,1995,1,1
41.3,38.9,1995,1,1
41.6,37.7,1995,1,1
41.7,37.2,1995,1,1
41.7,37.9,1995,1,1
41.8,38.2,1995,1,1
41.9,37.6,1995,1,1
42,37.3,1995,1,1
42,38.5,1995,1,1
42.1,37.6,1995,1,1
42.2,38.3,1995,1,1
42.3,37.5,1995,1,1
42.3,38,1995,1,1
42.5,37.6,1995,1,1
42.5,38.2,1995,1,1
42.6,40.3,1995,1,1
42.7,37.6,1995,1,1
42.7,38.1,1995,1,1
42.9,37.9,1995,1,1
43,37.2,1995,1,1
43,39.6,1995,1,1
43,39.7,1995,1,1
43.1,38.3,1995,1,1
43.2,39.9,1995,1,1
43.7,39.5,1995,1,1
43.7,40,1995,1,1
43.9,37.7,1995,1,1
44,37.8,1995,1,1
44.1,37.1,1995,1,1
44.2,39.5,1995,1,1
44.8,36.4,1995,1,1
44.8,43.4,1995,1,1
45,40.8,1995,1,1
45,41.2,1995,1,1
45.3,43.1,1995,1,1
45.3,43.6,1995,1,1
45.4,40.9,1995,1,1
45.4,43.1,1995,1,1
45.9,43.5,1995,1,1
46,40.4,1995,1,1
46.3,31.1,1995,1,1
46.5,43.3,1995,1,1
46.8,40.4,1995,1,1
47.3,39.6,1995,1,1
65.7,35.5,1995,1,1
69.2,34.2,1995,1,1
69.7,38.7,1995,1,1
70.8,39.1,1995,1,1
71.4,38.4,1995,1,1
73.9,34.1,1995,1,1
73.9,34.7,1995,1,1
74.1,33.8,1995,1,1
74.1,34.1,1995,1,1
74.1,34.5,1995,1,1
74.8,33.7,1995,1,2
74.9,34,1995,1,1
-7.3,13.6,1995,0,1
-2.2,43.2,1995,0,1
-0.4,39.5,1995,0,1
2.9,36.4,1995,0,1
6.9,36.9,1995,0,1
14.5,35.9,1995,0,1
17.2,45.2,1995,0,4
18.5,43.7,1995,0,1
18.8,45.3,1995,0,1
30.9,27.8,1995,0,1
31.2,27.2,1995,0,1
34.4,31.5,1995,0,1
35.2,33.3,1995,0,1
42.5,12,1995,0,1
44,36,1995,0,1
45.3,41.4,1995,0,1
45.5,43.3,1995,0,1
61.8,34.4,1995,0,1
62,34.5,1995,0,1
62.3,34.2,1995,0,1
65.8,36.8,1995,0,1
69.5,36.7,1995,0,1
74.3,34.4,1995,0,1
74.4,34.5,1995,0,1
74.6,33.9,1995,0,1
75.1,33.9,1995,0,1
45.7,43.3,1996,2007,99
71.1,38.9,1996,1308,24
69.2,34.5,1996,1071,113
70.5,38.7,1996,1040,4
42.8,38.9,1996,583,1
3,28,1996,467,13
44.1,37.5,1996,374,33
42.5,37.9,1996,328,37
44,36.2,1996,317,5
74.8,34.2,1996,306,12
3.1,36.8,1996,265,39
40.8,39.1,1996,212,26
42.6,37.4,1996,211,42
47.6,42.8,1996,190,7
69.7,35.4,1996,186,2
43.2,37,1996,181,4
45.3,43.3,1996,180,1
69.3,35,1996,174,9
39.5,39.1,1996,169,34
62,34.5,1996,157,2
69.3,34.5,1996,150,1
63.8,35,1996,140,2
69.2,34.4,1996,112,10
69.2,34.8,1996,103,7
45.2,43.3,1996,100,2
69,35.3,1996,100,1
70,38.9,1996,97,3
43.7,38.4,1996,94,12
40.5,38,1996,91,20
70.5,34.4,1996,89,3
43.6,37.2,1996,84,5
42.4,38.3,1996,83,12
44.6,37.3,1996,81,14
65,34,1996,81,1
69.2,35,1996,72,4
41.4,38.1,1996,69,10
41.4,38.3,1996,66,3
65.3,34.5,1996,65,2
70.7,38.6,1996,65,4
70.3,38.8,1996,61,2
36.4,15.5,1996,58,6
37.4,39.5,1996,56,3
74.8,34.1,1996,54,15
64,35.5,1996,53,4
40.6,38.5,1996,52,2
42.3,37.4,1996,52,4
37,16.8,1996,50,1
69.1,34.4,1996,50,5
69.8,34.6,1996,50,1
40.9,37.4,1996,49,10
46.7,43.8,1996,49,1
45.7,42.9,1996,48,2
70.4,39,1996,48,4
35,39,1996,45,1
69.8,38.7,1996,45,4
69.7,38.7,1996,44,4
67,24.9,1996,42,16
2.8,36.5,1996,40,7
43.6,37.3,1996,40,16
70.9,35,1996,40,1
3,36.6,1996,39,5
45.6,43.1,1996,35,2
69,32.9,1996,35,3
64.2,34.2,1996,30,1
64.8,36.2,1996,30,1
69.3,34.3,1996,30,1
36,16,1996,29,4
43.1,38,1996,29,6
39.2,39.4,1996,28,8
44.4,38.4,1996,28,1
42.3,37.9,1996,27,7
69.6,33.8,1996,27,2
34.4,31.4,1996,26,5
45.9,43.3,1996,26,2
41.5,12,1996,25,1
42.6,36.2,1996,25,14
69.4,34.5,1996,25,4
74.7,32.6,1996,25,1
43.2,37.6,1996,24,4
43.7,37.2,1996,24,3
63.7,33.6,1996,24,1
69.8,34.3,1996,24,1
41.2,37.1,1996,23,6
44.3,37.6,1996,23,6
4,36.7,1996,22,2
35.5,33.4,1996,22,6
44,38.1,1996,22,6
-0.6,35.7,1996,21,2
35.5,33.2,1996,21,12
40.7,38.5,1996,21,8
42.5,37.5,1996,21,5
43.7,37.6,1996,21,3
46.3,35.7,1996,20,2
68.9,34.4,1996,20,1
69.6,34.1,1996,20,1
69.7,34.4,1996,20,1
41,38.5,1996,19,5
68.9,38.6,1996,19,2
69.3,33.7,1996,19,2
70.1,38.9,1996,19,1
40.6,38.8,1996,18,7
42.5,37.2,1996,18,7
43.1,40.2,1996,18,4
65,33,1996,18,1
79.8,15.8,1996,18,4
5.4,36.2,1996,17,1
39.2,39.1,1996,16,5
40.7,37.3,1996,16,2
41.9,37.9,1996,16,4
42.4,38.2,1996,16,4
63.8,35.7,1996,16,2
30.8,27.3,1996,15,4
40.2,37.9,1996,15,2
42.9,37.4,1996,15,8
78.3,19.3,1996,15,2
-1.4,34.7,1996,14,4
0.3,34.7,1996,14,2
2.8,36.3,1996,14,2
38.5,39.3,1996,14,2
39.2,39.6,1996,14,1
61.2,34.2,1996,14,1
63.5,35.5,1996,14,2
35.2,32,1996,13,1
39.1,39,1996,13,2
44.4,37.3,1996,13,1
3,36.1,1996,12,1
3.7,32.5,1996,12,1
30.8,27.8,1996,12,5
34,12,1996,12,2
35.8,33.7,1996,12,2
38.3,38.9,1996,12,1
38.4,16.3,1996,12,1
40.2,38.6,1996,12,1
42.2,37.7,1996,12,6
68,33.2,1996,12,1
70.2,34.8,1996,12,1
30.8,27.9,1996,11,5
35.8,33.8,1996,11,2
40.3,38.6,1996,11,2
40.8,38.3,1996,11,3
41.7,39,1996,11,4
41.9,37.6,1996,11,1
44.4,37.2,1996,11,3
46,35.8,1996,11,1
46.2,43.2,1996,11,2
39.2,39.2,1996,10,3
39.8,39.2,1996,10,5
40.4,39.4,1996,10,1
41.9,38.4,1996,10,4
42.8,37.4,1996,10,3
44,39,1996,10,1
45.4,35.9,1996,10,1
45.4,43.2,1996,10,1
45.8,42.9,1996,10,2
68.9,35,1996,10,1
70.8,38.5,1996,10,1
6.7,36.3,1996,9,2
7.9,36.2,1996,9,1
35.6,33.4,1996,9,5
39.5,38.5,1996,9,5
41.1,39.4,1996,9,1
44,38,1996,9,2
44.3,37.2,1996,9,2
44.8,35.5,1996,9,2
45.9,43.1,1996,9,2
46.5,32.5,1996,9,1
69,34.8,1996,9,3
70.6,38.7,1996,9,2
74.2,34.4,1996,9,5
75.2,33.7,1996,9,2
79.4,18.7,1996,9,1
-0.5,35.7,1996,8,1
3.5,36.8,1996,8,2
12.9,19,1996,8,1
29,41,1996,8,3
30.8,27.7,1996,8,6
35.2,31.9,1996,8,2
35.3,33.2,1996,8,2
40.1,39.2,1996,8,1
40.5,38.9,1996,8,2
42.1,38.4,1996,8,1
43.4,38.5,1996,8,1
69.1,34.7,1996,8,1
69.1,38.6,1996,8,1
74.2,34.3,1996,8,2
74.2,34.5,1996,8,1
74.8,32.7,1996,8,1
2.1,34.1,1996,7,1
3,36.8,1996,7,3
3.1,36.7,1996,7,3
41.5,39.2,1996,7,1
43.3,38.4,1996,7,2
44,38.7,1996,7,2
62.1,30.2,1996,7,1
64.4,33.5,1996,7,1
69.2,32.9,1996,7,1
74.4,33.9,1996,7,1
74.7,34,1996,7,1
75.6,33.1,1996,7,1
1.2,36.2,1996,6,2
2.2,36.3,1996,6,1
2.9,33.8,1996,6,1
5.3,35.7,1996,6,1
6.2,35.6,1996,6,2
34.2,31.3,1996,6,2
35.2,37,1996,6,1
35.3,32.2,1996,6,1
36.3,14.1,1996,6,1
41.9,38.6,1996,6,1
42.2,38.3,1996,6,1
43.1,37.4,1996,6,2
43.9,37.3,1996,6,4
44.5,37.7,1996,6,1
44.8,34.7,1996,6,1
47.1,31.8,1996,6,1
64.3,35.6,1996,6,1
69.7,34.3,1996,6,1
70.1,33.5,1996,6,1
74.2,33.6,1996,6,1
74.4,34.2,1996,6,2
74.5,34,1996,6,1
74.5,34.3,1996,6,1
74.7,33.9,1996,6,1
75.3,33.5,1996,6,2
1.3,36.2,1996,5,1
1.8,35.6,1996,5,1
2.2,36.2,1996,5,1
3.7,36.8,1996,5,2
30.7,27.7,1996,5,1
31,29,1996,5,3
31.3,27.1,1996,5,3
31.4,26.9,1996,5,3
35.3,37,1996,5,2
35.4,33.2,1996,5,3
37,39.7,1996,5,1
37.9,38.7,1996,5,1
39.9,38.6,1996,5,1
41.1,37.9,1996,5,2
43.5,37.1,1996,5,3
44.8,43.4,1996,5,2
45.5,42.7,1996,5,1
45.8,43.3,1996,5,1
46.1,43.4,1996,5,2
46.4,43.1,1996,5,1
47.5,31,1996,5,1
62.5,31,1996,5,1
71,39,1996,5,1
74.9,32.5,1996,5,1
75.2,33.8,1996,5,2
80,18,1996,5,1
3.1,36.5,1996,4,1
3.2,35.9,1996,4,1
3.2,36.8,1996,4,2
3.3,36.6,1996,4,1
34.6,36.7,1996,4,1
35.5,33.9,1996,4,3
36.7,39.7,1996,4,1
39,39.6,1996,4,2
39.3,39.3,1996,4,2
39.9,38.7,1996,4,1
40.1,38.4,1996,4,2
40.3,39.3,1996,4,1
41.8,37.3,1996,4,3
41.9,37.3,1996,4,1
42.5,38.5,1996,4,4
43.1,37.6,1996,4,2
43.2,39.7,1996,4,3
43.3,37.4,1996,4,2
43.5,37.3,1996,4,3
43.9,36.7,1996,4,2
44.4,33.3,1996,4,3
44.4,38.3,1996,4,1
45.5,35.7,1996,4,1
47.2,30.3,1996,4,1
69.2,35.1,1996,4,1
69.3,38.7,1996,4,1
74.7,32.8,1996,4,2
74.9,33.8,1996,4,2
75.7,33.3,1996,4,2
78.2,18.5,1996,4,1
-16.4,12.5,1996,3,1
2.8,36.6,1996,3,1
2.8,36.7,1996,3,1
3.3,36.7,1996,3,1
4.2,36.8,1996,3,1
4.3,36.8,1996,3,1
8.7,17.7,1996,3,1
12.5,13.7,1996,3,1
30.7,28.4,1996,3,3
30.8,27.6,1996,3,1
35,32.3,1996,3,1
35.3,32.5,1996,3,2
35.5,33.3,1996,3,2
36.2,36.8,1996,3,3
36.2,37.1,1996,3,2
36.5,38,1996,3,2
39.6,39,1996,3,2
40.1,38.3,1996,3,1
40.2,38.1,1996,3,1
40.4,38.2,1996,3,1
40.5,39.4,1996,3,1
42.4,37.7,1996,3,1
43,37.4,1996,3,3
43.3,39,1996,3,1
43.4,40.4,1996,3,2
44.3,37.1,1996,3,2
44.4,39.6,1996,3,1
45.1,34.9,1996,3,1
45.5,43.1,1996,3,1
46.3,36.2,1996,3,1
46.3,43.4,1996,3,1
46.3,43.5,1996,3,1
47.8,30.5,1996,3,2
68.9,34.5,1996,3,2
69.4,38.9,1996,3,2
70.6,34.7,1996,3,1
73.9,34.6,1996,3,1
74.5,33,1996,3,1
78.9,18.6,1996,3,2
79.4,18.9,1996,3,1
1.6,34.9,1996,2,1
2.9,36.1,1996,2,1
3.6,36.6,1996,2,1
3.8,36.5,1996,2,1
21.2,42.9,1996,2,1
28.8,41.2,1996,2,1
30.7,27.8,1996,2,1
30.7,28.7,1996,2,1
31.8,26.5,1996,2,2
32.5,30,1996,2,1
34.4,31.5,1996,2,1
34.8,31.5,1996,2,1
35.4,33.7,1996,2,1
37.2,38.1,1996,2,2
37.3,39.8,1996,2,1
37.4,38.7,1996,2,1
37.6,15.1,1996,2,1
37.8,39.9,1996,2,2
38.7,38.8,1996,2,1
38.8,39.1,1996,2,2
39.4,39.2,1996,2,2
39.7,39,1996,2,2
40,39,1996,2,1
40.1,38.6,1996,2,2
41.1,39,1996,2,1
41.5,37.7,1996,2,2
41.7,37.9,1996,2,2
42,37.4,1996,2,2
42,38.1,1996,2,1
42,38.5,1996,2,2
42,45,1996,2,1
42.3,37.5,1996,2,1
42.6,37.9,1996,2,2
42.7,37.5,1996,2,1
43.1,37.3,1996,2,1
44.2,37.9,1996,2,1
45.2,43.2,1996,2,1
45.5,39.3,1996,2,1
45.6,39.4,1996,2,1
45.8,42.5,1996,2,1
46,31,1996,2,2
46,43.3,1996,2,1
46.1,42.9,1996,2,1
46.3,31.1,1996,2,1
46.3,31.4,1996,2,1
47,32,1996,2,2
62,30.3,1996,2,1
69.2,34,1996,2,2
69.5,36.7,1996,2,1
69.7,34.6,1996,2,1
71.2,39.2,1996,2,1
71.6,37.5,1996,2,1
73.8,34.5,1996,2,1
74.2,33.1,1996,2,1
74.8,33.7,1996,2,1
76.7,33.9,1996,2,3
78.4,19.2,1996,2,1
78.6,18.3,1996,2,1
-6,54.5,1996,1,1
-4.8,37.9,1996,1,1
-3.7,40.4,1996,1,1
-2,43.3,1996,1,1
-1.8,43.3,1996,1,1
-0.1,51.5,1996,1,1
3.1,36.6,1996,1,1
3.7,36.9,1996,1,1
6.6,36.4,1996,1,1
30.7,27.9,1996,1,1
30.8,28.1,1996,1,1
31.1,29.1,1996,1,1
31.3,27,1996,1,1
31.4,27,1996,1,1
34.5,31.5,1996,1,1
35.2,33.2,1996,1,1
35.7,33.6,1996,1,1
35.8,37,1996,1,1
35.8,37.5,1996,1,1
36,33.9,1996,1,1
36.1,36.5,1996,1,1
36.6,37.2,1996,1,1
36.7,37.2,1996,1,1
37.4,39.9,1996,1,1
37.7,37.7,1996,1,1
37.8,37,1996,1,1
38.1,39.4,1996,1,1
38.1,39.9,1996,1,1
38.2,37.8,1996,1,1
38.2,38.2,1996,1,1
38.4,40.1,1996,1,1
38.9,39.1,1996,1,1
38.9,39.2,1996,1,1
39.3,38.9,1996,1,1
39.6,39.8,1996,1,1
39.7,39.1,1996,1,1
39.8,39.3,1996,1,1
40.4,38.4,1996,1,1
40.4,38.7,1996,1,1
40.5,39,1996,1,1
40.5,39.2,1996,1,1
40.6,37.2,1996,1,1
40.6,38.7,1996,1,1
40.7,37.6,1996,1,1
40.7,38.1,1996,1,1
40.7,38.4,1996,1,1
40.8,37.4,1996,1,1
40.8,38.5,1996,1,1
40.8,39.4,1996,1,1
40.9,37.5,1996,1,1
40.9,37.7,1996,1,1
41,38.1,1996,1,1
41,39.3,1996,1,1
41.1,37.1,1996,1,1
41.1,37.4,1996,1,1
41.2,38.8,1996,1,1
41.3,38.3,1996,1,1
41.3,38.8,1996,1,1
41.4,37.2,1996,1,1
41.4,37.4,1996,1,1
41.4,37.6,1996,1,1
41.5,38.2,1996,1,1
41.5,40,1996,1,1
41.7,38.7,1996,1,1
41.8,37.9,1996,1,1
41.9,37.5,1996,1,1
41.9,38.2,1996,1,1
42,37.3,1996,1,1
42,38.3,1996,1,1
42,38.6,1996,1,1
42,40.6,1996,1,1
42.1,37.4,1996,1,1
42.1,37.5,1996,1,1
42.1,39.7,1996,1,1
42.2,37.5,1996,1,1
42.2,37.8,1996,1,1
42.4,37.5,1996,1,1
42.7,38.8,1996,1,1
42.9,37.8,1996,1,1
42.9,40.6,1996,1,1
43.1,38.3,1996,1,1
43.1,40.8,1996,1,1
43.6,34.5,1996,1,1
43.6,37.7,1996,1,1
43.9,39.2,1996,1,1
44,37.1,1996,1,1
44,39.9,1996,1,1
44.1,37.4,1996,1,1
44.2,37.3,1996,1,1
44.2,38.3,1996,1,1
44.3,37.7,1996,1,1
44.3,38.1,1996,1,1
44.5,32.4,1996,1,1
45.4,43.1,1996,1,1
45.9,40.3,1996,1,1
46.1,43,1996,1,1
46.7,32.5,1996,1,1
61.8,30.4,1996,1,1
62.1,33.3,1996,1,1
62.2,34.3,1996,1,1
63.2,34.8,1996,1,1
68.7,34.4,1996,1,1
69.4,38.5,1996,1,1
74.8,32.8,1996,1,1
74.8,34,1996,1,1
75.7,33,1996,1,1
77.2,28.6,1996,1,1
78.5,18.5,1996,1,1
2.3,48.9,1996,0,1
6.8,36.8,1996,0,1
20.9,42.9,1996,0,1
21,42.4,1996,0,1
30,27,1996,0,1
30.9,27.8,1996,0,1
35.3,32.4,1996,0,1
41.7,37.5,1996,0,1
45,34,1996,0,1
46.2,43.1,1996,0,1
65.8,36.7,1997,2280,2
67.1,36.7,1997,1236,6
42.6,36.2,1997,1190,44
68.4,34.9,1997,362,9
34.4,11.8,1997,327,2
34,12,1997,326,5
42.6,37.4,1997,311,37
42.3,37.9,1997,235,23
34.7,11.4,1997,212,1
69.2,35.1,1997,201,10
40.8,39.1,1997,194,22
63.8,35,1997,183,5
69.6,35,1997,180,6
44.1,37.5,1997,178,23
39.5,39.1,1997,174,21
68.7,35.9,1997,165,4
74.8,34.2,1997,151,17
34.3,10.8,1997,150,1
42.5,37.9,1997,126,9
3,36.6,1997,119,6
-16.2,12.5,1997,117,5
42.3,37.4,1997,116,1
43.2,37,1997,109,2
1.6,34.9,1997,105,3
3.1,36.8,1997,104,26
1.6,35.9,1997,100,1
69.3,36.6,1997,100,8
71.1,35,1997,100,1
40.5,38,1997,99,18
67.2,36.7,1997,93,3
4.2,36.8,1997,89,3
-16.6,12.4,1997,88,3
3.1,36.6,1997,86,3
69.1,34.7,1997,83,7
69.2,34.5,1997,82,7
76.7,33.9,1997,73,8
43.7,38.4,1997,72,8
-16.3,12.5,1997,67,2
40.9,37.4,1997,67,14
67.7,36.7,1997,65,3
36,16,1997,63,1
70.2,34.8,1997,63,2
69.3,34.9,1997,62,6
0.9,35.8,1997,61,2
2.7,36.3,1997,60,1
2.7,36.6,1997,60,1
67.4,36.8,1997,60,4
74.8,34.1,1997,59,18
40.3,39.3,1997,57,7
68.9,34.7,1997,53,2
42.4,38.3,1997,52,11
41.4,38.1,1997,51,9
64.3,35.6,1997,51,2
43.1,38,1997,50,5
63.1,35,1997,50,3
64.8,35.9,1997,50,1
68.9,35,1997,50,4
-0.6,35.2,1997,49,2
68.9,36.7,1997,47,4
42.2,37.7,1997,45,10
68.8,36.2,1997,45,1
-1.3,34.9,1997,44,3
3,28,1997,44,5
3.7,36.8,1997,41,2
43.2,37.6,1997,41,6
68.8,35,1997,41,8
1.5,35.7,1997,40,1
14.5,13.5,1997,39,1
43.6,37.3,1997,38,8
69.5,36.7,1997,38,2
69,37.8,1997,36,1
69.1,35.1,1997,36,1
44.5,37.3,1997,35,1
30.8,12,1997,33,2
3,36.1,1997,32,3
68.1,38.6,1997,32,1
71.4,35,1997,32,3
2.9,36.4,1997,30,1
69.5,35,1997,30,1
78.5,17.4,1997,30,2
63.5,35.5,1997,29,3
8.5,18,1997,28,1
45.1,41.3,1997,28,1
7.9,15.6,1997,27,1
74.3,33.6,1997,27,4
35.5,33.2,1997,26,20
40.7,38.5,1997,26,6
0,34.9,1997,25,1
3.7,36.1,1997,25,1
-16.5,12.4,1997,24,1
36,20,1997,24,2
36.6,15.4,1997,24,2
41.8,37.3,1997,24,3
44.6,37.3,1997,24,8
67.7,34.4,1997,24,1
68,36.3,1997,24,1
68.9,34.4,1997,24,1
69.1,34,1997,24,1
74.6,34,1997,24,3
2.8,36.6,1997,23,1
3.7,34.3,1997,23,1
35.5,33.4,1997,23,10
70.4,34.3,1997,23,2
74.2,34.4,1997,23,6
74.7,32.6,1997,22,3
3.2,36.6,1997,21,2
69.3,35.2,1997,21,3
35.8,13.5,1997,20,2
39.5,38.5,1997,20,1
41,38.5,1997,20,4
67.2,36.8,1997,20,1
71.3,35,1997,20,1
74.2,34.5,1997,20,3
3,36.8,1997,19,4
70.7,34.3,1997,19,1
76,34.5,1997,19,2
-0.6,35.7,1997,18,2
41.3,37.4,1997,18,2
44.3,37.6,1997,18,8
69,34.8,1997,18,2
70.8,34.6,1997,18,1
79.8,15.8,1997,18,3
1.6,36.4,1997,17,1
38.5,39.3,1997,17,3
40.2,37.9,1997,16,4
42.2,37.5,1997,16,1
68.5,36.1,1997,16,1
68.6,34.5,1997,16,2
69.2,35.3,1997,16,1
69.3,36.4,1997,16,1
74.7,33.9,1997,16,4
2.9,36.6,1997,15,1
42.8,37.8,1997,15,1
43.7,39.5,1997,15,2
43.9,37.8,1997,15,1
69.3,35.1,1997,15,4
70,35,1997,15,3
71.1,34.9,1997,15,1
2.2,36.2,1997,14,2
35.3,33.4,1997,14,1
68.6,34.8,1997,14,2
74.4,34.7,1997,14,2
75.2,33.7,1997,14,3
3.6,36.6,1997,13,3
39.2,39.4,1997,13,4
41,38.1,1997,13,3
74.4,34.2,1997,13,3
39.8,38.3,1997,12,2
66.6,36.5,1997,12,1
66.9,36.8,1997,12,1
74.4,33.2,1997,12,1
74.6,34.2,1997,12,3
0.3,34.7,1997,11,1
40.9,37.6,1997,11,3
43.1,12.2,1997,11,1
43.1,38.3,1997,11,2
67.7,36,1997,11,1
74.1,33.8,1997,11,2
29.7,11,1997,10,1
30.8,28.1,1997,10,2
42.5,37.2,1997,10,4
44.8,36.4,1997,10,3
45.5,34.1,1997,10,3
65.7,31.6,1997,10,1
67.1,36.9,1997,10,1
68.8,34.7,1997,10,1
69.1,38.6,1997,10,3
74.2,34.3,1997,10,4
2.8,36.5,1997,9,2
3.3,36.6,1997,9,3
32.6,25.7,1997,9,1
36.4,15.5,1997,9,1
41.9,37.9,1997,9,4
45.7,43.3,1997,9,1
67.4,34.4,1997,9,1
69.2,34.6,1997,9,3
70.7,34.7,1997,9,1
73.9,34.3,1997,9,3
73.9,34.6,1997,9,3
74.2,33.2,1997,9,2
75.1,33.4,1997,9,3
2.4,36.6,1997,8,1
2.7,35.9,1997,8,1
3.2,36.8,1997,8,3
5.5,36.7,1997,8,2
6.6,36.4,1997,8,1
30.8,27.9,1997,8,3
40.6,38.8,1997,8,4
42.5,38.5,1997,8,7
46.2,33.1,1997,8,2
68.5,34.4,1997,8,1
68.6,38.4,1997,8,1
69.8,34.9,1997,8,1
75.6,33.1,1997,8,3
3.4,36.7,1997,7,2
12.6,13.3,1997,7,1
22,13.2,1997,7,1
30.7,28.4,1997,7,3
30.8,27.8,1997,7,2
39.9,39.5,1997,7,4
40.4,38.4,1997,7,3
40.5,39.4,1997,7,1
43.1,40.5,1997,7,1
44.6,36.9,1997,7,1
69.9,34.5,1997,7,1
-16.4,12.4,1997,6,2
-0.5,34.8,1997,6,1
3.5,36.8,1997,6,2
36.6,40.4,1997,6,1
38,15.9,1997,6,2
38.1,39.4,1997,6,2
38.9,39.1,1997,6,1
39.5,39,1997,6,1
41.4,37.6,1997,6,2
42.5,37.6,1997,6,1
43.7,37.6,1997,6,2
44.8,36.5,1997,6,2
45.1,36.3,1997,6,1
68.2,38.6,1997,6,2
68.7,36.7,1997,6,2
74.3,34.4,1997,6,2
75.2,33.8,1997,6,3
78.9,17.1,1997,6,2
-16.6,12.5,1997,5,1
-2.9,43.3,1997,5,4
4.5,32.8,1997,5,1
13.6,21.9,1997,5,1
31,27.3,1997,5,1
35.8,33.7,1997,5,1
36,15.1,1997,5,1
37.4,39.5,1997,5,2
39.9,36.9,1997,5,1
40.3,39.5,1997,5,1
41.7,39,1997,5,3
41.8,37.6,1997,5,5
41.9,38.4,1997,5,2
42,37.5,1997,5,4
43.2,39.7,1997,5,4
43.9,37.7,1997,5,1
44,38.1,1997,5,3
69.2,35.2,1997,5,1
73.9,34.1,1997,5,2
74.3,33.8,1997,5,1
74.4,34.5,1997,5,1
74.5,34.4,1997,5,1
79.1,21.1,1997,5,1
-1.4,34.7,1997,4,1
1.2,36.2,1997,4,1
3.1,36.7,1997,4,2
3.3,36.7,1997,4,1
3.9,36.2,1997,4,1
3.9,36.4,1997,4,2
31.4,26.9,1997,4,1
32.2,26.1,1997,4,1
35.4,33.3,1997,4,3
35.5,33.5,1997,4,2
37.3,40.4,1997,4,1
39.5,39.2,1997,4,2
39.8,39.2,1997,4,3
40.1,38.4,1997,4,4
40.1,38.6,1997,4,3
40.5,38.9,1997,4,2
40.5,39.2,1997,4,3
42.1,38.3,1997,4,2
43,37.4,1997,4,1
43.4,38.5,1997,4,1
44,39.9,1997,4,1
44.5,36.5,1997,4,1
47.3,32.7,1997,4,1
64.8,36.2,1997,4,2
67.4,37.2,1997,4,1
68.7,36.1,1997,4,1
68.8,38.6,1997,4,1
69,34.7,1997,4,1
73.9,33.9,1997,4,1
74.5,34.3,1997,4,2
74.8,33.7,1997,4,1
74.9,34,1997,4,2
75.3,33.8,1997,4,1
75.9,33.1,1997,4,1
-16.5,12.8,1997,3,1
5.5,36.2,1997,3,1
20.3,42.5,1997,3,1
21,42.8,1997,3,1
31,29,1997,3,1
34,10.2,1997,3,1
37.8,40.5,1997,3,2
39.5,39.4,1997,3,3
39.7,39.1,1997,3,2
39.9,38.7,1997,3,2
41.4,38.3,1997,3,3
42,38.6,1997,3,2
42.1,38.4,1997,3,1
42.3,38.5,1997,3,2
42.5,37.5,1997,3,1
42.6,37.9,1997,3,3
43.1,40.2,1997,3,2
44.1,38.4,1997,3,1
51.6,32.6,1997,3,1
53.1,36.6,1997,3,1
60.9,29.5,1997,3,1
62.5,32.5,1997,3,1
63.2,35.5,1997,3,1
67,24.9,1997,3,1
68.5,34.9,1997,3,1
68.8,36.8,1997,3,2
69.2,35,1997,3,2
69.4,35.1,1997,3,1
69.7,34.8,1997,3,2
74.1,34.5,1997,3,1
74.2,33.6,1997,3,1
74.7,34.2,1997,3,1
74.7,34.3,1997,3,1
74.9,33.8,1997,3,2
75.1,32.5,1997,3,2
75.6,35.3,1997,3,1
-16.6,13.1,1997,2,1
-16.1,12.6,1997,2,1
-15.5,12.8,1997,2,1
-6.3,54.5,1997,2,1
-3.7,40.4,1997,2,2
-1.4,35.3,1997,2,1
1.9,35.5,1997,2,1
29,41,1997,2,1
30.7,28.2,1997,2,1
30.8,27.7,1997,2,1
34.3,10.6,1997,2,1
35,39,1997,2,2
35.4,33.2,1997,2,2
35.6,33.5,1997,2,2
35.7,33.5,1997,2,1
36.2,37.2,1997,2,1
36.7,17.2,1997,2,1
36.8,18.8,1997,2,1
37.5,41,1997,2,1
37.9,38.1,1997,2,2
38.2,37.8,1997,2,1
39.2,39.1,1997,2,2
39.4,39.2,1997,2,2
39.6,39,1997,2,1
39.9,39.1,1997,2,1
40,38.5,1997,2,1
40,39,1997,2,2
40.1,39.2,1997,2,2
40.4,39.8,1997,2,2
40.9,37.5,1997,2,1
41,39.3,1997,2,1
41.3,37.9,1997,2,1
41.4,39.1,1997,2,2
42.1,37.4,1997,2,1
42.8,38.1,1997,2,2
43.4,39,1997,2,2
44.1,37.4,1997,2,2
46.4,33.6,1997,2,1
47.6,44,1997,2,1
48.7,31.3,1997,2,1
68,34.2,1997,2,1
69.1,36.7,1997,2,1
74,34.3,1997,2,1
74.5,32.5,1997,2,2
74.7,34,1997,2,2
75.1,33.9,1997,2,2
75.5,33.2,1997,2,1
78.7,17,1997,2,1
79.4,17.7,1997,2,1
-16.6,12.6,1997,1,1
-16.3,12.6,1997,1,1
-16,12.8,1997,1,1
-6.4,54.2,1997,1,1
-3.6,37.1,1997,1,1
-3.1,43.4,1997,1,1
-2.9,43.2,1997,1,1
-2.5,43.2,1997,1,1
-1.8,43.3,1997,1,1
2.4,36.1,1997,1,1
5.3,14.9,1997,1,1
6.2,36.8,1997,1,1
10.2,19.8,1997,1,1
20.5,42.6,1997,1,1
27.4,37,1997,1,1
30.7,28.7,1997,1,1
30.8,27.6,1997,1,2
30.8,28.7,1997,1,1
31,30.8,1997,1,1
31.3,30.1,1997,1,1
32.3,37.4,1997,1,1
32.5,39.6,1997,1,1
35.1,33.1,1997,1,1
35.2,32,1997,1,1
35.3,33.2,1997,1,1
35.4,33.1,1997,1,1
35.5,33.1,1997,1,1
35.5,33.3,1997,1,1
35.5,33.7,1997,1,1
35.9,40.7,1997,1,1
36.1,33.9,1997,1,1
36.2,36.8,1997,1,1
36.2,37,1997,1,1
36.3,40.4,1997,1,1
36.4,37.6,1997,1,1
36.7,37,1997,1,1
37,40.6,1997,1,1
37.2,38.2,1997,1,1
38.1,39.9,1997,1,1
38.8,39.3,1997,1,1
39,15,1997,1,4
39,38.1,1997,1,1
39.2,36.8,1997,1,1
39.3,38.9,1997,1,1
39.3,39.1,1997,1,1
39.6,39.8,1997,1,1
39.7,39.7,1997,1,1
40.2,38.1,1997,1,1
40.2,38.5,1997,1,1
40.3,39.6,1997,1,1
40.5,38.3,1997,1,1
40.6,37.4,1997,1,1
40.6,37.5,1997,1,1
40.6,39.2,1997,1,1
40.7,38.4,1997,1,1
40.7,38.7,1997,1,1
40.8,38.1,1997,1,1
41,39.6,1997,1,1
41.1,37.4,1997,1,1
41.1,37.9,1997,1,1
41.2,37.1,1997,1,1
41.4,37.4,1997,1,1
41.4,37.9,1997,1,1
41.5,37.7,1997,1,1
41.8,38.3,1997,1,1
41.8,38.7,1997,1,1
41.9,37.3,1997,1,1
41.9,37.6,1997,1,1
42,37.4,1997,1,1
42,38.1,1997,1,1
42.3,37.5,1997,1,1
42.3,37.8,1997,1,1
42.3,40.8,1997,1,1
42.4,39.9,1997,1,1
42.6,37.3,1997,1,1
42.6,40.8,1997,1,1
42.8,37.7,1997,1,1
42.8,38,1997,1,1
43.2,37.2,1997,1,1
43.8,37,1997,1,1
43.9,39.5,1997,1,1
44,38.7,1997,1,1
44.1,39.6,1997,1,1
44.3,37.2,1997,1,1
44.3,37.3,1997,1,1
44.3,39.9,1997,1,1
44.4,36.5,1997,1,1
44.4,39.9,1997,1,1
44.6,33.7,1997,1,1
45.6,34.5,1997,1,1
46.9,40,1997,1,1
47.1,34.3,1997,1,1
65.5,36.9,1997,1,1
68.4,38.2,1997,1,1
68.9,36.5,1997,1,1
70.8,34.5,1997,1,1
72,36.8,1997,1,1
73.8,34.3,1997,1,1
73.9,33.4,1997,1,1
74.1,34,1997,1,1
74.8,33.3,1997,1,1
75,33.7,1997,1,1
75.1,33.8,1997,1,1
75.2,33,1997,1,1
75.2,33.6,1997,1,1
75.8,33.1,1997,1,1
78.9,18.6,1997,1,1
0.2,34.7,1997,0,1
3.9,36.9,1997,0,1
13.3,13.7,1997,0,1
30.8,28,1997,0,1
34.4,31.4,1997,0,1
37.5,15.2,1997,0,1
44.4,33.3,1997,0,1
44.8,43.4,1997,0,1
45.9,40.3,1997,0,1
46.7,43.8,1997,0,1
68.5,34.8,1997,0,1
69,35.3,1997,0,1
69,35.8,1997,0,2
69.1,36,1997,0,1
69.5,34.8,1997,0,1
69.6,35.1,1997,0,1
70.8,34.1,1997,0,1
71,34.3,1997,0,1
67.1,36.7,1998,1400,1
21,42.6,1998,928,22
39,15,1998,782,1
67.8,34.8,1998,711,8
34.4,11.8,1998,652,4
34,12,1998,505,10
69.6,40.3,1998,391,6
69,35.8,1998,332,5
64.8,35.9,1998,311,5
69.5,36.7,1998,289,10
42.5,37.9,1998,282,14
-15.6,11.8,1998,266,8
68.8,36.8,1998,254,6
64.8,36.2,1998,245,8
68,36.3,1998,217,2
65.8,36.8,1998,205,2
42.6,37.4,1998,197,29
74.8,34.2,1998,187,24
43.2,37.6,1998,182,2
67,36.8,1998,174,2
69.4,37.1,1998,167,4
36,16,1998,165,7
-1.4,34.7,1998,162,11
67.7,36,1998,162,1
3,36.1,1998,154,7
69.3,36.6,1998,152,10
3.1,36.6,1998,141,8
69.2,34.5,1998,137,13
0.2,35.4,1998,131,6
33.5,10.7,1998,121,3
43.7,38.4,1998,117,8
68,34.2,1998,112,4
68.9,35,1998,112,6
69.8,36.7,1998,111,5
3.1,36.8,1998,108,24
33.9,10.2,1998,107,1
1.6,35.9,1998,106,3
36.1,13,1998,105,4
3.9,36.7,1998,103,3
-15.3,12.1,1998,101,1
-15.8,12.4,1998,100,1
39.6,14.5,1998,100,1
36.4,15.5,1998,96,10
2.9,36.4,1998,92,4
66.4,35.9,1998,90,2
-0.5,34.8,1998,86,10
0.3,34.7,1998,86,8
68.8,35,1998,85,6
41,38.5,1998,84,11
42.2,37.5,1998,82,5
44.1,37.5,1998,82,12
42.9,37.8,1998,81,1
3,36.6,1998,80,12
-14.8,13.1,1998,77,2
69,40,1998,77,1
69.8,37.1,1998,75,1
69.1,38.6,1998,74,4
40.8,39.1,1998,70,13
1.2,36.2,1998,68,12
3.9,36.2,1998,64,8
68.3,34.2,1998,60,1
4.2,36.8,1998,56,4
68.7,35.9,1998,55,3
-0.7,34.8,1998,53,1
32.7,10,1998,53,3
43.4,37.7,1998,53,1
69.6,35.1,1998,53,3
2.8,36.3,1998,51,8
-1.8,34.6,1998,50,1
30.2,11.4,1998,50,1
3.7,36.8,1998,49,5
4,36.5,1998,49,1
8.1,34.7,1998,49,1
37.8,14.4,1998,49,2
3,28,1998,48,10
40.6,38.8,1998,48,12
69,35.5,1998,48,3
-15.4,12.6,1998,47,1
-1.5,34.8,1998,47,2
39.5,13.5,1998,47,1
2.2,36.2,1998,46,3
-0.6,35.2,1998,45,6
4.1,36.9,1998,44,2
29.6,12.1,1998,44,1
37,16.8,1998,44,2
69.4,35.6,1998,44,1
20.7,42.4,1998,43,5
42.3,37.9,1998,43,5
74.2,34.4,1998,43,11
30.8,12,1998,42,3
3.9,36.4,1998,40,6
68.4,37,1998,40,2
69.4,36.8,1998,38,1
1.6,34.9,1998,37,2
3.9,36.8,1998,37,3
25,13,1998,37,1
40.5,38,1998,37,8
20.3,42.5,1998,36,16
-1.6,34.7,1998,35,1
20.5,42.2,1998,35,4
43.9,37.7,1998,35,1
68,33.2,1998,35,1
68.7,33.5,1998,35,1
39.5,39.1,1998,34,11
76.7,33.9,1998,34,6
20.9,42.6,1998,33,5
47.5,40.5,1998,33,1
68.8,39.2,1998,33,2
4,36.7,1998,32,9
74.3,32.9,1998,32,2
-15.6,12.5,1998,31,2
-16.3,13.1,1998,30,1
-0.2,35.2,1998,30,1
2.9,36.8,1998,30,4
41.4,38.1,1998,30,6
69,35.3,1998,30,1
69.2,34.6,1998,30,3
-7.3,54.6,1998,29,1
3,36.5,1998,29,5
20.1,42.5,1998,29,2
42.6,36.2,1998,29,11
44.3,37.6,1998,29,8
74.2,33.2,1998,29,8
2.4,36.6,1998,28,2
20.2,42.5,1998,27,6
40.4,38.4,1998,27,4
35.5,33.2,1998,26,19
66.2,35.8,1998,25,1
69.6,35,1998,25,1
-16.2,12.6,1998,24,1
3.6,36.6,1998,24,4
6,36.8,1998,24,5
41,38.6,1998,24,1
75.2,33.8,1998,24,5
75.6,33.1,1998,24,7
3.1,36.5,1998,23,1
43.6,37.3,1998,22,1
44.6,37.3,1998,22,10
68.9,37.2,1998,22,1
74.7,32.6,1998,22,7
1.1,35.9,1998,21,1
1.3,35.4,1998,21,2
3,36.8,1998,21,4
42.4,38.3,1998,21,3
64.3,35.6,1998,21,1
69.3,36.7,1998,21,2
69.7,34.8,1998,21,6
74.3,33.6,1998,21,4
-0.6,34.8,1998,20,3
3.7,36.7,1998,20,4
30,11,1998,20,1
43.2,37,1998,20,1
67.6,35.1,1998,20,1
68.7,36.1,1998,20,1
69.5,37.3,1998,20,1
-0.2,34.9,1998,19,1
64.8,36.1,1998,19,2
73.9,34.6,1998,19,8
-15,12,1998,18,2
3.4,36.6,1998,18,1
74.8,34.1,1998,18,9
1.1,35.6,1998,17,1
41,38.8,1998,17,2
41.4,38.3,1998,17,5
43.4,37.4,1998,17,1
74.1,33.8,1998,17,8
0.1,34.8,1998,16,3
0.3,29.6,1998,16,1
7.6,36.8,1998,16,3
69.2,36.8,1998,16,1
0.1,35,1998,15,1
3.3,36.6,1998,15,2
3.9,36.9,1998,15,5
36,20,1998,15,1
41.7,39,1998,15,3
-0.4,35.8,1998,14,1
39.8,39.2,1998,14,3
41.2,37.1,1998,14,6
65.3,35.7,1998,14,1
73.7,34.4,1998,14,3
74.9,33.8,1998,14,2
-16.2,13,1998,13,1
3.1,36.7,1998,13,5
3.2,36.8,1998,13,4
3.5,36.8,1998,13,4
40.9,37.4,1998,13,3
44.6,37.2,1998,13,1
74.4,34.2,1998,13,5
78.9,18.6,1998,13,2
79.9,18.2,1998,13,1
2.8,36.5,1998,12,4
4.5,35.7,1998,12,1
31,37,1998,12,2
42.5,11.5,1998,12,1
65,34,1998,12,1
70,35,1998,12,1
70.1,34.8,1998,12,1
74.1,34.3,1998,12,1
0.2,34.7,1998,11,2
0.3,35.5,1998,11,1
1.8,35.8,1998,11,1
41.5,38.2,1998,11,1
69.2,35,1998,11,2
70.3,36.6,1998,11,1
-16.2,12.5,1998,10,1
-15.7,11.9,1998,10,1
-15.6,11.9,1998,10,1
-1,34.9,1998,10,2
1.9,36.3,1998,10,1
3.5,35.9,1998,10,1
3.7,34.3,1998,10,1
4.2,35.2,1998,10,1
4.2,36.6,1998,10,1
21.7,42.9,1998,10,1
39.6,39,1998,10,5
41.9,37.3,1998,10,2
69.1,34.7,1998,10,4
69.3,36.4,1998,10,2
69.6,34.9,1998,10,1
69.7,40.2,1998,10,2
72,36.8,1998,10,1
6.6,36.4,1998,9,5
20.7,42.7,1998,9,3
35,11.5,1998,9,1
35.6,33.4,1998,9,4
40.5,39.4,1998,9,3
42.2,37.6,1998,9,1
42.2,37.7,1998,9,4
68.8,38.6,1998,9,3
74.1,34,1998,9,3
74.6,34.2,1998,9,3
74.7,34.2,1998,9,4
80,10,1998,9,2
0.6,35.1,1998,8,1
2.2,36.3,1998,8,1
3.2,36.7,1998,8,1
3.7,36.1,1998,8,2
4.3,35.3,1998,8,2
7.3,36.8,1998,8,1
8.1,35.4,1998,8,2
20.6,42.2,1998,8,4
20.8,42.6,1998,8,5
36.2,36.5,1998,8,1
36.6,40.7,1998,8,1
40.2,39.3,1998,8,1
43.1,37.9,1998,8,2
69.2,34.8,1998,8,6
69.9,36.6,1998,8,1
73.9,34.1,1998,8,3
74.3,33.7,1998,8,2
2.6,36.4,1998,7,1
2.7,36.5,1998,7,1
5.9,35.4,1998,7,1
20.3,42.7,1998,7,2
20.4,42.5,1998,7,2
36.1,33.9,1998,7,1
39.2,39.1,1998,7,4
41,38.1,1998,7,2
42.8,38.1,1998,7,3
44.6,37.6,1998,7,1
68.7,37.1,1998,7,1
69.1,36,1998,7,2
74.5,33.4,1998,7,2
77.4,14.6,1998,7,1
78.8,17.9,1998,7,1
79.9,17.9,1998,7,1
-3.1,30.2,1998,6,1
-0.2,35.5,1998,6,1
0.6,35.7,1998,6,1
3.4,36.7,1998,6,1
3.7,36.3,1998,6,1
20.9,42.8,1998,6,3
30.7,28,1998,6,1
37,40.6,1998,6,1
37.8,14.7,1998,6,1
38.3,39.7,1998,6,2
39.4,14.5,1998,6,2
39.5,14.3,1998,6,2
40.1,39.2,1998,6,2
41.2,38.3,1998,6,1
43.5,37.6,1998,6,1
44.2,37.3,1998,6,1
44.3,37.3,1998,6,1
46.1,33.3,1998,6,1
64.5,35.8,1998,6,2
68.2,38.5,1998,6,1
68.4,34.9,1998,6,1
69.4,34.5,1998,6,3
74.1,34.5,1998,6,2
74.2,34.1,1998,6,1
74.3,33.3,1998,6,2
74.3,34.4,1998,6,1
74.7,34.4,1998,6,2
75.2,33.7,1998,6,1
75.3,33.5,1998,6,1
75.9,33.1,1998,6,2
76,34.5,1998,6,5
79.8,15.8,1998,6,2
-14.9,12.9,1998,5,2
-0.1,35.3,1998,5,1
1.3,36.2,1998,5,1
1.6,36.2,1998,5,1
2.7,36.7,1998,5,1
4.3,36.8,1998,5,2
4.8,36.3,1998,5,1
5.5,36.2,1998,5,1
5.5,36.7,1998,5,1
5.8,36.6,1998,5,2
30.8,27.7,1998,5,1
30.8,27.8,1998,5,1
38.5,39.3,1998,5,1
39.9,39.5,1998,5,3
40.1,38.4,1998,5,3
43.6,37.2,1998,5,1
44.3,37.4,1998,5,2
46.7,43.8,1998,5,1
64.3,35.7,1998,5,1
67,24.9,1998,5,2
67.9,34.3,1998,5,1
68.5,34.4,1998,5,1
69.2,37,1998,5,2
74.3,34.5,1998,5,2
75.3,34,1998,5,1
77.3,35.1,1998,5,5
78.8,18.5,1998,5,1
2.9,36.5,1998,4,1
3.8,36.5,1998,4,2
5.6,36.8,1998,4,2
6.1,31.7,1998,4,1
6.2,35.6,1998,4,2
7.1,35.8,1998,4,2
21,42.3,1998,4,3
30.7,28.4,1998,4,2
30.8,28.5,1998,4,1
36.9,40.4,1998,4,1
38.9,15.3,1998,4,1
40.5,37.7,1998,4,1
40.7,38.5,1998,4,3
41.4,37.4,1998,4,3
42.9,11.1,1998,4,1
43.1,38,1998,4,2
43.2,39.7,1998,4,3
51.4,35.7,1998,4,2
68.6,34.5,1998,4,1
69.3,34.9,1998,4,2
74,34.1,1998,4,1
74.7,33.9,1998,4,3
75,33.6,1998,4,3
75.1,33.4,1998,4,2
75.3,33.9,1998,4,1
75.7,33,1998,4,1
75.8,33.1,1998,4,2
-15.5,12.8,1998,3,2
-1.7,34.8,1998,3,2
-1.3,34.9,1998,3,2
-1,35.4,1998,3,1
-0.5,35.7,1998,3,1
0.4,34.9,1998,3,1
0.5,35.5,1998,3,1
1.9,34.2,1998,3,1
2,36.3,1998,3,1
2.4,36.4,1998,3,1
2.7,35.9,1998,3,1
2.9,36.6,1998,3,1
3.3,36.8,1998,3,1
3.7,32.5,1998,3,1
3.8,36.2,1998,3,1
4.2,35.3,1998,3,1
6.4,36.6,1998,3,1
6.8,36.8,1998,3,1
20.2,42.4,1998,3,1
20.3,42.6,1998,3,3
20.6,42.7,1998,3,1
20.7,42.5,1998,3,4
20.8,42.4,1998,3,4
21,42.4,1998,3,2
21,42.5,1998,3,2
29.1,37.8,1998,3,1
35.5,33.4,1998,3,2
36.6,40.4,1998,3,3
39,37.2,1998,3,2
39.2,39.4,1998,3,1
39.5,39,1998,3,1
39.6,39.8,1998,3,2
42.5,37.2,1998,3,2
64.9,35.3,1998,3,1
65.8,36.7,1998,3,1
68.1,36.2,1998,3,1
69.2,35.1,1998,3,1
69.8,34.9,1998,3,1
71.1,34.1,1998,3,1
74.2,34.3,1998,3,2
75.2,33,1998,3,1
75.4,33.5,1998,3,1
78.9,17.6,1998,3,1
-16.3,12.6,1998,2,1
-6,37.4,1998,2,1
-0.6,35.7,1998,2,1
1.1,35,1998,2,1
2.4,36.5,1998,2,1
3.6,36.7,1998,2,1
3.7,36.5,1998,2,1
4.1,36.8,1998,2,1
5.6,36.5,1998,2,1
6.7,36.3,1998,2,2
6.8,36.7,1998,2,1
7.4,35.8,1998,2,1
7.7,35.7,1998,2,1
7.8,36.9,1998,2,1
20.1,42.6,1998,2,1
20.3,42.4,1998,2,4
20.7,42.6,1998,2,4
20.9,42.4,1998,2,2
20.9,42.9,1998,2,1
21.1,42.7,1998,2,2
21.2,42.7,1998,2,4
29,41,1998,2,1
31.4,27,1998,2,1
34.3,31.4,1998,2,1
35.1,31.5,1998,2,1
35.4,33.1,1998,2,2
35.5,33.5,1998,2,2
35.7,33.4,1998,2,1
36.2,36.8,1998,2,2
36.4,15.6,1998,2,1
37.3,37,1998,2,1
37.5,40.8,1998,2,1
38.2,18.2,1998,2,1
38.2,37.8,1998,2,1
39.2,39.2,1998,2,1
39.8,39,1998,2,1
40.1,38.6,1998,2,1
40.3,39.3,1998,2,1
40.4,38.7,1998,2,1
40.5,37.5,1998,2,2
40.9,38.8,1998,2,1
41.5,37.8,1998,2,2
41.5,40,1998,2,2
41.7,37.9,1998,2,1
42.3,38.5,1998,2,1
42.9,37.4,1998,2,1
43.6,38.7,1998,2,1
44,37.6,1998,2,1
44.1,37.9,1998,2,1
47.5,43,1998,2,1
48.7,31.3,1998,2,1
67.3,36.9,1998,2,1
67.5,34.7,1998,2,1
69,34.8,1998,2,2
73.9,34.3,1998,2,1
74.2,34.5,1998,2,1
74.5,34.3,1998,2,1
74.6,33.1,1998,2,1
74.6,34.1,1998,2,1
74.8,32.7,1998,2,2
74.8,33.3,1998,2,1
74.8,34.4,1998,2,1
74.8,34.6,1998,2,1
74.9,32.6,1998,2,2
75,33.9,1998,2,1
75.2,33.6,1998,2,1
75.4,33.2,1998,2,2
75.5,33.1,1998,2,1
76.1,34.6,1998,2,1
78.4,19.1,1998,2,1
-2.7,42.9,1998,1,1
-2.7,43.3,1998,1,1
-2.2,43.3,1998,1,1
-1.9,43.3,1998,1,1
-1.6,34.6,1998,1,1
-1.6,42.8,1998,1,1
-1.4,35,1998,1,1
-1.4,35.1,1998,1,1
-0.6,32.8,1998,1,1
1.3,35.9,1998,1,1
1.7,36.5,1998,1,1
2.1,34.1,1998,1,1
3,35.1,1998,1,1
3.3,36.7,1998,1,2
4,35.1,1998,1,1
4.2,36.5,1998,1,1
5.1,35.7,1998,1,1
5.9,35.5,1998,1,1
6.3,36.5,1998,1,1
6.9,36.9,1998,1,2
20.4,42.4,1998,1,4
20.4,42.6,1998,1,1
20.5,42.5,1998,1,4
20.5,42.6,1998,1,3
20.6,42.6,1998,1,2
20.7,42.2,1998,1,4
20.9,43,1998,1,1
21,43,1998,1,1
21.2,42.8,1998,1,1
21.2,42.9,1998,1,2
30.7,28.3,1998,1,1
34.3,31.3,1998,1,1
34.7,40.5,1998,1,1
35.2,33.3,1998,1,1
35.4,33.2,1998,1,1
36.1,40.4,1998,1,1
36.2,34,1998,1,1
36.6,15.7,1998,1,1
37.4,38,1998,1,1
37.8,40.6,1998,1,1
38.9,39.1,1998,1,1
39.4,39.1,1998,1,1
39.4,40.4,1998,1,1
40.3,40.5,1998,1,1
40.5,38.2,1998,1,1
40.5,38.7,1998,1,1
41,39.3,1998,1,1
41.1,38.3,1998,1,1
41.4,37.6,1998,1,1
41.5,39.2,1998,1,1
42.3,37.6,1998,1,1
42.4,41.2,1998,1,1
42.5,37.5,1998,1,1
42.6,37.9,1998,1,1
42.7,37.5,1998,1,1
42.7,38.1,1998,1,1
42.8,38.3,1998,1,1
43.1,37.3,1998,1,1
43.1,40.5,1998,1,1
43.2,39.1,1998,1,1
43.4,37.5,1998,1,1
43.4,38.3,1998,1,1
43.4,39.6,1998,1,1
44,38.1,1998,1,1
44,39.9,1998,1,1
44.1,39.6,1998,1,1
44.5,33.8,1998,1,1
46.9,40,1998,1,1
48.3,30.3,1998,1,1
65,33,1998,1,1
68.4,25.4,1998,1,1
68.4,35.6,1998,1,1
68.4,36.9,1998,1,1
69,37.3,1998,1,1
69.2,34.9,1998,1,1
73.8,34.4,1998,1,1
73.8,34.5,1998,1,1
74.2,33.7,1998,1,1
74.3,33.8,1998,1,1
74.3,34.2,1998,1,1
74.3,34.3,1998,1,1
74.4,33.6,1998,1,1
74.5,34,1998,1,1
74.7,34.6,1998,1,1
74.7,34.7,1998,1,1
75.3,32.4,1998,1,1
75.5,33.3,1998,1,1
76.2,34.2,1998,1,1
76.2,34.6,1998,1,1
78.1,18.5,1998,1,1
78.7,18.6,1998,1,1
78.9,17.1,1998,1,1
-14.7,12.2,1998,0,1
-14.2,12.4,1998,0,1
0.2,35.5,1998,0,1
20.4,42.7,1998,0,1
20.5,42.3,1998,0,1
20.8,42.5,1998,0,2
20.8,42.8,1998,0,1
20.9,42.7,1998,0,1
21,42.8,1998,0,1
21.1,42.5,1998,0,2
21.1,42.6,1998,0,1
21.2,42.3,1998,0,1
21.3,42.2,1998,0,1
21.7,43.4,1998,0,1
30.7,27.7,1998,0,1
34.3,10.6,1998,0,1
44.4,33.3,1998,0,1
46.6,40,1998,0,1
47,39.4,1998,0,1
63.8,35,1998,0,1
74.6,32.6,1998,0,1
75.3,33.7,1998,0,1
39.4,14.5,1999,30012,2
37.8,14.7,1999,15142,4
45.7,43.3,1999,4615,22
39.3,14.4,1999,2012,2
47.6,42.8,1999,873,11
65,33,1999,669,3
21,44,1999,649,3
69.8,36.7,1999,597,7
34,12,1999,372,5
68.8,36.8,1999,359,6
74.8,34.2,1999,331,21
67.4,35.9,1999,284,23
42.6,36.2,1999,262,4
22,14.5,1999,237,2
33.5,10.7,1999,231,3
69.3,34.9,1999,216,3
-15.6,11.8,1999,199,3
75.6,34.5,1999,191,17
67.7,36,1999,189,5
76.2,34.2,1999,161,1
66.4,35.9,1999,153,7
69.2,35,1999,147,5
32.7,10,1999,140,1
30,15,1999,133,1
68,36.3,1999,128,2
68.9,37.1,1999,128,4
67,36.8,1999,127,6
16.5,20.5,1999,126,1
69.6,35.1,1999,122,3
39.5,39.1,1999,120,22
69.5,36.7,1999,118,6
36,16,1999,117,5
76.6,34.7,1999,117,15
69.2,35.1,1999,116,2
45.9,43.3,1999,104,1
69.3,35.1,1999,100,1
36.4,15.5,1999,90,7
75.7,34.5,1999,88,10
20.8,42.3,1999,87,1
67.8,34.8,1999,87,4
75.8,34.5,1999,84,13
44.3,37.6,1999,83,10
20.4,42.4,1999,82,12
69.2,37,1999,78,3
75.5,34.5,1999,78,5
3.9,36.2,1999,73,8
3.9,36.7,1999,72,5
36.6,16.6,1999,70,2
76.7,33.9,1999,68,12
66.5,35.9,1999,66,3
69.2,35.3,1999,63,1
69.2,34.5,1999,62,6
76.5,34.7,1999,62,2
47.3,42.6,1999,60,1
3,36.6,1999,58,3
76.4,34.7,1999,57,11
69.4,37,1999,56,3
42.6,37.4,1999,55,15
46.2,42.7,1999,54,2
43.7,38.4,1999,52,11
64.7,36,1999,50,2
33.5,12.5,1999,49,1
5.9,35.5,1999,48,3
21.3,42.2,1999,48,4
2.2,36.2,1999,47,3
40.5,38,1999,43,13
42.3,37.4,1999,42,2
21.2,42.8,1999,41,8
45.4,43.2,1999,40,1
65.7,31.6,1999,40,1
3.6,36.6,1999,39,5
40.1,39.2,1999,39,1
74.8,34.1,1999,39,14
3.9,36.4,1999,38,5
68.6,37.2,1999,38,2
32.5,15.6,1999,37,1
69.1,36.7,1999,35,1
76.9,34.7,1999,35,2
22.2,42.7,1999,34,2
44.6,37.3,1999,34,5
44.1,37.5,1999,33,8
69.6,35,1999,32,6
74.2,33.2,1999,31,12
21.9,43.3,1999,30,7
41.4,38.1,1999,30,8
66.5,36.1,1999,30,1
67.3,36.1,1999,30,2
68.7,35.6,1999,30,1
20.6,42.3,1999,29,6
46,43,1999,29,1
66.8,35.9,1999,29,4
74.4,34.2,1999,29,12
19,18,1999,28,1
1.6,34.9,1999,27,4
46,43.1,1999,27,1
67.3,36,1999,26,1
20.5,44.8,1999,25,4
35.5,33.2,1999,25,12
39,15,1999,25,1
41.4,38.3,1999,24,2
42.5,37.9,1999,24,8
74.1,33.8,1999,24,7
75.2,33.8,1999,24,10
20.5,42.8,1999,23,2
41,37.4,1999,23,2
42.4,38.3,1999,23,5
-16.3,12.6,1999,22,3
40.9,37.4,1999,22,8
68.9,35,1999,22,3
2.4,36.6,1999,21,4
6,36.8,1999,21,5
42.2,37.5,1999,21,3
74.2,34.4,1999,21,12
74.3,34.4,1999,21,4
20.1,42.4,1999,20,6
22.1,42.9,1999,20,1
30.8,12,1999,20,2
36,20,1999,20,1
40.6,38.8,1999,20,4
44,37.5,1999,20,1
44,38.1,1999,20,3
44.8,43.4,1999,20,1
64.3,35,1999,20,1
65.3,36.1,1999,20,1
70,35,1999,20,1
70.4,34.3,1999,20,1
71,34.2,1999,20,1
71.1,35,1999,20,1
1.3,36.2,1999,19,3
3.7,36.8,1999,19,7
40.8,39.1,1999,19,6
43.2,37.6,1999,19,5
66.3,34.6,1999,19,1
69.7,35.4,1999,19,3
0.7,34.9,1999,18,1
20.7,42.2,1999,18,6
69.2,41.3,1999,18,3
74.5,34.3,1999,18,3
78.6,17.9,1999,18,2
3.5,36.8,1999,17,4
4.1,36.9,1999,17,1
20.3,42.8,1999,17,2
41.2,37.1,1999,17,3
69.5,34.8,1999,17,1
75.3,33.5,1999,17,4
1.2,36.2,1999,16,6
1.3,36.1,1999,16,1
3.8,36.5,1999,16,1
3.9,36.9,1999,16,8
20.2,42.5,1999,16,8
21,42.4,1999,16,7
21.2,42.7,1999,16,8
40.7,38.5,1999,16,4
74.1,33.5,1999,16,2
74.9,34,1999,16,3
1.3,35.4,1999,15,1
35,14,1999,15,1
42.5,37.5,1999,15,3
45.9,43.5,1999,15,1
69.5,35.3,1999,14,1
-0,35.2,1999,13,1
1.7,36.3,1999,13,1
21.7,43.5,1999,13,2
45.8,39.5,1999,13,1
64.8,35.7,1999,13,1
68.8,40.3,1999,13,1
6.2,35.2,1999,12,1
6.2,35.6,1999,12,3
21,42.6,1999,12,26
40.1,38.4,1999,12,1
41,39.6,1999,12,1
63.7,33.6,1999,12,1
63.8,33.2,1999,12,1
64.6,34.1,1999,12,1
65,34,1999,12,1
0.6,35.7,1999,11,2
20.5,43.1,1999,11,1
41.7,39,1999,11,4
42.9,37.4,1999,11,2
64.4,33.5,1999,11,1
71,40.3,1999,11,1
75.6,33.1,1999,11,6
-1.3,34.9,1999,10,2
2.4,35.9,1999,10,1
3.6,36.7,1999,10,1
20.9,42.4,1999,10,4
29.9,11.3,1999,10,1
42.3,37.9,1999,10,3
42.4,38.2,1999,10,1
43.4,38.3,1999,10,2
64.8,36.2,1999,10,2
66.3,35.4,1999,10,1
69.5,37,1999,10,1
70.1,41.1,1999,10,1
75.2,33.7,1999,10,2
78.9,18.6,1999,10,4
0.1,35.4,1999,9,2
2.8,36.3,1999,9,3
2.9,35.5,1999,9,1
3,36.5,1999,9,1
3.1,36.8,1999,9,4
20.4,42.5,1999,9,5
21.4,43.7,1999,9,1
36.6,40.4,1999,9,5
43.7,37.6,1999,9,2
60.8,32,1999,9,1
64.4,39.5,1999,9,1
74.1,34.5,1999,9,2
74.3,33.2,1999,9,1
-1.4,34.7,1999,8,3
0.2,35.4,1999,8,3
0.9,35.8,1999,8,2
2,36.3,1999,8,2
2.7,36.2,1999,8,1
3.7,36.7,1999,8,1
5.6,36.8,1999,8,2
21.1,42.4,1999,8,4
21.7,42.3,1999,8,1
38.8,14.6,1999,8,1
40.4,38.4,1999,8,1
43,12,1999,8,2
43.1,38,1999,8,2
43.4,37.7,1999,8,1
64.8,35.6,1999,8,1
65.3,35.7,1999,8,1
66.7,35.8,1999,8,1
74.3,33.6,1999,8,2
74.3,33.8,1999,8,2
75.9,33.1,1999,8,2
0.6,35.8,1999,7,1
1.2,35.3,1999,7,1
3.6,34.7,1999,7,1
4.2,36.4,1999,7,1
7,35,1999,7,1
20.9,42.8,1999,7,11
38.8,14.8,1999,7,1
39.1,14.8,1999,7,1
39.6,38.3,1999,7,1
40.5,38.9,1999,7,3
41.6,39.6,1999,7,1
42.2,37.7,1999,7,1
42.5,12,1999,7,1
47.8,30.5,1999,7,1
74.5,33.3,1999,7,1
74.9,33.8,1999,7,3
75.2,33,1999,7,4
-0.5,34.8,1999,6,2
-0.1,35.4,1999,6,2
2.8,36.5,1999,6,1
2.8,36.6,1999,6,3
2.9,36.6,1999,6,2
4,36.5,1999,6,2
6,34.7,1999,6,1
19.9,42.7,1999,6,1
20.9,42.6,1999,6,4
21.3,42.9,1999,6,2
21.4,42.4,1999,6,2
35.6,33.4,1999,6,2
41.3,37.4,1999,6,1
63.9,33.1,1999,6,1
69.2,34.8,1999,6,2
73.9,34.2,1999,6,1
74.2,33.1,1999,6,2
74.5,33.4,1999,6,1
74.7,34.4,1999,6,3
74.8,32.8,1999,6,2
75.2,33.6,1999,6,2
75.5,33.1,1999,6,2
78.3,18.3,1999,6,1
2.6,36.5,1999,5,1
3,36.1,1999,5,3
3.3,36.6,1999,5,1
3.7,34.3,1999,5,1
4,36.7,1999,5,3
5.8,36.8,1999,5,2
7.8,35,1999,5,1
20.3,43.9,1999,5,3
20.9,42.9,1999,5,9
21.5,42.5,1999,5,1
41.4,37.6,1999,5,1
41.8,37.6,1999,5,1
42,45,1999,5,2
63.9,33,1999,5,1
67.2,36.4,1999,5,1
67.4,36.1,1999,5,1
74.4,34.4,1999,5,2
74.8,33.8,1999,5,1
75.1,33.4,1999,5,4
75.2,33.9,1999,5,1
78,34,1999,5,1
78.3,19.3,1999,5,2
-0.2,35.2,1999,4,1
1.9,36.5,1999,4,1
2.7,33.6,1999,4,1
3.5,34.2,1999,4,1
3.7,36.3,1999,4,3
3.9,36.6,1999,4,1
4.2,36.8,1999,4,3
4.3,36.4,1999,4,1
4.3,36.5,1999,4,1
6.9,36.9,1999,4,2
8.1,35.4,1999,4,1
20.3,42.5,1999,4,7
20.3,42.7,1999,4,2
20.6,42.2,1999,4,2
20.6,42.5,1999,4,1
21.1,42.5,1999,4,2
21.9,42.5,1999,4,3
31.2,30,1999,4,1
36.2,36.6,1999,4,1
36.2,37.2,1999,4,1
37.8,40.5,1999,4,1
39.2,39.1,1999,4,2
39.3,38.9,1999,4,1
39.6,39.8,1999,4,1
40.2,37.9,1999,4,1
41.9,37.3,1999,4,1
42.5,11.5,1999,4,1
42.7,37.6,1999,4,1
43.6,37.2,1999,4,1
43.6,37.3,1999,4,1
45.7,43,1999,4,1
66.9,35,1999,4,1
66.9,36.6,1999,4,1
67.4,36,1999,4,1
67.5,36,1999,4,1
69.4,34.5,1999,4,1
74.1,33,1999,4,2
74.1,34.3,1999,4,2
74.2,34.5,1999,4,3
74.6,34.1,1999,4,2
74.7,34.3,1999,4,1
74.9,33.9,1999,4,1
75.1,33.6,1999,4,2
75.4,33,1999,4,1
76.3,34.7,1999,4,1
76.5,34.6,1999,4,1
78.6,17.6,1999,4,1
79.6,19.5,1999,4,1
79.7,18.5,1999,4,1
-0.6,34.8,1999,3,1
0.7,35.5,1999,3,1
1,36,1999,3,1
1.1,35.8,1999,3,1
2.1,36,1999,3,1
2.7,36.5,1999,3,1
3.3,36.4,1999,3,1
3.7,35.1,1999,3,1
5.4,36.2,1999,3,1
7.8,36.9,1999,3,1
16.7,20.3,1999,3,1
19.6,43.7,1999,3,1
20.4,42.6,1999,3,2
20.6,44.6,1999,3,1
20.7,44.8,1999,3,1
20.8,42.2,1999,3,2
20.9,42.1,1999,3,1
21.2,42.2,1999,3,2
21.9,42.6,1999,3,3
27.5,38.2,1999,3,1
33.4,40.7,1999,3,1
34.8,11.5,1999,3,1
35.5,33.3,1999,3,2
35.5,33.5,1999,3,3
36.9,40.4,1999,3,2
39.6,39,1999,3,1
39.9,38.7,1999,3,1
40.1,39.1,1999,3,1
40.4,38.6,1999,3,1
40.5,37.5,1999,3,1
41,38.5,1999,3,1
41.5,38.2,1999,3,2
41.9,37.5,1999,3,1
42.1,38.4,1999,3,1
42.9,11.8,1999,3,1
43.2,39.7,1999,3,2
43.4,39,1999,3,2
46.3,35.7,1999,3,1
48.4,32.4,1999,3,1
64.9,36.3,1999,3,1
67,34.7,1999,3,1
67,35.7,1999,3,1
67.1,35.7,1999,3,1
67.7,35.2,1999,3,1
69.1,34.8,1999,3,1
69.1,35,1999,3,1
70.5,34.4,1999,3,1
71.7,39.5,1999,3,1
74,33.8,1999,3,2
74.1,34,1999,3,2
74.3,33,1999,3,1
74.3,33.5,1999,3,1
74.3,34.5,1999,3,2
74.4,33.3,1999,3,1
74.4,34.5,1999,3,2
74.4,34.9,1999,3,1
74.5,34.1,1999,3,1
74.6,33.4,1999,3,1
75,32.5,1999,3,1
75.1,33.9,1999,3,2
75.3,33.8,1999,3,1
76,34.5,1999,3,2
76.6,34.8,1999,3,1
78.1,18,1999,3,1
78.5,17.4,1999,3,1
78.6,18.5,1999,3,1
79.8,19.9,1999,3,1
-0.5,35.7,1999,2,1
0.9,36.4,1999,2,1
1.2,36.1,1999,2,2
1.3,36.5,1999,2,2
1.4,36.4,1999,2,1
1.8,35.6,1999,2,1
3,28,1999,2,1
3,35.1,1999,2,1
3,36.8,1999,2,1
3.1,36.7,1999,2,1
3.3,34.7,1999,2,1
3.4,36.5,1999,2,1
3.5,36.7,1999,2,1
3.8,36.7,1999,2,2
4,36.8,1999,2,1
4.1,36.4,1999,2,1
5.8,36.6,1999,2,1
8.2,35.2,1999,2,1
20.2,42.4,1999,2,2
20.4,42.8,1999,2,2
20.4,44.8,1999,2,2
20.5,42.4,1999,2,1
20.8,42.5,1999,2,7
21,43.6,1999,2,1
21.2,42.3,1999,2,3
21.2,43,1999,2,4
21.4,42.3,1999,2,1
21.8,43,1999,2,1
21.8,43.4,1999,2,1
21.9,43,1999,2,1
22.1,42.7,1999,2,1
29,41,1999,2,2
35,31.5,1999,2,1
35.2,33.3,1999,2,1
35.4,37,1999,2,1
36.1,40.4,1999,2,2
36.6,40.7,1999,2,1
37,40.6,1999,2,1
38.9,14.2,1999,2,1
39.2,38.7,1999,2,2
39.5,38.5,1999,2,1
39.5,39.2,1999,2,1
40.4,38.9,1999,2,1
40.7,39,1999,2,2
41,39.3,1999,2,1
41.9,37.9,1999,2,1
42.2,37.6,1999,2,1
42.7,12,1999,2,2
42.7,37.5,1999,2,1
42.8,37.1,1999,2,2
43.2,37.7,1999,2,1
43.4,38.5,1999,2,2
43.7,37.2,1999,2,1
43.7,39.5,1999,2,1
45.9,40.3,1999,2,2
46.4,43.2,1999,2,1
46.5,43.1,1999,2,1
46.5,43.2,1999,2,1
48.7,31.3,1999,2,1
62.9,34.1,1999,2,1
64.8,35.9,1999,2,1
66.6,35.5,1999,2,2
68.7,36.1,1999,2,1
69,35.8,1999,2,1
69.2,34.6,1999,2,2
71.2,39.2,1999,2,1
74.2,34.3,1999,2,1
74.3,33.9,1999,2,1
74.3,34.6,1999,2,1
74.7,32.6,1999,2,1
74.7,33.9,1999,2,1
74.8,34.3,1999,2,1
75,34.6,1999,2,1
75.1,32.5,1999,2,1
77.3,35.1,1999,2,1
78.5,18.8,1999,2,1
78.7,17.8,1999,2,2
79.2,18.2,1999,2,1
79.3,19.2,1999,2,1
-16.2,12.6,1999,1,1
-1.6,34.5,1999,1,1
-0.2,35.5,1999,1,1
0.2,34.9,1999,1,1
0.3,34.7,1999,1,1
1.8,35.8,1999,1,1
3.2,36.6,1999,1,1
4,36.4,1999,1,1
4.1,36.7,1999,1,1
5.5,36.2,1999,1,1
5.5,36.5,1999,1,1
6.2,36.8,1999,1,1
6.7,36.3,1999,1,1
7.6,37,1999,1,1
19.1,42.5,1999,1,1
19.1,45.8,1999,1,1
19.3,42.4,1999,1,1
19.6,45,1999,1,1
19.7,46.1,1999,1,1
19.8,45.3,1999,1,2
19.9,44.3,1999,1,1
20,44.3,1999,1,1
20.2,44.6,1999,1,1
20.3,42.9,1999,1,1
20.3,44.7,1999,1,1
20.3,44.9,1999,1,1
20.4,42.7,1999,1,5
20.5,44.6,1999,1,1
20.7,42.4,1999,1,2
20.8,42.6,1999,1,2
20.8,42.7,1999,1,2
20.8,42.8,1999,1,3
20.9,42.2,1999,1,2
20.9,42.7,1999,1,3
21,42.7,1999,1,1
21,42.8,1999,1,3
21.2,42.9,1999,1,7
21.3,42.1,1999,1,2
21.3,42.8,1999,1,3
21.3,43.1,1999,1,2
21.4,42.5,1999,1,1
21.4,42.8,1999,1,1
21.4,43.9,1999,1,1
21.6,42.8,1999,1,1
21.7,42.9,1999,1,1
21.8,43.2,1999,1,1
22.1,44.1,1999,1,1
35.1,33.1,1999,1,1
35.4,33.2,1999,1,1
35.5,33.4,1999,1,1
35.6,33.3,1999,1,1
35.7,37.4,1999,1,1
36.2,36.4,1999,1,1
36.2,36.7,1999,1,1
36.9,37.6,1999,1,1
37.4,39.5,1999,1,1
37.8,14.9,1999,1,1
37.8,40.3,1999,1,1
39.2,39.4,1999,1,1
39.5,15.6,1999,1,1
40.2,39.1,1999,1,1
40.6,37.2,1999,1,1
40.6,38.9,1999,1,1
40.7,37.3,1999,1,1
41.1,37.9,1999,1,1
41.1,39,1999,1,1
41.5,40,1999,1,1
41.7,37.5,1999,1,1
42.8,41.1,1999,1,1
42.9,37.2,1999,1,1
43.1,12.2,1999,1,1
43.1,40.2,1999,1,1
43.6,38.6,1999,1,1
45.2,43.1,1999,1,1
45.7,43.4,1999,1,1
45.8,32.5,1999,1,1
46.9,40,1999,1,1
46.9,40.3,1999,1,1
47.1,31.8,1999,1,1
47.1,40.2,1999,1,1
51.4,35.7,1999,1,1
57.8,30,1999,1,1
66.2,35.8,1999,1,2
66.4,35.7,1999,1,1
67,36.2,1999,1,1
68.3,37.5,1999,1,1
69.3,36.6,1999,1,1
70.8,39.2,1999,1,1
73.8,34.4,1999,1,1
73.9,34.6,1999,1,1
74,34.6,1999,1,1
74.4,33.1,1999,1,1
74.5,32.8,1999,1,1
74.5,33.1,1999,1,1
74.6,34.2,1999,1,1
74.7,34.2,1999,1,1
74.9,32.5,1999,1,1
74.9,33.4,1999,1,1
74.9,33.7,1999,1,1
75.3,34,1999,1,1
75.6,34.4,1999,1,1
75.7,33.6,1999,1,1
75.7,34.4,1999,1,1
76.2,33.4,1999,1,1
78.5,12.9,1999,1,1
78.5,23.5,1999,1,1
78.7,18.5,1999,1,1
79.9,17.9,1999,1,1
17,21.4,1999,0,1
17.3,21.2,1999,0,1
17.4,21.8,1999,0,1
17.5,21.5,1999,0,1
18.1,20.9,1999,0,1
20.2,42.8,1999,0,1
20.3,42.2,1999,0,1
20.5,42.2,1999,0,1
20.5,42.5,1999,0,1
20.5,42.7,1999,0,1
20.6,42.1,1999,0,1
20.6,42.7,1999,0,1
20.7,42.3,1999,0,1
20.7,42.5,1999,0,6
20.7,42.7,1999,0,1
20.7,42.8,1999,0,1
20.8,42.4,1999,0,1
20.9,42.5,1999,0,1
20.9,43,1999,0,3
21,42.5,1999,0,1
21,43,1999,0,3
21.1,42.8,1999,0,1
21.1,42.9,1999,0,3
21.1,43,1999,0,2
21.1,43.1,1999,0,1
30.8,27.3,1999,0,1
35.4,33.6,1999,0,1
37.5,16.5,1999,0,1
44.4,33.3,1999,0,1
79.5,36.1,1999,0,1
39.4,14.5,2000,48207,2
69.5,36.7,2000,1819,26
45.7,43.3,2000,1613,75
39.4,14.8,2000,1000,1
36.4,15.5,2000,719,4
36.7,15.1,2000,706,2
34,12,2000,597,5
45.6,43.1,2000,442,2
32.7,10,2000,439,3
65,33,2000,405,1
68.9,34.7,2000,363,1
69.2,34.9,2000,360,1
65,34,2000,325,1
18.3,21.7,2000,283,2
17,21.4,2000,240,1
17.7,22.7,2000,217,2
33.9,10.2,2000,202,2
76.7,33.9,2000,194,20
18.1,20.9,2000,187,1
46,43.1,2000,180,5
36.6,16.6,2000,170,3
45.9,43.3,2000,135,7
74.8,34.1,2000,124,53
67.9,38.9,2000,114,3
74.3,33.6,2000,114,43
66.4,35.9,2000,105,4
46.1,43,2000,103,2
67.4,35.9,2000,100,11
74.2,34.4,2000,100,54
69.3,37.1,2000,91,2
70.2,39.6,2000,90,5
69.5,35,2000,89,2
0.9,35.8,2000,87,3
37.8,14.7,2000,80,1
69.2,35.3,2000,79,3
68.1,36,2000,78,9
69.1,36,2000,75,3
74.1,33.8,2000,74,35
67.3,36,2000,72,8
67.5,38,2000,72,4
69.2,36.2,2000,69,2
74.2,33.2,2000,68,34
74.4,34.2,2000,66,47
69.9,36.6,2000,65,6
17.5,21.5,2000,62,1
69,35.3,2000,60,1
69.2,35.1,2000,60,2
46.4,43.1,2000,59,6
67.8,38.7,2000,55,2
42.6,36.2,2000,53,1
74.7,34.4,2000,53,19
74.7,32.6,2000,51,16
46.3,43.3,2000,50,1
69.3,34.9,2000,50,2
68.9,37.1,2000,49,5
69.1,35,2000,46,1
70,38.9,2000,46,2
-0.5,34.8,2000,45,2
75.6,33.1,2000,44,21
69.5,34.8,2000,43,2
70.6,34.7,2000,43,4
74,34.4,2000,42,16
74.7,34.2,2000,41,17
74.8,33.3,2000,41,14
68.4,35.3,2000,40,1
75.2,33.8,2000,39,23
46.2,43.2,2000,38,5
74.6,34.2,2000,38,18
6,36.8,2000,37,5
74.2,33.8,2000,37,12
70.3,39.7,2000,36,3
75.1,33.4,2000,36,14
75.2,33.7,2000,36,17
45.5,43.1,2000,35,5
71,39.8,2000,35,5
74.2,33.7,2000,35,10
2.2,36.2,2000,34,4
74.3,33.9,2000,34,7
74.4,34.5,2000,33,13
74.6,33.4,2000,33,13
69.3,36.4,2000,32,4
75.2,33.6,2000,32,14
46.2,42.9,2000,31,2
65.3,35.7,2000,31,3
45.5,43.2,2000,30,1
67.1,35.4,2000,30,1
69.1,34,2000,30,1
74.8,34.2,2000,30,16
3.7,36.8,2000,29,9
3.9,36.4,2000,29,6
69,35.5,2000,29,2
70,41.7,2000,29,4
-1.8,34.6,2000,28,2
44.8,43.4,2000,28,3
69.4,35.6,2000,28,2
74.1,34,2000,28,8
2.8,36.5,2000,27,1
45.7,43,2000,27,1
69.6,36.4,2000,27,2
74.3,33.8,2000,27,10
75.2,33,2000,27,12
1.2,36.2,2000,26,4
45.9,43.1,2000,26,1
67.9,38.8,2000,26,2
69.5,37,2000,26,2
74.6,34,2000,26,7
74.9,33.8,2000,26,12
40.8,39.1,2000,25,4
45.5,42.9,2000,25,1
67.2,36,2000,25,2
69,35.4,2000,25,2
69.1,36.1,2000,25,1
73.7,34.4,2000,25,6
4.1,36.9,2000,24,6
42.6,37.4,2000,24,4
68.9,36.1,2000,24,1
69.2,34.5,2000,24,1
74.3,33.4,2000,24,9
74.4,33.1,2000,24,5
74.4,33.5,2000,24,9
1.2,32.5,2000,23,1
3.1,36.8,2000,22,3
3.9,36.9,2000,22,10
4,36.7,2000,22,7
39.2,39.4,2000,22,4
3.5,36.8,2000,21,6
64.2,31.9,2000,21,1
68.8,35,2000,21,3
75.3,33.5,2000,21,9
36,16,2000,20,4
46.1,43.2,2000,20,1
67.7,36,2000,20,5
69.1,36.7,2000,20,3
74.2,34.5,2000,20,8
73.9,34.6,2000,19,11
74.2,34.3,2000,19,8
74.6,33.9,2000,19,4
74.6,34.1,2000,19,8
-14,13.6,2000,18,1
2.7,35.9,2000,18,1
3.7,34.3,2000,18,3
66.7,35.8,2000,18,1
35.2,31.7,2000,17,9
46.1,43.4,2000,17,2
69.3,36.7,2000,17,1
73.8,34.4,2000,17,9
75.1,33.9,2000,17,5
65.3,34.5,2000,16,2
3,28,2000,15,4
30.8,12,2000,15,1
46.3,43.1,2000,15,1
68.1,36.2,2000,15,4
69.2,35,2000,15,1
74.9,32.5,2000,15,6
75,33.6,2000,15,7
3.6,36.6,2000,14,7
30.5,11.9,2000,14,1
35.2,31.9,2000,14,7
44.6,37.3,2000,14,2
69.7,36.7,2000,14,3
74.4,34.1,2000,14,6
74.5,33,2000,14,5
74.5,33.3,2000,14,6
4.2,36.8,2000,13,6
69.2,37,2000,13,2
74,34.3,2000,13,3
74.1,33.2,2000,13,6
74.1,34.5,2000,13,8
74.3,33.2,2000,13,5
74.3,34.3,2000,13,6
74.5,34.4,2000,13,3
-1.4,34.7,2000,12,2
1.8,35.8,2000,12,3
7.1,36.7,2000,12,1
46.1,33.6,2000,12,1
67.1,35.6,2000,12,2
74.1,33.6,2000,12,4
74.2,33.1,2000,12,5
74.7,34.7,2000,12,2
75.1,32.5,2000,12,5
79.9,17.9,2000,12,1
1.6,34.9,2000,11,3
4.3,36.8,2000,11,2
6.3,35.3,2000,11,1
6.3,36.8,2000,11,2
67,34.7,2000,11,1
68.9,35.6,2000,11,1
71.1,35,2000,11,2
74.3,34.5,2000,11,4
74.4,34.4,2000,11,4
74.5,32.8,2000,11,5
74.5,33.5,2000,11,6
75.1,33.8,2000,11,7
0.3,29.6,2000,10,1
8.1,35.4,2000,10,3
35,32.3,2000,10,5
35.6,33.4,2000,10,4
45.9,43,2000,10,1
46.1,42.9,2000,10,1
66.5,36.1,2000,10,1
67.7,36.3,2000,10,1
69.4,37,2000,10,1
74.4,33.2,2000,10,6
74.7,32.9,2000,10,7
75.1,33.7,2000,10,5
75.5,33.2,2000,10,3
0.2,35.4,2000,9,3
35.3,32.2,2000,9,6
44.1,37.5,2000,9,2
62,34.5,2000,9,1
71.6,41.3,2000,9,1
73.9,34.1,2000,9,1
74.6,34.4,2000,9,4
74.7,33.9,2000,9,8
74.8,32.8,2000,9,5
74.8,34.6,2000,9,5
75.3,32.4,2000,9,5
75.7,33.3,2000,9,4
1.7,36.2,2000,8,1
3,36.6,2000,8,1
6.3,37,2000,8,1
34.3,31.3,2000,8,3
42.2,37.5,2000,8,1
47.3,32.7,2000,8,2
47.5,40.5,2000,8,1
63.7,34,2000,8,1
64.4,33.5,2000,8,1
66.5,35.9,2000,8,1
69.4,36.8,2000,8,1
69.5,35.4,2000,8,1
74.4,33.4,2000,8,2
74.4,34.7,2000,8,3
74.5,34.2,2000,8,6
74.5,34.3,2000,8,5
75.2,33.9,2000,8,2
75.3,32.6,2000,8,3
75.3,33,2000,8,1
75.3,34,2000,8,5
75.5,33.5,2000,8,2
75.8,33.5,2000,8,1
75.9,33.1,2000,8,3
-1.3,34.9,2000,7,1
-0.6,35.7,2000,7,2
0.8,35.7,2000,7,1
1.3,35.4,2000,7,2
3.2,36.2,2000,7,1
3.5,36.6,2000,7,2
5.8,36.8,2000,7,2
6.1,33.3,2000,7,1
8.2,36.8,2000,7,1
35,32.2,2000,7,3
40.1,38.4,2000,7,1
46.4,33.6,2000,7,4
47.6,42.8,2000,7,2
63.8,33.2,2000,7,1
67,36.8,2000,7,2
74.1,34.4,2000,7,5
74.2,33.6,2000,7,2
74.2,34,2000,7,1
74.3,33.5,2000,7,4
74.4,33.6,2000,7,4
74.6,32.6,2000,7,2
74.7,34.1,2000,7,4
74.8,34,2000,7,3
74.9,34.3,2000,7,2
75,33.3,2000,7,4
78.8,18.6,2000,7,1
79.8,18.5,2000,7,1
-16.3,12.6,2000,6,2
-0.1,35.4,2000,6,2
1.6,35.9,2000,6,1
2.4,35.9,2000,6,1
3.9,36.8,2000,6,4
35.3,32.5,2000,6,2
36.7,14.7,2000,6,1
39.6,39.2,2000,6,1
40.7,39.4,2000,6,1
43.7,37.6,2000,6,1
65.1,34.7,2000,6,1
67.8,35.6,2000,6,1
73.9,34.4,2000,6,2
74.2,34.1,2000,6,2
74.4,33.9,2000,6,3
74.4,34.3,2000,6,1
74.5,33.4,2000,6,3
74.8,33.8,2000,6,3
75.2,34.1,2000,6,1
79.1,17.2,2000,6,1
-16,12.9,2000,5,1
-3.7,40.4,2000,5,2
-0.6,35.2,2000,5,2
0.2,34.7,2000,5,1
0.9,36.4,2000,5,3
2.2,36.3,2000,5,2
3.9,36.2,2000,5,3
6.5,35.6,2000,5,1
6.7,36.1,2000,5,1
6.8,36.8,2000,5,2
35.5,33.2,2000,5,2
39.2,39.1,2000,5,1
39.5,39.1,2000,5,3
41.5,40,2000,5,1
73.9,34.2,2000,5,1
74.1,33.5,2000,5,3
74.1,33.7,2000,5,3
74.3,34.6,2000,5,3
74.5,33.1,2000,5,3
74.8,34.4,2000,5,2
74.9,33.9,2000,5,2
75.1,33.6,2000,5,1
75.2,33.5,2000,5,2
75.7,33,2000,5,3
78.6,18.5,2000,5,1
-16.2,12.5,2000,4,2
0,35.2,2000,4,1
0.9,36,2000,4,1
2.1,36.3,2000,4,1
3.4,36.6,2000,4,1
5.4,36.2,2000,4,1
5.8,35.3,2000,4,1
6.2,35.2,2000,4,1
6.5,37.1,2000,4,1
8.1,34.7,2000,4,1
34.4,31.4,2000,4,2
34.4,31.5,2000,4,1
36,33.8,2000,4,1
64.9,35.3,2000,4,1
68,36.2,2000,4,1
73.9,34.3,2000,4,3
74.1,34.2,2000,4,1
74.3,34.2,2000,4,3
74.4,33.3,2000,4,2
74.4,34,2000,4,3
74.6,33.3,2000,4,3
74.6,34.3,2000,4,2
74.7,33.3,2000,4,2
74.7,34.3,2000,4,3
74.8,33.1,2000,4,1
74.8,33.9,2000,4,3
74.8,34.3,2000,4,3
74.9,34,2000,4,3
75,33.7,2000,4,2
75.8,33.1,2000,4,2
78.9,18.6,2000,4,3
-16.4,12.5,2000,3,2
-16.2,12.6,2000,3,2
-2.7,42.9,2000,3,2
-0.2,35.2,2000,3,1
0.1,35.4,2000,3,1
1.1,36.1,2000,3,1
1.2,35.2,2000,3,1
1.3,36.5,2000,3,1
1.9,36.1,2000,3,1
2.4,36.6,2000,3,1
2.9,36.1,2000,3,1
3,36.1,2000,3,2
3.2,36.7,2000,3,1
3.7,36.7,2000,3,3
4.1,35.2,2000,3,1
5.5,36.2,2000,3,1
8,35.7,2000,3,1
21.6,42,2000,3,1
29,41,2000,3,2
29.7,11,2000,3,1
34.2,31.3,2000,3,2
35.2,32.2,2000,3,1
35.2,33.2,2000,3,1
35.3,32.3,2000,3,1
35.5,31.9,2000,3,2
40.5,38,2000,3,1
45.8,43.2,2000,3,1
46.3,35.7,2000,3,3
46.3,43.5,2000,3,2
63.3,34.4,2000,3,1
67.5,36.2,2000,3,1
68,36.3,2000,3,1
69,36.5,2000,3,1
69.3,35,2000,3,1
69.9,36.5,2000,3,1
69.9,36.8,2000,3,1
71,34.8,2000,3,1
74,33.4,2000,3,1
74.1,34.3,2000,3,3
74.2,33.3,2000,3,1
74.3,33.3,2000,3,3
74.3,33.7,2000,3,2
74.3,34,2000,3,1
74.3,34.4,2000,3,2
74.5,33.6,2000,3,1
74.5,33.9,2000,3,1
74.5,34.1,2000,3,3
74.7,33.2,2000,3,1
74.7,33.4,2000,3,2
74.7,34,2000,3,3
74.9,33.3,2000,3,2
75,33.8,2000,3,2
75,33.9,2000,3,3
75.1,34,2000,3,1
75.2,32.4,2000,3,2
75.2,33.2,2000,3,2
75.2,33.3,2000,3,1
75.7,33.5,2000,3,2
75.8,34.4,2000,3,1
78.5,17.4,2000,3,2
78.5,19.4,2000,3,1
78.7,17.4,2000,3,1
78.7,18.4,2000,3,1
-15.3,12.7,2000,2,1
-14.9,12.8,2000,2,1
-0.5,35,2000,2,1
-0.3,42.8,2000,2,1
-0.1,35.3,2000,2,1
0.1,35,2000,2,1
1.3,35.9,2000,2,1
2,35.9,2000,2,1
2.2,41.4,2000,2,2
2.3,36.5,2000,2,1
3,36.3,2000,2,1
3.3,34.7,2000,2,1
3.6,36.7,2000,2,1
3.7,34.9,2000,2,1
5.7,34.9,2000,2,1
6.2,35.6,2000,2,1
6.2,36.8,2000,2,1
6.6,36.8,2000,2,1
7.7,36.5,2000,2,1
8.1,35.5,2000,2,1
30,11,2000,2,2
32.9,24.1,2000,2,1
34.3,31.2,2000,2,1
34.5,31.6,2000,2,2
35.1,31.5,2000,2,2
35.4,33.2,2000,2,2
35.5,33.3,2000,2,1
35.5,33.4,2000,2,2
36,20,2000,2,1
36.7,17.2,2000,2,1
40.3,37.2,2000,2,1
45.6,39.4,2000,2,1
47.1,34.3,2000,2,1
51.4,35.7,2000,2,2
52.5,30.9,2000,2,1
64.3,34.4,2000,2,1
65.4,34.7,2000,2,1
66.8,35.9,2000,2,1
66.9,36.3,2000,2,1
67.1,36,2000,2,1
67.2,35.8,2000,2,1
67.2,36.1,2000,2,1
70.6,39.8,2000,2,1
73.8,33.9,2000,2,1
73.8,34.5,2000,2,1
73.9,33.5,2000,2,1
73.9,33.9,2000,2,1
74,33.8,2000,2,1
74,34.2,2000,2,1
74.3,34.7,2000,2,1
74.4,34.9,2000,2,1
74.7,32.7,2000,2,1
74.7,33,2000,2,1
74.8,33.2,2000,2,3
74.8,33.7,2000,2,2
74.9,32.4,2000,2,1
74.9,34.1,2000,2,2
75,32.9,2000,2,1
75.2,33.4,2000,2,1
75.3,32.3,2000,2,1
75.4,33.5,2000,2,1
75.6,33,2000,2,1
75.7,33.4,2000,2,2
76,34.5,2000,2,1
77.3,35.1,2000,2,1
77.4,13.1,2000,2,1
78.3,19.3,2000,2,1
78.6,18.8,2000,2,1
78.7,19,2000,2,1
79,19.2,2000,2,1
79.2,18.8,2000,2,1
79.3,17.3,2000,2,1
79.5,18.8,2000,2,1
79.5,19.4,2000,2,1
79.7,16.1,2000,2,1
-16.3,12.4,2000,1,1
-16.3,12.5,2000,1,1
-16.1,12.6,2000,1,1
-15.5,12.8,2000,1,1
-6,37.4,2000,1,1
-4.4,36.7,2000,1,1
-3.6,37.2,2000,1,1
-2.6,43.2,2000,1,1
-2.3,43.1,2000,1,1
-2.1,43.1,2000,1,1
-1.7,42.8,2000,1,1
-0.6,34.8,2000,1,1
-0,35.6,2000,1,1
0.3,34.7,2000,1,1
1.1,35.3,2000,1,1
1.3,36.2,2000,1,1
1.8,36.3,2000,1,1
2,41.5,2000,1,1
2.3,36.1,2000,1,1
2.7,33.6,2000,1,1
2.9,36.4,2000,1,1
3,36.8,2000,1,1
3.7,36.5,2000,1,1
3.7,36.9,2000,1,1
4.1,36.8,2000,1,1
4.2,36.3,2000,1,1
4.3,36.4,2000,1,1
5.6,36.8,2000,1,1
6.7,36.3,2000,1,1
6.9,36.9,2000,1,1
7.1,35.8,2000,1,1
7.5,35.2,2000,1,1
7.8,35,2000,1,1
8.3,36.8,2000,1,1
8.4,36.7,2000,1,1
34.3,31.4,2000,1,1
34.5,31.5,2000,1,1
35.2,31.8,2000,1,1
35.6,33.2,2000,1,1
35.7,33.3,2000,1,1
35.8,33.6,2000,1,1
39.7,15.1,2000,1,1
41.1,37.9,2000,1,1
41.7,39,2000,1,1
42.5,37.9,2000,1,1
45.3,36.3,2000,1,1
45.5,34.1,2000,1,1
45.6,34.5,2000,1,1
45.7,40.5,2000,1,2
46.8,40.6,2000,1,1
47,40,2000,1,1
48,30.5,2000,1,1
48.1,30.5,2000,1,1
63.6,34.1,2000,1,1
63.6,34.8,2000,1,1
64.6,34.1,2000,1,1
66.9,35,2000,1,1
67.1,36.1,2000,1,1
67.4,36,2000,1,1
68.6,37.2,2000,1,1
70.3,39.6,2000,1,1
71.8,39.5,2000,1,1
72.3,40.8,2000,1,1
73.3,28,2000,1,1
74,34.6,2000,1,1
74,34.7,2000,1,1
74.1,33,2000,1,1
74.1,33.4,2000,1,1
74.1,34.1,2000,1,1
74.2,34.6,2000,1,1
74.3,33,2000,1,1
74.6,34.5,2000,1,1
74.7,32.4,2000,1,1
74.7,32.5,2000,1,1
74.7,32.8,2000,1,1
74.7,33.8,2000,1,1
74.8,33.4,2000,1,1
74.9,34.2,2000,1,1
75,34.6,2000,1,1
75.1,32.9,2000,1,1
75.2,32.5,2000,1,1
75.3,33.1,2000,1,1
75.3,33.7,2000,1,1
75.3,33.8,2000,1,1
75.4,32.7,2000,1,1
75.5,33.1,2000,1,1
75.5,33.3,2000,1,1
75.6,32.8,2000,1,1
75.7,33.2,2000,1,1
75.9,33,2000,1,1
76.2,34.2,2000,1,1
77.6,17.3,2000,1,1
78.5,18.4,2000,1,1
78.5,19.7,2000,1,1
78.7,18.6,2000,1,1
78.8,18.5,2000,1,1
78.8,18.7,2000,1,1
78.9,17.3,2000,1,1
79.2,18.4,2000,1,1
79.3,18,2000,1,1
79.3,18.1,2000,1,1
79.6,17.1,2000,1,1
79.6,18.3,2000,1,1
79.8,15.8,2000,1,1
-15.2,12.2,2000,0,1
-15,12.7,2000,0,1
-12.2,10,2000,0,1
5.5,30.6,2000,0,1
16.7,20.3,2000,0,2
30,15,2000,0,1
31.2,27.2,2000,0,1
31.6,26.7,2000,0,1
35.2,32,2000,0,1
44.4,33.3,2000,0,1
45.1,41.2,2000,0,1
45.4,43.2,2000,0,1
45.7,43.1,2000,0,1
65.8,36.8,2000,0,1
70.1,34.8,2000,0,1
74,34,2000,0,1
65,33,2001,606,5
45.7,43.3,2001,492,75
76.7,33.9,2001,475,1
70.2,34.1,2001,474,9
69.9,36.6,2001,375,2
67.1,36.7,2001,341,11
34,12,2001,337,2
32.7,10,2001,279,5
67,36.7,2001,274,2
65.7,31.6,2001,218,18
69.2,34.5,2001,173,21
70.1,34.4,2001,160,1
34,10.3,2001,150,1
66.8,35.9,2001,141,6
65.5,32,2001,133,3
17,21.4,2001,126,1
69.2,33.6,2001,117,3
69.1,36.7,2001,100,1
69.3,37.1,2001,100,1
15.9,21.4,2001,98,1
66.1,31.8,2001,93,1
66.7,36.3,2001,93,1
67.1,36.5,2001,92,1
46.1,43,2001,88,8
47.1,34.3,2001,87,4
34.4,11.8,2001,72,2
65.9,32.6,2001,72,3
6.1,35.9,2001,70,1
62.2,34.3,2001,67,7
66.9,35,2001,64,1
7.8,35,2001,56,2
45.9,43.3,2001,55,5
63.6,34.8,2001,55,4
74.8,34.1,2001,52,9
5.4,36.2,2001,50,1
67.3,36.7,2001,50,1
69.5,36.7,2001,50,1
69.6,33.3,2001,50,1
70.3,34.2,2001,50,1
74.1,33.8,2001,50,12
4.8,36.1,2001,48,1
69.5,37,2001,48,2
46.1,43.4,2001,44,6
69.5,37.1,2001,43,2
69.2,34.8,2001,42,1
3.7,36.8,2001,41,3
65,34,2001,40,1
30.8,12,2001,39,7
45,36.5,2001,39,11
69.8,36.7,2001,36,1
69.9,33.3,2001,34,1
62.7,34.5,2001,33,2
69.2,35,2001,32,2
36,16,2001,30,1
66,31.2,2001,30,1
66.3,31.4,2001,30,1
71,34.1,2001,30,2
70.2,34.8,2001,29,1
62.1,34.4,2001,28,4
67.4,35.9,2001,28,5
69.6,33.4,2001,28,1
70.8,34.1,2001,28,1
35.3,32.2,2001,27,12
64.6,34.1,2001,27,1
0.9,35.8,2001,26,1
2,36.3,2001,26,2
64.3,35,2001,26,1
65.8,31,2001,26,2
6.2,35.6,2001,25,3
67.3,36.6,2001,25,1
21,42,2001,24,14
74.7,32.6,2001,24,11
42.6,37.4,2001,23,6
35.2,31.7,2001,22,12
40.8,39.1,2001,22,5
40.5,39.4,2001,21,2
35.2,31.9,2001,20,11
45.8,43.3,2001,20,1
66.8,36.1,2001,20,1
71,33.5,2001,20,1
74.2,33.2,2001,20,4
6.3,37,2001,18,1
34.5,31.5,2001,18,9
35,32.3,2001,18,15
35.1,31.5,2001,18,10
63.9,31.6,2001,18,1
65,32.4,2001,18,2
65.9,31.5,2001,18,2
75.2,33.8,2001,18,5
70.3,34.4,2001,17,1
74.8,34.2,2001,17,3
30.4,11.7,2001,16,1
34.5,31.6,2001,16,7
61.2,34.7,2001,16,1
69.6,35,2001,16,1
69.9,37.2,2001,16,1
74.2,34.4,2001,16,7
-0.5,34.8,2001,15,2
3.9,36.2,2001,15,2
4,36.7,2001,15,1
46.2,42.9,2001,15,2
63.8,35,2001,15,1
69.4,33.5,2001,15,1
74.4,34.2,2001,15,5
36.4,15.5,2001,14,2
66.4,35.9,2001,14,2
74.3,33.7,2001,14,4
77.2,28.6,2001,14,1
78.9,17.1,2001,14,2
-0.4,35.1,2001,13,1
0.9,35.7,2001,13,1
1.2,36.2,2001,13,1
1.4,36.2,2001,13,1
44.1,37.5,2001,13,5
63.8,33.2,2001,13,3
68,36.3,2001,13,1
35.3,32.5,2001,12,6
69.4,37.2,2001,12,1
74.9,33.8,2001,12,6
3.9,36.7,2001,11,3
5.9,35.5,2001,11,1
6,36.8,2001,11,2
7,35,2001,11,1
8.1,34.7,2001,11,1
21.7,42.2,2001,11,6
45.8,42.8,2001,11,1
46.1,43.7,2001,11,1
46.4,43.1,2001,11,2
74.2,34.3,2001,11,2
74.8,32.8,2001,11,2
42.5,37.9,2001,10,2
63.7,33.6,2001,10,1
66.5,36.1,2001,10,3
66.7,35.8,2001,10,2
69.2,34.6,2001,10,1
69.4,36.8,2001,10,1
69.6,36.9,2001,10,1
75,33.9,2001,10,2
75.3,33.7,2001,10,3
5.5,36.2,2001,9,1
35.1,32,2001,9,1
35.3,32.3,2001,9,2
42.6,36.2,2001,9,2
46.2,43,2001,9,1
51.4,35.7,2001,9,4
64.4,33.5,2001,9,2
67.6,34.8,2001,9,2
74.8,32.7,2001,9,1
75.2,33,2001,9,3
0.1,35.4,2001,8,1
2.3,36.3,2001,8,1
4.1,36.9,2001,8,1
21.4,42.2,2001,8,6
22,41.8,2001,8,2
34.4,31.4,2001,8,7
63.9,33.4,2001,8,1
69.6,36.4,2001,8,1
74.2,33.3,2001,8,1
74.4,34.5,2001,8,2
74.5,34.2,2001,8,1
6.5,36.5,2001,7,1
6.5,37,2001,7,1
36.1,15.8,2001,7,1
46.4,33.6,2001,7,3
48.3,30.3,2001,7,1
65.2,31.1,2001,7,1
67.2,36.5,2001,7,2
67.5,34.8,2001,7,1
69.3,36.4,2001,7,1
69.5,34.9,2001,7,1
75.6,33.1,2001,7,6
79.9,17.9,2001,7,2
-16.4,12.5,2001,6,1
1.2,32.5,2001,6,2
2.2,36.2,2001,6,1
3,34.1,2001,6,1
21.4,42,2001,6,3
21.6,42,2001,6,4
29,41,2001,6,2
34.3,31.3,2001,6,3
35.2,32.1,2001,6,1
39.5,39.1,2001,6,4
43,37.3,2001,6,3
45.7,43,2001,6,1
45.7,43.1,2001,6,1
69.1,34.5,2001,6,1
70.5,34.4,2001,6,4
73.9,34.3,2001,6,2
74.4,34.3,2001,6,2
0.2,35.4,2001,5,1
1.5,36.2,2001,5,1
3.3,36.6,2001,5,1
4.8,35.8,2001,5,1
20.9,41.8,2001,5,2
34.4,31.5,2001,5,5
34.9,32.5,2001,5,2
35,32.2,2001,5,3
35.2,31.8,2001,5,4
35.2,32.2,2001,5,2
36.6,40.4,2001,5,4
41,38.1,2001,5,2
45.5,42.9,2001,5,1
62,34.5,2001,5,2
62.3,33.4,2001,5,1
64.2,34.6,2001,5,1
65.9,31.6,2001,5,1
67.3,36.5,2001,5,1
67.7,36,2001,5,1
67.8,33.3,2001,5,1
69.3,33.7,2001,5,3
69.4,37.1,2001,5,1
74.2,33.1,2001,5,4
74.2,33.8,2001,5,1
74.6,34.2,2001,5,2
3.3,34.7,2001,4,2
3.8,36.7,2001,4,2
5.3,36.5,2001,4,1
34.2,31.3,2001,4,6
35.1,32.3,2001,4,1
35.1,33,2001,4,1
35.2,32,2001,4,3
35.7,33.3,2001,4,3
39,39.6,2001,4,1
40.6,38.8,2001,4,1
45.2,43.1,2001,4,1
63.6,33.8,2001,4,1
65.6,32,2001,4,1
68.1,36.2,2001,4,1
69.2,35.1,2001,4,1
69.2,37,2001,4,1
74.1,33.6,2001,4,3
74.1,34,2001,4,2
74.1,34.5,2001,4,2
74.2,33.6,2001,4,3
74.3,33.8,2001,4,1
74.5,32.8,2001,4,1
74.6,34.4,2001,4,2
75.2,34,2001,4,1
79.6,18,2001,4,1
-2,43.3,2001,3,3
0.8,35.4,2001,3,1
3.3,36.8,2001,3,1
30,11,2001,3,1
35.2,32.4,2001,3,1
35.8,33.8,2001,3,1
39.9,39.5,2001,3,1
41,38.5,2001,3,1
42.2,37.5,2001,3,3
45.9,43.1,2001,3,2
46.9,40,2001,3,2
62.2,34.2,2001,3,1
64.4,34.6,2001,3,1
69.2,34,2001,3,1
69.3,35.1,2001,3,2
69.6,37.1,2001,3,1
70.4,34.3,2001,3,1
74,34.5,2001,3,1
74.2,34.1,2001,3,1
74.3,33.5,2001,3,1
74.3,34.4,2001,3,1
74.3,34.5,2001,3,1
74.4,33.1,2001,3,1
74.4,33.4,2001,3,1
74.7,33.9,2001,3,2
74.7,34.4,2001,3,2
75.1,32.6,2001,3,2
-16.3,12.6,2001,2,1
-14.9,12.7,2001,2,1
-3.7,40.4,2001,2,2
-2.2,43.1,2001,2,1
-2.1,43.1,2001,2,2
2.1,36.2,2001,2,1
3.2,36.2,2001,2,1
3.5,34.2,2001,2,1
3.7,36.6,2001,2,1
3.8,36.5,2001,2,1
5.3,35.7,2001,2,1
7.1,35.4,2001,2,1
8.3,36.8,2001,2,1
21.6,17.2,2001,2,2
34.3,31.4,2001,2,1
35.1,32.1,2001,2,1
35.1,32.4,2001,2,2
35.2,32.3,2001,2,1
35.3,32.6,2001,2,1
35.4,32.9,2001,2,1
39.2,39.4,2001,2,2
39.9,38.5,2001,2,1
43.4,37,2001,2,2
44.8,43.4,2001,2,1
45.2,34.3,2001,2,1
45.4,32.8,2001,2,1
45.7,43.2,2001,2,1
45.9,43.2,2001,2,1
46.8,40.6,2001,2,1
47.2,30.3,2001,2,1
62.5,32.5,2001,2,1
67.3,36,2001,2,1
67.7,34.8,2001,2,2
69.7,34.2,2001,2,1
70.6,34.4,2001,2,1
74,33.8,2001,2,1
74.5,34.3,2001,2,2
74.7,33,2001,2,1
74.7,34.2,2001,2,1
74.7,34.3,2001,2,1
74.8,33.3,2001,2,1
75.2,32.5,2001,2,1
75.5,33.1,2001,2,2
75.7,33,2001,2,1
77.6,17.3,2001,2,1
78.3,19.3,2001,2,1
-3,43.4,2001,1,1
-1.9,43.1,2001,1,1
-1.4,34.7,2001,1,1
-0.9,41.6,2001,1,1
0.6,35.6,2001,1,1
2.9,36.4,2001,1,1
3,28,2001,1,2
3.2,42.3,2001,1,1
3.4,36.8,2001,1,1
3.8,36.6,2001,1,1
3.9,36.4,2001,1,1
3.9,36.8,2001,1,1
3.9,36.9,2001,1,1
6.5,36.8,2001,1,1
7.1,36.9,2001,1,1
20.7,41.7,2001,1,1
21.1,42.1,2001,1,1
21.6,42.2,2001,1,4
21.7,42.1,2001,1,2
29.7,11,2001,1,1
34.8,31.5,2001,1,1
35,32.4,2001,1,1
35,32.8,2001,1,1
35.1,31.4,2001,1,1
35.1,31.6,2001,1,1
35.2,32.5,2001,1,1
35.3,32.8,2001,1,1
35.4,32.3,2001,1,1
36.3,33.5,2001,1,1
40,39,2001,1,1
40.5,38,2001,1,1
41.4,38.1,2001,1,1
42.3,37.4,2001,1,1
42.3,37.9,2001,1,1
43.2,37,2001,1,1
43.2,37.6,2001,1,1
43.3,37.2,2001,1,1
44.6,37.3,2001,1,1
44.7,36.9,2001,1,1
44.8,37,2001,1,1
44.8,43.2,2001,1,1
44.9,37,2001,1,1
45.3,34.9,2001,1,1
45.4,43.2,2001,1,1
45.4,43.4,2001,1,1
45.6,43.2,2001,1,1
45.7,40.5,2001,1,1
45.9,43,2001,1,1
47.8,30.5,2001,1,1
48.2,30.4,2001,1,1
48.5,37.7,2001,1,1
48.7,31.3,2001,1,1
63.5,34.4,2001,1,1
64,33.5,2001,1,1
65,32.5,2001,1,1
65.3,32.1,2001,1,1
67,36.8,2001,1,1
67.7,34.9,2001,1,1
68.1,36,2001,1,1
68.9,35,2001,1,1
69.1,34.4,2001,1,1
74.1,33.2,2001,1,1
74.1,33.5,2001,1,1
74.2,34.5,2001,1,1
74.3,33.4,2001,1,1
74.3,33.6,2001,1,1
74.4,34.4,2001,1,1
74.8,34.6,2001,1,1
74.9,32.5,2001,1,1
74.9,33.9,2001,1,1
74.9,34.1,2001,1,1
75,33.3,2001,1,1
75,33.8,2001,1,1
75.1,33.3,2001,1,1
75.1,33.9,2001,1,1
75.3,32.4,2001,1,1
75.3,33.5,2001,1,1
78.9,18.6,2001,1,1
79.5,15.5,2001,1,1
0.6,35.7,2001,0,1
20.9,42,2001,0,1
21,42.1,2001,0,1
21.1,42.2,2001,0,1
21.3,42.1,2001,0,2
21.6,42.1,2001,0,4
44,33,2001,0,1
45.4,39.5,2001,0,1
47.1,31.8,2001,0,1
63.1,35,2001,0,1
65.3,34.5,2001,0,1
65.4,32.2,2001,0,1
65.5,32.6,2001,0,1
66.4,31,2001,0,1
67.2,34.8,2001,0,1
70.4,34.4,2001,0,1
70.4,34.5,2001,0,1
45.7,43.3,2002,483,137
69,33.3,2002,415,5
32.7,10,2002,377,2
22.2,18.2,2002,240,3
37.6,55.8,2002,155,1
74.2,34.4,2002,142,68
45.8,43.3,2002,131,3
69.2,33.6,2002,116,6
74.1,33.8,2002,98,44
74.4,34.2,2002,88,46
69.8,33.2,2002,79,6
74.7,32.6,2002,69,26
75.2,33.8,2002,69,39
34.5,31.5,2002,66,24
74.3,33.6,2002,65,25
45.5,43.1,2002,63,8
46.1,43,2002,63,31
75.6,33.1,2002,61,34
35.2,31.9,2002,57,31
46.2,43.1,2002,56,9
74.8,34.1,2002,56,37
76.7,33.9,2002,56,20
35.3,32.2,2002,54,27
35.3,32.5,2002,51,23
3.9,36.7,2002,50,3
74.2,33.2,2002,50,16
65.5,32.7,2002,48,1
74.9,33.8,2002,48,30
69.2,34.5,2002,47,3
74,33.8,2002,45,14
21.6,17.2,2002,44,1
46,43.2,2002,44,8
74.7,33.9,2002,44,21
66.6,32.9,2002,43,2
47.6,42.8,2002,42,1
0.6,35.8,2002,40,1
34.3,31.3,2002,38,13
35.1,31.5,2002,38,16
34.4,31.4,2002,37,18
45,36.5,2002,34,9
75.2,33,2002,31,15
45,43.1,2002,29,1
74.1,33.6,2002,27,9
74.3,33.3,2002,26,11
74.6,34,2002,25,9
75.3,33.5,2002,25,9
34.5,31.6,2002,24,13
45.4,43.1,2002,24,7
74.4,34.7,2002,24,6
75.1,33.4,2002,23,13
4,36.7,2002,22,3
45.9,43.3,2002,22,12
0,34.6,2002,21,1
2.8,36.5,2002,21,4
35.4,32.3,2002,20,8
69.9,33.3,2002,20,5
3.7,36.8,2002,19,4
35,32.3,2002,19,11
69.3,32.5,2002,19,3
74.3,33.7,2002,19,7
6.8,36.8,2002,18,4
35.2,31.7,2002,18,15
74.2,34.3,2002,18,9
34.4,31.5,2002,17,9
45.9,43.1,2002,17,10
74.2,33.1,2002,17,9
74.3,34.4,2002,17,4
74.4,33.2,2002,17,8
74.6,34.1,2002,17,7
74.7,34.4,2002,17,8
74.8,33.3,2002,17,8
3.1,36.8,2002,16,4
4.3,36.8,2002,16,1
34.2,31.3,2002,16,5
35,32.5,2002,16,1
46.3,43.5,2002,16,2
46.4,43.1,2002,16,11
69.1,34,2002,16,1
74.3,34,2002,16,5
74.5,33.5,2002,16,8
74.8,32.8,2002,16,5
74.9,33.5,2002,16,5
4.5,35.7,2002,15,1
35.2,32.5,2002,15,8
64.9,31.5,2002,15,3
74.5,34.2,2002,15,6
75,33.3,2002,15,5
0.2,35.4,2002,14,2
4.2,36.8,2002,14,2
34.4,31.3,2002,14,1
46.1,43.2,2002,14,5
5.5,35.5,2002,13,1
70,33.3,2002,13,1
74.3,34.5,2002,13,5
74.8,33.7,2002,13,8
75.1,33.9,2002,13,4
-0.1,35.4,2002,12,1
3,36.1,2002,12,3
34.3,31.2,2002,12,4
46,43.1,2002,12,5
69.6,32.3,2002,12,1
74,34.7,2002,12,2
74.1,34,2002,12,6
-0.5,34.8,2002,11,2
5.4,36.2,2002,11,1
45.7,42.9,2002,11,1
73.9,33.8,2002,11,4
74,34.4,2002,11,4
74.8,32.7,2002,11,3
75,33.8,2002,11,4
75.7,33.3,2002,11,6
-0.6,35.7,2002,10,2
1.8,35.6,2002,10,1
2.2,36.3,2002,10,1
35.3,32,2002,10,1
45.7,43.1,2002,10,6
63.6,32.6,2002,10,1
65.7,31.6,2002,10,2
69.8,33.6,2002,10,1
74.4,33.5,2002,10,6
74.5,34.3,2002,10,6
74.8,33.1,2002,10,5
45.5,42.5,2002,9,1
73.9,34.6,2002,9,5
74.3,33.8,2002,9,3
75,33.6,2002,9,5
-0.6,35.2,2002,8,3
35,32.8,2002,8,1
35.2,31.8,2002,8,6
45.3,43.2,2002,8,6
72.3,30.9,2002,8,2
74.4,34.5,2002,8,3
3.6,36.6,2002,7,3
3.9,36.2,2002,7,2
5.8,36.8,2002,7,2
34.3,31.4,2002,7,5
35.4,32.2,2002,7,2
74.5,32.5,2002,7,2
-15.5,12.8,2002,6,1
7.8,36.9,2002,6,1
30.8,12,2002,6,1
39.5,39.1,2002,6,4
45.6,43.1,2002,6,1
45.8,42.9,2002,6,3
45.8,43.1,2002,6,2
46.3,43.2,2002,6,2
65.5,32.6,2002,6,2
71.1,34.9,2002,6,2
71.5,33.5,2002,6,1
73.7,34.4,2002,6,2
73.8,34.4,2002,6,3
75.2,33.6,2002,6,3
4.2,36.5,2002,5,1
6.2,35.2,2002,5,1
6.9,36.9,2002,5,2
20.5,19.2,2002,5,1
35,32.2,2002,5,3
35.1,32.4,2002,5,4
35.2,32.1,2002,5,2
40.6,38.5,2002,5,2
41,38.1,2002,5,3
44.9,37,2002,5,5
46.1,43.4,2002,5,5
47.5,43,2002,5,1
65,33,2002,5,2
70.5,34.4,2002,5,1
74.1,33.5,2002,5,5
74.1,34.3,2002,5,2
74.2,33.7,2002,5,2
74.3,33.5,2002,5,2
74.3,34.2,2002,5,2
74.4,34.4,2002,5,2
74.5,32.8,2002,5,2
74.9,34.7,2002,5,1
75.3,34,2002,5,3
79.4,18.1,2002,5,1
1.8,36.3,2002,4,1
2,36.3,2002,4,4
3.7,36.5,2002,4,2
3.7,36.6,2002,4,2
5.2,36.3,2002,4,1
6.3,36.8,2002,4,1
8,35.7,2002,4,1
19.1,17.9,2002,4,1
34.8,31.3,2002,4,1
35,31.4,2002,4,2
35.3,32.3,2002,4,2
40.5,37.6,2002,4,1
41,39.3,2002,4,3
43.3,37.2,2002,4,1
45.5,43.3,2002,4,1
45.9,43,2002,4,7
45.9,43.2,2002,4,3
68.1,31.7,2002,4,1
73.9,34.1,2002,4,3
74.1,33.2,2002,4,1
74.1,33.7,2002,4,2
74.4,34.8,2002,4,2
74.8,32.5,2002,4,3
75,34.6,2002,4,1
75.5,33.1,2002,4,3
75.9,33.1,2002,4,4
79,18.9,2002,4,1
79.5,15.5,2002,4,1
79.6,16.4,2002,4,1
79.8,15.8,2002,4,1
-1.4,34.7,2002,3,2
-0.2,34.9,2002,3,1
0.9,35.8,2002,3,2
2.9,36.6,2002,3,1
3.6,36.7,2002,3,1
3.8,36.6,2002,3,1
4,36.8,2002,3,2
4.2,36,2002,3,1
4.8,36.3,2002,3,1
6.2,35.6,2002,3,3
7.6,36.8,2002,3,2
34.9,32.3,2002,3,1
34.9,32.5,2002,3,2
35,31.5,2002,3,1
35,32.4,2002,3,1
35.1,31.6,2002,3,3
35.1,32.3,2002,3,2
35.2,32.2,2002,3,1
35.2,32.3,2002,3,2
35.2,32.4,2002,3,2
37.5,40.8,2002,3,1
40.8,39.1,2002,3,1
42.5,37.9,2002,3,1
45.7,43.2,2002,3,1
48.5,37.7,2002,3,2
69.2,33.4,2002,3,2
73.8,33.9,2002,3,1
73.9,33.6,2002,3,1
73.9,34.7,2002,3,2
74.2,33.8,2002,3,2
74.4,34.1,2002,3,2
74.6,34.4,2002,3,1
74.9,33.6,2002,3,1
74.9,34,2002,3,2
74.9,34.3,2002,3,2
75.2,32.5,2002,3,2
75.2,33.7,2002,3,2
75.3,32.4,2002,3,1
75.6,32.8,2002,3,1
77.2,31.9,2002,3,1
77.8,14.2,2002,3,1
-16.6,13.1,2002,2,1
-16.5,13,2002,2,1
-1,34.9,2002,2,1
-0.8,32.4,2002,2,1
-0.6,38.2,2002,2,1
0.5,35,2002,2,1
0.5,35.5,2002,2,1
1.1,35.8,2002,2,1
1.1,36.4,2002,2,1
2,36.1,2002,2,1
2.7,36.5,2002,2,1
2.9,36.1,2002,2,1
3,28,2002,2,2
3,36.5,2002,2,1
3.1,36.6,2002,2,1
3.2,36.6,2002,2,2
3.4,36.6,2002,2,1
3.4,36.7,2002,2,2
3.5,36.8,2002,2,1
3.8,36.5,2002,2,1
3.9,36.8,2002,2,1
3.9,36.9,2002,2,1
4,36.4,2002,2,1
4.4,34.1,2002,2,1
5.3,35.7,2002,2,1
6,36.8,2002,2,1
6.6,36.4,2002,2,1
7,35,2002,2,1
8.3,35.6,2002,2,1
34.3,31.5,2002,2,1
34.8,31.8,2002,2,1
35.1,32.2,2002,2,1
35.2,31.5,2002,2,1
35.3,31.8,2002,2,1
35.3,32.4,2002,2,2
35.5,32.5,2002,2,1
36.6,40.4,2002,2,2
41.4,37.7,2002,2,2
42.6,37.4,2002,2,3
43.1,37.3,2002,2,1
43.2,37.6,2002,2,1
43.6,35.8,2002,2,1
45.2,36,2002,2,2
45.2,43.3,2002,2,4
45.3,43.3,2002,2,1
45.8,43.2,2002,2,1
46,43.3,2002,2,1
46.2,43.2,2002,2,8
49.6,14.8,2002,2,1
65.9,32.6,2002,2,1
69.3,33.7,2002,2,2
71.1,35,2002,2,1
73.8,34,2002,2,1
73.9,33.4,2002,2,1
73.9,34.3,2002,2,1
74,33.3,2002,2,1
74.1,33.1,2002,2,2
74.1,34.7,2002,2,1
74.3,34.6,2002,2,2
74.4,34.9,2002,2,1
74.5,33,2002,2,1
74.5,33.1,2002,2,2
74.5,34,2002,2,1
74.7,32.9,2002,2,2
74.7,34.1,2002,2,2
74.8,34,2002,2,2
74.9,33.3,2002,2,1
75,33.5,2002,2,2
75,33.9,2002,2,2
75.1,33.7,2002,2,1
75.2,33.9,2002,2,1
75.3,33.8,2002,2,1
75.6,33.3,2002,2,1
76,33.1,2002,2,2
76,34.5,2002,2,2
76.2,34.2,2002,2,2
79.6,18,2002,2,1
-16.3,12.6,2002,1,1
-16.1,12.9,2002,1,1
-16,12.8,2002,1,1
-4,40.6,2002,1,1
-2.1,43.3,2002,1,1
-1.9,43.1,2002,1,1
-0.6,34.8,2002,1,1
0.6,35.7,2002,1,1
0.7,35.9,2002,1,1
1,33.7,2002,1,1
1.3,35.9,2002,1,1
1.3,36.2,2002,1,1
1.6,35.6,2002,1,1
1.8,35.8,2002,1,1
2.1,36.5,2002,1,1
2.2,36.2,2002,1,1
2.3,36.1,2002,1,1
2.8,36.3,2002,1,1
3,36.8,2002,1,1
3.3,36.6,2002,1,1
3.3,36.7,2002,1,1
3.7,36.7,2002,1,1
4,36.5,2002,1,1
5.9,35.5,2002,1,1
6,36.7,2002,1,1
6.1,35.3,2002,1,1
7.8,35,2002,1,1
19,18,2002,1,2
34.6,31.5,2002,1,1
34.8,32.1,2002,1,1
34.9,31.8,2002,1,1
34.9,32.2,2002,1,1
35,39,2002,1,1
35.1,32,2002,1,1
35.3,31.6,2002,1,1
35.7,33.3,2002,1,1
36.9,37.4,2002,1,1
37.4,39.5,2002,1,1
39.4,38.3,2002,1,1
39.5,39.2,2002,1,1
40.5,38,2002,1,1
40.7,37.3,2002,1,1
40.9,37.4,2002,1,1
41.5,40,2002,1,1
41.7,38,2002,1,1
42.1,38.4,2002,1,1
42.2,37.8,2002,1,1
42.3,37.9,2002,1,1
42.9,37.4,2002,1,1
43,37.3,2002,1,1
43.4,37,2002,1,1
43.7,37.1,2002,1,1
44.9,36.9,2002,1,1
45.3,43,2002,1,5
45.7,43,2002,1,3
46.2,42.9,2002,1,2
46.3,43.1,2002,1,2
46.5,43.7,2002,1,1
64.9,31.6,2002,1,1
69.2,32.9,2002,1,1
69.5,33,2002,1,1
69.9,33.4,2002,1,1
72.9,29.2,2002,1,1
73.6,34.3,2002,1,1
73.8,26.6,2002,1,1
73.8,33.1,2002,1,1
73.8,34.5,2002,1,1
73.9,29.9,2002,1,1
74.1,33,2002,1,1
74.1,33.9,2002,1,1
74.2,32.9,2002,1,1
74.2,33.9,2002,1,1
74.4,32.8,2002,1,1
74.4,34.3,2002,1,1
74.5,34.1,2002,1,1
74.6,32.6,2002,1,1
74.7,32.4,2002,1,1
74.7,32.5,2002,1,1
74.8,33.8,2002,1,1
74.9,33.7,2002,1,1
75.1,33.8,2002,1,1
75.5,33.5,2002,1,1
75.6,33.2,2002,1,1
75.8,32.7,2002,1,1
76.6,34.9,2002,1,1
78.5,18.8,2002,1,1
79,16.5,2002,1,1
79.1,19.3,2002,1,1
79.4,16.3,2002,1,1
79.5,19,2002,1,1
79.7,18.1,2002,1,1
79.9,17.9,2002,1,1
1.4,35.3,2002,0,1
34,12,2002,0,1
35.5,11,2002,0,1
35.5,33.9,2002,0,1
41.4,38.3,2002,0,1
44.9,43.6,2002,0,1
45.1,42.2,2002,0,1
45.2,43.2,2002,0,2
45.4,42.2,2002,0,1
45.4,43.2,2002,0,4
45.5,42.7,2002,0,2
45.5,42.9,2002,0,1
45.6,42.8,2002,0,1
45.6,43.2,2002,0,1
46,43,2002,0,3
46.1,43.1,2002,0,1
46.1,43.7,2002,0,5
46.2,43,2002,0,1
46.4,43.3,2002,0,1
46.4,43.8,2002,0,3
46.6,43.3,2002,0,1
67,24.9,2002,0,1
69,33.5,2002,0,1
69.2,33.2,2002,0,1
79.8,18.3,2002,0,1
44,33,2003,6629,27
23.2,15.1,2003,717,1
44.4,33.3,2003,546,22
22.8,15,2003,409,4
44.3,32,2003,339,6
25,13,2003,275,3
76.7,33.9,2003,243,66
44,32.6,2003,225,3
24.6,14.6,2003,200,1
45.7,43.3,2003,198,28
22.4,14.4,2003,118,2
25.4,13.6,2003,100,1
46.3,31.1,2003,98,6
34.4,31.4,2003,90,25
22.4,13.4,2003,87,2
74.1,33.8,2003,83,27
66.4,31,2003,78,13
66.7,32.6,2003,72,8
74.2,34.4,2003,71,33
5.9,35.5,2003,62,4
74,34.3,2003,60,1
34.5,31.5,2003,57,12
74.8,34.1,2003,55,26
6.2,35.2,2003,52,3
46.1,43,2003,51,8
69.3,32.5,2003,49,11
74.3,33.6,2003,47,13
74.4,34.2,2003,47,17
75.2,33.8,2003,47,19
74.2,33.2,2003,46,19
63.3,35.6,2003,42,1
26,16,2003,41,2
37.1,15.2,2003,41,4
75.6,33.1,2003,41,15
45.5,43.1,2003,40,5
73.9,34.6,2003,39,13
66.5,31.1,2003,38,1
17,21.4,2003,37,2
69.9,33.4,2003,33,3
74.8,33.7,2003,31,12
74.1,33.5,2003,29,11
74.7,33.9,2003,28,12
74.9,33.8,2003,27,13
74.7,32.6,2003,26,9
46,43.1,2003,25,2
74.1,33.1,2003,25,9
75.3,33.5,2003,25,10
6.9,36.9,2003,24,3
65.6,32.4,2003,24,3
3,28,2003,23,3
69.3,32.8,2003,22,1
40.8,39.1,2003,21,5
47.6,42.8,2003,21,3
74.1,33.6,2003,21,10
75,33.3,2003,21,5
4.1,36.9,2003,20,3
5.5,36.5,2003,20,3
34.8,31.5,2003,20,6
44.7,43.7,2003,20,1
66.3,31.3,2003,19,1
34.2,31.3,2003,18,5
45.1,43.7,2003,18,1
73.8,34.4,2003,18,7
74,33.8,2003,18,10
35.3,32.2,2003,17,13
65.1,33.1,2003,17,1
66.8,32.6,2003,17,3
74.8,34.6,2003,17,2
75.2,33,2003,17,8
3.9,36.2,2003,16,5
74.8,33.3,2003,16,6
75.1,33.4,2003,16,6
-16.7,12.4,2003,15,1
-16.2,12.5,2003,15,1
44.4,35.5,2003,15,1
66.2,31,2003,15,1
0.6,35.7,2003,14,3
3.2,36.6,2003,14,3
74.7,34.4,2003,14,7
74.8,32.7,2003,14,2
1.1,35.8,2003,13,1
4,36.7,2003,13,4
34.4,31.5,2003,13,5
40.5,38.9,2003,13,3
40.6,38.5,2003,13,1
44.4,32.5,2003,13,1
45.9,43.3,2003,13,3
63,35.4,2003,13,1
74.4,33.5,2003,13,4
74.6,34,2003,13,6
74.7,32.9,2003,13,2
2,36.3,2003,12,1
3.9,36.8,2003,12,4
35,32.3,2003,12,8
67.4,32.1,2003,12,1
74.2,34.5,2003,12,4
-0.1,35.4,2003,11,3
29,41,2003,11,1
34.3,31.3,2003,11,5
39.5,39.1,2003,11,8
65.7,32.3,2003,11,1
68.8,33.7,2003,11,2
74.3,33.7,2003,11,5
74.5,34.2,2003,11,3
75.1,33.9,2003,11,5
2.8,36.3,2003,10,2
4.1,36.6,2003,10,1
4.2,36.8,2003,10,2
36.6,40.4,2003,10,4
45.9,43.1,2003,10,2
46,43.2,2003,10,2
65.7,33,2003,10,1
67.2,32.9,2003,10,1
67.4,31.7,2003,10,2
67.6,32.7,2003,10,1
73.7,34.4,2003,10,4
74.3,34,2003,10,3
0.3,34.7,2003,9,2
1.8,35.8,2003,9,2
2.2,36.2,2003,9,1
3.6,36.6,2003,9,5
3.7,36.8,2003,9,5
3.9,36.4,2003,9,3
35.2,31.7,2003,9,4
35.2,32,2003,9,4
35.3,32.5,2003,9,4
42.5,37.9,2003,9,4
44.2,33.1,2003,9,6
45.6,42.8,2003,9,1
45.6,43.1,2003,9,1
60.9,29.8,2003,9,1
66,32.1,2003,9,2
74.1,33.7,2003,9,3
74.2,33.6,2003,9,3
3.9,36.9,2003,8,5
4.7,23.8,2003,8,1
23,13,2003,8,2
34.5,31.6,2003,8,2
46.1,43.4,2003,8,1
47.8,30.5,2003,8,5
64.6,31.8,2003,8,3
65.8,32,2003,8,1
66.7,33,2003,8,3
69.5,33.7,2003,8,1
73.8,33.9,2003,8,2
74.3,33.5,2003,8,3
74.4,34.7,2003,8,4
-16.4,12.5,2003,7,1
-1.4,34.7,2003,7,2
0.1,34.8,2003,7,3
1.2,36.2,2003,7,2
2.3,36.1,2003,7,2
3.9,36.7,2003,7,4
4,36.5,2003,7,4
34.8,32.1,2003,7,1
35.1,31.5,2003,7,5
41.3,37.9,2003,7,1
44.3,32.3,2003,7,1
63.3,30.4,2003,7,1
66.4,31.1,2003,7,1
66.5,31,2003,7,2
66.6,31.5,2003,7,1
69.2,32.9,2003,7,4
69.9,33.3,2003,7,2
74.4,34.5,2003,7,3
75.5,33.3,2003,7,1
-1.3,34.9,2003,6,1
0.9,35.7,2003,6,2
3.5,36.6,2003,6,1
3.8,36.9,2003,6,2
6.8,36.8,2003,6,3
35.2,31.9,2003,6,2
41.1,37.9,2003,6,2
42.5,37.5,2003,6,2
44.8,43.4,2003,6,1
66.5,31.2,2003,6,2
67,31.8,2003,6,1
67.4,32.5,2003,6,1
69.2,34.5,2003,6,2
73.8,33.8,2003,6,2
73.9,33.7,2003,6,1
74.3,33.3,2003,6,2
74.4,33.9,2003,6,1
74.5,34.3,2003,6,4
75.7,33,2003,6,1
79.7,16.6,2003,6,1
3.6,36.8,2003,5,2
6,36.9,2003,5,1
8.1,34.7,2003,5,1
35.4,32.3,2003,5,1
36,39,2003,5,2
37.3,15.2,2003,5,1
37.5,15.2,2003,5,1
40.3,33,2003,5,1
40.5,39.2,2003,5,2
42.4,34.1,2003,5,1
44.8,43.2,2003,5,1
45,36.5,2003,5,5
45,43.1,2003,5,1
45.6,42.7,2003,5,1
45.8,43.3,2003,5,1
46.4,43,2003,5,1
47.2,30.3,2003,5,3
65.2,32,2003,5,1
66,32.8,2003,5,1
66.3,33.4,2003,5,1
69.2,32.5,2003,5,1
73.9,33.6,2003,5,2
74.1,33.9,2003,5,3
74.2,33.1,2003,5,5
74.3,34.4,2003,5,2
74.3,34.5,2003,5,2
74.6,34.1,2003,5,2
75.1,33.8,2003,5,3
75.2,33.3,2003,5,1
75.7,33.3,2003,5,2
78.9,17.1,2003,5,2
0.1,35.6,2003,4,2
0.8,35.7,2003,4,1
1.1,35.9,2003,4,3
1.3,36.2,2003,4,1
2.8,36.5,2003,4,1
3.1,36.8,2003,4,2
3.7,36.7,2003,4,3
4.1,36.5,2003,4,1
5.6,36.8,2003,4,3
6.2,30.5,2003,4,1
6.2,36.8,2003,4,1
7.6,36.8,2003,4,2
35.5,32.7,2003,4,1
42.2,37.5,2003,4,2
42.2,37.8,2003,4,2
43.1,36.3,2003,4,2
43.5,33.1,2003,4,1
43.7,34.6,2003,4,1
44.7,36.9,2003,4,2
45,43.3,2003,4,1
45.7,43.1,2003,4,1
47.9,30,2003,4,2
64.9,32.1,2003,4,1
65.6,32.9,2003,4,1
66.1,30.2,2003,4,1
67.1,32.6,2003,4,1
67.3,31.4,2003,4,1
70.5,34.4,2003,4,1
74.1,33.3,2003,4,2
74.1,34.5,2003,4,1
74.2,33.7,2003,4,2
74.4,34,2003,4,1
74.4,34.6,2003,4,1
74.8,33.9,2003,4,2
75,34.7,2003,4,2
75.2,32.5,2003,4,3
75.2,33.6,2003,4,2
75.3,33.9,2003,4,2
75.4,33.2,2003,4,1
76,34.5,2003,4,4
77.1,35.2,2003,4,1
78.9,18.6,2003,4,4
-0.6,35.2,2003,3,1
-0.3,34.7,2003,3,1
-0.2,35.2,2003,3,2
0.5,32.9,2003,3,1
0.8,35.4,2003,3,1
2.2,36.3,2003,3,2
2.4,36.4,2003,3,1
2.4,36.6,2003,3,1
3,36.1,2003,3,2
3.1,36.7,2003,3,2
3.3,35.1,2003,3,1
3.5,36.8,2003,3,1
3.6,36.7,2003,3,1
3.8,36.7,2003,3,2
5.4,36.2,2003,3,1
5.4,36.4,2003,3,1
6,36.8,2003,3,1
6.5,36,2003,3,1
7.8,36.9,2003,3,2
34.6,31.5,2003,3,1
35,31.5,2003,3,2
39.2,39.4,2003,3,1
41,39.3,2003,3,2
44.2,43.2,2003,3,1
45.8,43.2,2003,3,1
45.9,42.3,2003,3,1
61.8,31.3,2003,3,1
68.4,31.8,2003,3,1
71.1,34.9,2003,3,2
72.9,19,2003,3,1
73.8,34.5,2003,3,1
73.9,33.4,2003,3,2
73.9,34.1,2003,3,3
73.9,34.3,2003,3,3
74.2,34.3,2003,3,2
74.3,33.8,2003,3,2
74.3,33.9,2003,3,1
74.5,33.5,2003,3,1
74.5,34.1,2003,3,1
74.6,32.4,2003,3,1
74.8,34.7,2003,3,1
74.9,33.6,2003,3,2
75.1,34.8,2003,3,1
75.3,33.8,2003,3,1
75.5,33.1,2003,3,2
75.5,33.2,2003,3,2
75.7,34.4,2003,3,2
75.7,35.3,2003,3,1
76.3,35.2,2003,3,1
77.7,14.5,2003,3,1
78.3,19.3,2003,3,1
79.5,19,2003,3,1
-1.3,42.6,2003,2,1
-1.2,34.6,2003,2,1
-0.8,34.5,2003,2,1
-0.6,35.6,2003,2,1
0.1,35.4,2003,2,1
0.9,35.8,2003,2,1
0.9,36.1,2003,2,1
1.4,35.6,2003,2,1
1.8,36.1,2003,2,1
1.9,36.6,2003,2,2
3,36.6,2003,2,1
3.7,36.9,2003,2,2
3.8,36.2,2003,2,1
3.8,36.5,2003,2,1
3.9,36.6,2003,2,1
4,36.6,2003,2,1
4.1,36.8,2003,2,1
4.3,34.9,2003,2,1
5.5,36.2,2003,2,1
6.1,35.3,2003,2,1
6.2,35.6,2003,2,1
6.7,36.5,2003,2,1
7.2,36.7,2003,2,1
7.4,36.8,2003,2,1
7.8,35,2003,2,1
35.1,31.4,2003,2,2
35.2,31.6,2003,2,1
36.2,36.5,2003,2,1
37.2,40.4,2003,2,1
37.6,15.1,2003,2,1
37.8,14.7,2003,2,1
37.9,15.5,2003,2,1
38.5,40.5,2003,2,1
40.2,37.9,2003,2,1
40.7,37.3,2003,2,1
40.9,37.4,2003,2,2
41,37.4,2003,2,1
41.2,37.1,2003,2,1
43,37.3,2003,2,2
43.3,33.4,2003,2,1
44.9,37,2003,2,2
45.3,31.3,2003,2,2
47.7,30.4,2003,2,1
60.9,29.5,2003,2,1
63.4,32.2,2003,2,2
63.5,35.5,2003,2,1
64.3,31.6,2003,2,1
66.5,32.2,2003,2,1
66.6,31.2,2003,2,1
67.1,32.8,2003,2,1
69.3,32.3,2003,2,1
69.5,32.9,2003,2,1
71.6,34,2003,2,1
74.3,33.2,2003,2,1
74.3,34.6,2003,2,1
74.4,33.1,2003,2,1
74.4,34.4,2003,2,2
74.5,32.5,2003,2,1
74.6,32.8,2003,2,1
74.6,34.2,2003,2,1
74.6,34.4,2003,2,1
74.7,34.3,2003,2,1
74.7,34.5,2003,2,1
74.8,33.8,2003,2,1
74.9,33.7,2003,2,1
75,13.5,2003,2,1
75,33.6,2003,2,2
75,33.8,2003,2,1
75,34.2,2003,2,1
75.1,33.6,2003,2,1
75.2,33.9,2003,2,2
75.6,35.4,2003,2,1
76.2,34.2,2003,2,1
76.3,34.7,2003,2,1
78.6,17.9,2003,2,1
79.3,16.3,2003,2,1
79.8,15.8,2003,2,3
-16.1,12.5,2003,1,1
-15.6,12.9,2003,1,1
-2.2,31.6,2003,1,1
-2,43.2,2003,1,1
-0.6,34.8,2003,1,1
-0.6,35.7,2003,1,1
-0.5,34.8,2003,1,1
0,35.3,2003,1,1
1.6,36.2,2003,1,1
1.7,36.2,2003,1,1
2,35.5,2003,1,1
2.1,36,2003,1,1
3.3,36.7,2003,1,1
3.8,36.6,2003,1,1
4,36.8,2003,1,1
4.1,36.3,2003,1,1
5.8,36.8,2003,1,1
6.5,36.8,2003,1,1
6.5,37,2003,1,1
6.6,36.4,2003,1,1
6.6,36.7,2003,1,1
6.9,36.8,2003,1,1
7.1,35.2,2003,1,1
7.1,35.8,2003,1,1
7.1,35.9,2003,1,1
7.6,37,2003,1,1
8.2,35.2,2003,1,1
12.1,13.1,2003,1,1
35,32.2,2003,1,1
35.2,32.1,2003,1,1
35.4,33.1,2003,1,1
36.9,40.4,2003,1,1
39.9,39.2,2003,1,1
40.1,39.2,2003,1,1
40.5,38,2003,1,1
41,38.1,2003,1,1
41,38.8,2003,1,1
41.5,39.9,2003,1,1
41.8,38.2,2003,1,1
42.4,38.3,2003,1,1
42.5,37.2,2003,1,1
42.6,37.4,2003,1,1
43.4,37,2003,1,1
43.6,39.2,2003,1,1
43.9,39.1,2003,1,1
44,38,2003,1,1
44.1,37.5,2003,1,1
44.2,34,2003,1,1
45,34.7,2003,1,1
47.4,31,2003,1,1
64.9,31.5,2003,1,1
64.9,31.6,2003,1,1
65.5,32.6,2003,1,1
65.6,31.4,2003,1,1
65.6,31.6,2003,1,1
65.7,32.2,2003,1,1
67.2,32.2,2003,1,1
67.3,32.2,2003,1,1
67.8,31.9,2003,1,1
69.4,33,2003,1,1
69.5,33.4,2003,1,1
70,30,2003,1,1
70,33.3,2003,1,1
70.8,35.3,2003,1,1
71.2,35,2003,1,1
72.7,23.1,2003,1,1
73.9,33.8,2003,1,1
73.9,33.9,2003,1,2
73.9,34,2003,1,1
74,33.3,2003,1,1
74,33.6,2003,1,1
74,33.7,2003,1,1
74,34.1,2003,1,1
74,34.7,2003,1,1
74.1,33,2003,1,1
74.1,34,2003,1,1
74.2,33.3,2003,1,1
74.3,33,2003,1,1
74.3,34.2,2003,1,1
74.4,33.6,2003,1,1
74.5,32.8,2003,1,1
74.5,33.1,2003,1,1
74.6,33.9,2003,1,1
74.7,32.7,2003,1,1
74.7,33.4,2003,1,1
74.7,33.8,2003,1,1
74.7,34.1,2003,1,1
74.8,32.8,2003,1,1
74.8,34,2003,1,1
74.8,34.2,2003,1,1
75,33.7,2003,1,1
75,33.9,2003,1,1
75.2,33.7,2003,1,1
76.1,34.5,2003,1,1
77.2,28.6,2003,1,1
78.7,16.5,2003,1,1
79.5,15.5,2003,1,1
15.9,21.4,2003,0,1
22.2,18.2,2003,0,1
22.6,14,2003,0,1
24.7,14.2,2003,0,1
47.7,30.1,2003,0,1
64.1,29.5,2003,0,1
64.4,31.6,2003,0,1
64.7,31.9,2003,0,1
65,33,2003,0,1
65.2,31.1,2003,0,2
65.3,31.5,2003,0,1
65.5,31.4,2003,0,1
65.5,32.9,2003,0,1
65.7,31.6,2003,0,1
65.9,31.4,2003,0,1
66.2,31.7,2003,0,1
67.1,31.9,2003,0,2
67.9,31.6,2003,0,1
69.2,33.6,2003,0,2
69.4,33.5,2003,0,1
70.4,34.3,2003,0,1
71,35.2,2003,0,1
73.1,33.6,2003,0,1
74.7,32.5,2003,0,1
43.8,33.4,2004,1702,46
24.4,13.2,2004,821,3
22.8,15,2004,662,3
24.9,12.1,2004,615,2
44.3,32,2004,578,22
44.4,33.3,2004,507,62
44.5,43.2,2004,339,2
43.1,36.3,2004,302,60
23,13,2004,260,3
45.7,43.3,2004,224,64
76.7,33.9,2004,169,12
34.5,31.5,2004,151,56
25.4,13.6,2004,145,3
25.7,12.6,2004,125,1
44,32.6,2004,122,15
23.2,11.3,2004,120,1
44.8,43.2,2004,117,9
42.4,36.4,2004,99,6
44.4,32,2004,97,13
44.6,33.7,2004,95,5
69.6,32.5,2004,89,5
47.8,30.5,2004,84,6
69.6,32.3,2004,77,8
44,33,2004,75,7
45.8,32.5,2004,72,2
69.9,32.5,2004,68,4
47.1,31.8,2004,60,7
44.3,32.9,2004,56,2
45.6,33.7,2004,52,1
23.2,15.1,2004,51,2
32.7,10,2004,49,2
16.1,20.4,2004,46,1
69.5,32.3,2004,46,2
74.3,33.6,2004,46,21
74.7,34.4,2004,46,18
43.9,34.2,2004,43,2
74.8,34.1,2004,43,18
46.1,43,2004,42,13
24.9,13.5,2004,40,2
23.4,11.9,2004,38,1
34.3,31.3,2004,38,18
34.2,31.3,2004,37,15
46.7,24.7,2004,37,15
69.2,41.3,2004,37,8
34.5,31.6,2004,36,13
65.5,32.9,2004,36,6
35.3,32.5,2004,35,19
65.5,32.6,2004,34,11
75.2,33.5,2004,33,1
22,13.1,2004,31,1
35.3,32.2,2004,31,18
13.4,10.2,2004,30,1
46,43.2,2004,30,10
66.3,32.4,2004,30,3
74.2,34.4,2004,29,16
66.7,32.6,2004,28,4
44.4,32.5,2004,27,5
67.4,32.5,2004,27,6
67.9,31.6,2004,27,1
74.4,34.2,2004,27,12
70.9,35,2004,26,1
25.2,13.3,2004,25,1
45.5,43.1,2004,25,6
74.2,33.2,2004,25,11
75,33.7,2004,25,13
34.4,31.4,2004,24,7
44.1,37.5,2004,24,5
74.3,33.7,2004,24,12
39.5,39.1,2004,23,14
42.5,37.9,2004,23,4
43.3,33.4,2004,23,2
44.4,35.5,2004,23,2
74.3,33.8,2004,23,12
75,33.8,2004,23,5
25.6,12.4,2004,22,1
46.2,43,2004,22,1
74.1,33.8,2004,22,8
3.7,36.8,2004,21,7
42.4,34.1,2004,21,1
67.3,31.3,2004,21,1
74.2,33.7,2004,21,8
12.1,13.1,2004,20,1
45.8,43.3,2004,20,4
74.8,32.7,2004,20,3
0.9,35.7,2004,19,4
35,32.3,2004,19,9
46.2,43.1,2004,19,2
74.5,34.3,2004,19,8
46.1,43.2,2004,18,5
65.8,31,2004,18,4
75.3,33.5,2004,18,10
75.6,33.1,2004,18,11
45.9,43.1,2004,17,6
65.7,31.6,2004,17,3
67.2,31.9,2004,17,5
74.1,33.6,2004,17,10
74.4,34.7,2004,17,7
75,33.6,2004,17,8
44.8,43.4,2004,16,8
46.3,31.1,2004,16,2
46.4,43,2004,16,4
67,31.8,2004,16,2
70.2,33.4,2004,16,3
3.5,36.8,2004,15,5
14.5,12.1,2004,15,1
42.6,37.4,2004,15,5
62.1,26.1,2004,15,1
66.4,31,2004,15,3
69.9,33.4,2004,15,4
74.3,34.3,2004,15,7
74.4,33.6,2004,15,4
74.8,34,2004,15,8
75.2,33.4,2004,15,8
64,31,2004,14,7
65.9,32.6,2004,14,4
67,30.2,2004,14,2
73.8,34.4,2004,14,4
74.3,33.4,2004,14,9
75.2,33.8,2004,14,11
75.7,33.3,2004,14,6
39.6,39,2004,13,4
45.3,43.3,2004,13,4
66,32.1,2004,13,4
67.3,31.4,2004,13,2
67.6,32.2,2004,13,2
74.9,34.1,2004,13,4
4.2,36.8,2004,12,2
36.3,36.6,2004,12,7
42.5,37.8,2004,12,4
46.1,43.4,2004,12,3
66.5,32.2,2004,12,4
74.1,34,2004,12,2
75,34,2004,12,4
75.5,33.2,2004,12,6
44,42.3,2004,11,8
45.9,43.2,2004,11,4
46.3,43.2,2004,11,2
64.8,32.4,2004,11,1
65,33,2004,11,1
67.2,32.9,2004,11,2
74.2,33.6,2004,11,6
74.7,34.5,2004,11,5
74.9,33.8,2004,11,9
75.1,33.7,2004,11,3
4,36.5,2004,10,2
4.7,36.9,2004,10,1
4.9,36.7,2004,10,3
12.5,13.1,2004,10,1
24.4,14.3,2004,10,1
26.6,11.6,2004,10,1
34.4,31.5,2004,10,6
39.2,21.5,2004,10,5
45,36.5,2004,10,6
45.9,43.3,2004,10,3
46.1,42.7,2004,10,1
67.2,32.2,2004,10,6
74.2,34.5,2004,10,3
74.4,33.5,2004,10,7
74.5,33.5,2004,10,6
74.5,34.2,2004,10,5
74.7,32.6,2004,10,5
74.8,33.3,2004,10,6
74.8,34.2,2004,10,5
74.8,34.5,2004,10,1
75,33.3,2004,10,7
0.3,34.7,2004,9,3
4,36.7,2004,9,6
35.2,31.9,2004,9,4
42.2,37.7,2004,9,4
42.4,34.2,2004,9,1
64.2,31.9,2004,9,1
65,31.6,2004,9,2
66.1,30.2,2004,9,3
69.5,32.2,2004,9,1
74.4,34.5,2004,9,4
74.7,34.1,2004,9,4
74.8,33.8,2004,9,5
75.1,33.4,2004,9,8
75.1,33.9,2004,9,6
27.4,12.2,2004,8,1
43.9,42.4,2004,8,1
44,42.2,2004,8,3
44.7,43.4,2004,8,3
44.9,43.1,2004,8,2
45.4,43.2,2004,8,5
45.8,42.9,2004,8,3
46.2,42.9,2004,8,3
62.5,31,2004,8,1
65.1,32.3,2004,8,2
66.9,32.1,2004,8,3
69.2,34.5,2004,8,1
74.3,33.5,2004,8,5
74.3,34.4,2004,8,5
74.6,34,2004,8,6
74.9,34.3,2004,8,2
75.2,33,2004,8,7
75.9,33.1,2004,8,6
0.9,35.8,2004,7,2
3.6,36.7,2004,7,2
3.7,34.3,2004,7,1
4.9,36.8,2004,7,1
5.8,36.8,2004,7,4
8.1,35.4,2004,7,1
44.4,33,2004,7,3
44.8,43.3,2004,7,3
45,43.3,2004,7,3
45.1,33.7,2004,7,1
45.5,42.7,2004,7,2
45.7,43.1,2004,7,2
46,43.1,2004,7,2
46.1,42.9,2004,7,2
66.2,32.7,2004,7,1
66.7,33,2004,7,3
70,33.2,2004,7,2
74.1,33.7,2004,7,4
74.1,34.3,2004,7,4
74.2,34.3,2004,7,3
74.3,34.5,2004,7,5
74.4,34.1,2004,7,2
74.5,34.1,2004,7,5
74.6,34.1,2004,7,3
75.2,33.7,2004,7,6
75.2,33.9,2004,7,3
2,36.3,2004,6,1
3.1,36.8,2004,6,4
3.6,36.8,2004,6,4
3.7,34.4,2004,6,1
6,36.8,2004,6,4
24.7,13.8,2004,6,1
25.3,11.8,2004,6,1
35.1,31.5,2004,6,6
36.6,40.4,2004,6,1
40.5,38,2004,6,4
44.2,33.3,2004,6,3
44.3,33.5,2004,6,1
44.4,32.7,2004,6,1
46.1,43.1,2004,6,2
47.5,40.5,2004,6,1
50.2,26.3,2004,6,1
62.9,32.6,2004,6,1
64.9,31.7,2004,6,1
65,32.1,2004,6,1
65.5,33,2004,6,2
66.6,27.5,2004,6,1
67.5,32.2,2004,6,1
69.8,32.4,2004,6,3
74,34.5,2004,6,2
74.2,33.8,2004,6,2
74.4,34.6,2004,6,2
74.7,34.2,2004,6,1
74.9,33.7,2004,6,3
75.1,33.8,2004,6,5
75.4,33.2,2004,6,2
75.4,33.5,2004,6,2
75.7,33,2004,6,5
0.1,35.6,2004,5,2
3,36.1,2004,5,1
3.4,36.6,2004,5,1
3.5,34.2,2004,5,1
3.5,36.6,2004,5,2
3.6,36.6,2004,5,4
3.8,36.6,2004,5,1
3.8,36.7,2004,5,4
4.3,35.3,2004,5,1
6.2,35.7,2004,5,1
26,16,2004,5,2
34.3,31.4,2004,5,3
35,32.2,2004,5,3
35.2,32.2,2004,5,1
42.2,37.5,2004,5,7
44.9,43.2,2004,5,2
45.9,42.7,2004,5,2
46,43,2004,5,2
46.7,43.8,2004,5,1
47.5,43,2004,5,5
47.6,42.8,2004,5,4
65.2,31.1,2004,5,2
65.6,32.9,2004,5,1
67.7,32.5,2004,5,2
68.6,33,2004,5,1
68.8,29.6,2004,5,1
69.3,32.3,2004,5,2
69.9,33.3,2004,5,2
71.3,35.1,2004,5,1
71.4,35,2004,5,1
74.3,33,2004,5,1
74.3,33.2,2004,5,1
74.4,34.3,2004,5,2
74.4,34.4,2004,5,4
74.5,32.8,2004,5,1
74.8,33.1,2004,5,3
74.8,33.2,2004,5,3
74.8,33.7,2004,5,3
75,33.5,2004,5,3
75.2,33.3,2004,5,2
75.3,32.4,2004,5,1
75.6,32.6,2004,5,2
-1,25.8,2004,4,1
1.6,35.9,2004,4,2
1.8,36.3,2004,4,1
3.9,36.8,2004,4,3
4.2,36.7,2004,4,3
5.6,16.8,2004,4,1
6.2,35.6,2004,4,1
6.4,36.8,2004,4,2
6.6,36.9,2004,4,3
7.6,37,2004,4,1
13.7,11.1,2004,4,1
13.7,11.5,2004,4,1
16.7,20.3,2004,4,1
25.3,11.9,2004,4,1
25.8,14.3,2004,4,1
26.7,13.6,2004,4,1
29,41,2004,4,1
38.1,24.1,2004,4,1
39.2,39.4,2004,4,5
40.8,39.1,2004,4,5
41.3,38.8,2004,4,1
42.3,37.4,2004,4,4
43.1,40.1,2004,4,1
43.4,38.3,2004,4,3
43.6,43.5,2004,4,1
43.7,37.1,2004,4,4
44.4,32.9,2004,4,1
45,36.7,2004,4,1
45.8,43,2004,4,1
45.9,43,2004,4,2
46.3,43,2004,4,3
62.9,31.7,2004,4,1
63.1,26,2004,4,1
64.1,30.9,2004,4,1
64.5,32.5,2004,4,1
65.2,30.1,2004,4,1
66.8,32.4,2004,4,1
67,32.5,2004,4,1
67.1,31.9,2004,4,1
67.4,31.7,2004,4,2
67.6,32.7,2004,4,2
68.3,32.1,2004,4,1
70.1,33,2004,4,1
70.7,34.3,2004,4,1
74.4,33.2,2004,4,2
74.5,34.4,2004,4,3
74.7,33.9,2004,4,2
74.9,33.3,2004,4,2
75.2,33.2,2004,4,2
75.2,33.6,2004,4,3
75.3,33.3,2004,4,1
75.4,33.7,2004,4,1
75.7,33.2,2004,4,1
75.7,33.4,2004,4,2
-16.2,12.5,2004,3,1
0.1,35.4,2004,3,1
0.3,34.8,2004,3,1
0.6,35.6,2004,3,1
1.9,36.6,2004,3,1
3,28,2004,3,2
3.1,36.7,2004,3,1
3.3,36.6,2004,3,2
3.3,36.7,2004,3,2
3.7,36.7,2004,3,3
3.8,36.5,2004,3,2
4.1,36.9,2004,3,1
5.1,36.8,2004,3,1
5.9,35.5,2004,3,1
6.2,36.8,2004,3,2
6.3,35.6,2004,3,1
7,35,2004,3,1
24.1,12.8,2004,3,1
25,12.7,2004,3,1
26.5,12.3,2004,3,1
34.3,31.2,2004,3,2
35.2,31.8,2004,3,1
36.2,36.5,2004,3,1
38.2,37.8,2004,3,1
39.1,39.3,2004,3,1
39.2,39.1,2004,3,3
39.6,38.9,2004,3,1
39.8,39.2,2004,3,2
40.2,37.9,2004,3,2
41,37.4,2004,3,2
41.1,37.9,2004,3,1
41.4,37.6,2004,3,2
42.2,37.8,2004,3,3
43.2,37.6,2004,3,5
43.5,44.7,2004,3,1
43.6,37.2,2004,3,3
44,36.2,2004,3,2
44.9,34,2004,3,1
45.3,43,2004,3,2
45.6,42.7,2004,3,1
46,42.2,2004,3,1
46.1,43.7,2004,3,3
47.7,30.4,2004,3,1
63.4,32.2,2004,3,1
64.5,32.2,2004,3,1
64.7,31.8,2004,3,1
65.5,32,2004,3,2
69.7,32.3,2004,3,4
69.8,33.3,2004,3,1
73.7,34.4,2004,3,3
74.1,33.4,2004,3,1
74.2,33.3,2004,3,1
74.3,34.2,2004,3,2
74.5,33.7,2004,3,1
74.6,33.4,2004,3,1
74.6,34.2,2004,3,2
74.6,34.4,2004,3,2
75,33.9,2004,3,1
75.1,33.3,2004,3,2
75.1,33.6,2004,3,3
75.2,32.5,2004,3,3
75.4,33.8,2004,3,2
75.6,33.3,2004,3,3
75.7,32.8,2004,3,3
78.7,16.6,2004,3,1
-0.5,34.8,2004,2,2
0.5,35.7,2004,2,1
0.6,35.7,2004,2,1
0.7,35.8,2004,2,2
1.1,35.9,2004,2,2
1.2,36.2,2004,2,2
1.3,36.2,2004,2,2
1.8,35.8,2004,2,1
2,35.9,2004,2,1
2.2,36.3,2004,2,1
2.6,35.9,2004,2,1
3,36.8,2004,2,1
3.1,36.6,2004,2,1
3.3,36.8,2004,2,1
3.4,36.8,2004,2,1
3.5,36.7,2004,2,1
3.7,36.9,2004,2,2
3.8,36.8,2004,2,1
3.8,36.9,2004,2,1
3.9,36.4,2004,2,1
3.9,36.7,2004,2,2
4,36.6,2004,2,1
4.2,36,2004,2,1
4.3,36.4,2004,2,1
4.3,36.8,2004,2,1
4.4,36.7,2004,2,2
5.5,36.2,2004,2,1
5.5,36.5,2004,2,1
5.7,36.6,2004,2,1
6.6,36.7,2004,2,1
6.6,37,2004,2,1
7.1,35.4,2004,2,1
7.1,36.7,2004,2,2
25,11,2004,2,1
25.2,10.8,2004,2,1
35.2,32.1,2004,2,2
35.3,32.3,2004,2,2
35.3,32.4,2004,2,2
35.5,31.9,2004,2,2
37.3,37.7,2004,2,1
39.4,39.3,2004,2,2
39.4,40.4,2004,2,1
40.1,38.4,2004,2,1
40.6,37.2,2004,2,1
40.6,38.5,2004,2,1
40.6,38.7,2004,2,1
40.9,37.4,2004,2,2
41,38.1,2004,2,2
41.2,37.1,2004,2,2
41.3,37.9,2004,2,1
41.4,38.1,2004,2,1
42.1,38.4,2004,2,1
42.3,38.5,2004,2,1
43.2,44.4,2004,2,1
44.2,37.5,2004,2,1
44.7,36.9,2004,2,2
45,43.1,2004,2,1
45.2,43.2,2004,2,1
45.5,43.2,2004,2,1
45.6,43.2,2004,2,1
45.7,43,2004,2,1
45.8,43.1,2004,2,1
46.3,43.4,2004,2,2
46.3,43.5,2004,2,1
46.6,43.3,2004,2,2
63.1,30.2,2004,2,1
63.9,30.2,2004,2,1
64.1,31.3,2004,2,1
65.4,33,2004,2,1
65.6,32.1,2004,2,1
66.5,31.9,2004,2,1
66.7,32.3,2004,2,1
67.7,32.2,2004,2,1
67.8,33.3,2004,2,2
69.4,33.5,2004,2,1
69.5,33.2,2004,2,1
69.8,32.5,2004,2,4
69.9,32.7,2004,2,2
71.2,33.8,2004,2,1
71.5,35.3,2004,2,1
74,34.3,2004,2,1
74,34.4,2004,2,2
74.1,34.4,2004,2,1
74.2,33,2004,2,1
74.2,33.9,2004,2,2
74.3,33.3,2004,2,1
74.4,33.3,2004,2,1
74.5,33.6,2004,2,2
74.6,34.3,2004,2,1
74.7,32.9,2004,2,2
74.7,33.3,2004,2,1
74.8,33.9,2004,2,2
74.8,34.4,2004,2,1
74.9,33.2,2004,2,1
74.9,33.4,2004,2,1
74.9,33.9,2004,2,2
75.1,33.5,2004,2,1
75.3,33.6,2004,2,1
75.3,33.7,2004,2,2
75.3,33.8,2004,2,2
75.3,34,2004,2,2
77.2,28.6,2004,2,1
-3.1,30.2,2004,1,1
-1.4,34.7,2004,1,1
-0.8,34.5,2004,1,1
-0.7,34.9,2004,1,1
-0.6,35.7,2004,1,1
-0.4,34.7,2004,1,1
0.6,36,2004,1,1
0.9,35.1,2004,1,1
0.9,35.6,2004,1,1
3.2,36.7,2004,1,1
3.4,36.7,2004,1,1
3.9,35.8,2004,1,1
3.9,36.2,2004,1,1
4.2,36.4,2004,1,1
4.3,36.5,2004,1,1
4.6,35,2004,1,1
5.6,36.6,2004,1,1
6.4,35.6,2004,1,1
6.5,36.6,2004,1,1
6.7,36,2004,1,1
7.3,36.8,2004,1,1
7.6,36.9,2004,1,1
7.8,35,2004,1,1
12,11.7,2004,1,1
30.7,36.9,2004,1,1
34.8,31.8,2004,1,1
35,31.6,2004,1,1
35.1,32.3,2004,1,1
35.1,32.4,2004,1,2
35.2,31.7,2004,1,1
35.3,32.1,2004,1,1
35.3,37,2004,1,1
36.2,36.2,2004,1,1
36.2,36.9,2004,1,1
36.3,33.5,2004,1,1
36.5,36.8,2004,1,1
38.9,39.1,2004,1,1
39.1,39.1,2004,1,1
39.5,38.9,2004,1,1
39.6,38.3,2004,1,2
39.6,39.2,2004,1,1
39.7,39.6,2004,1,1
39.8,21.4,2004,1,1
40.3,37.3,2004,1,1
40.3,37.4,2004,1,2
40.5,38.9,2004,1,1
40.6,38.8,2004,1,2
40.9,39.3,2004,1,1
41,38.8,2004,1,1
41.5,39.9,2004,1,1
41.9,37.5,2004,1,1
41.9,37.9,2004,1,1
42.3,37.9,2004,1,1
42.4,38.3,2004,1,1
42.6,36.2,2004,1,1
42.9,39.2,2004,1,1
43,37.3,2004,1,1
43.4,38,2004,1,1
43.6,33.4,2004,1,1
43.6,37.3,2004,1,1
43.7,37.6,2004,1,2
43.7,38.4,2004,1,1
43.8,43.5,2004,1,1
44,38.1,2004,1,1
44.6,43.2,2004,1,1
44.6,43.5,2004,1,1
44.7,43,2004,1,1
44.8,44.2,2004,1,1
44.9,36.9,2004,1,1
45,43.2,2004,1,1
45.4,43.1,2004,1,1
45.6,42.8,2004,1,1
46.2,35.5,2004,1,1
46.2,43.2,2004,1,1
46.5,43.1,2004,1,1
47.3,39.4,2004,1,1
47.3,39.6,2004,1,1
62.4,32.6,2004,1,1
62.5,32.6,2004,1,1
62.9,32.2,2004,1,1
64.4,31.5,2004,1,1
64.6,31.8,2004,1,1
64.7,32.3,2004,1,1
65,32.5,2004,1,1
65.3,32.9,2004,1,1
66,32.8,2004,1,2
66.1,31.7,2004,1,1
66.3,31.2,2004,1,1
66.3,32.9,2004,1,2
66.9,32.4,2004,1,1
67.2,32.7,2004,1,1
67.4,32.3,2004,1,1
67.5,32.6,2004,1,1
68.1,31.7,2004,1,2
69.2,33,2004,1,2
69.2,33.6,2004,1,1
70,33,2004,1,1
70.1,32.3,2004,1,2
70.1,34.8,2004,1,1
70.5,34.4,2004,1,1
71.1,35,2004,1,2
74,33.8,2004,1,1
74.1,34.6,2004,1,1
74.2,33.1,2004,1,1
74.2,33.5,2004,1,1
74.2,34.1,2004,1,1
74.3,33.9,2004,1,1
74.3,34.6,2004,1,1
74.5,33,2004,1,1
74.5,33.3,2004,1,1
74.5,33.9,2004,1,1
74.5,34,2004,1,1
74.6,33.3,2004,1,1
74.7,34,2004,1,1
74.8,34.3,2004,1,1
74.9,33.6,2004,1,1
75.1,33.2,2004,1,1
75.2,34,2004,1,1
75.3,33.9,2004,1,1
75.4,32.4,2004,1,1
75.4,33.1,2004,1,1
75.4,33.3,2004,1,1
75.5,33.5,2004,1,1
75.5,33.9,2004,1,1
75.9,33,2004,1,1
78.4,16.3,2004,1,1
12.8,11.2,2004,0,1
22.5,13.2,2004,0,1
25,12,2004,0,1
25,13,2004,0,1
37.6,55.8,2004,0,1
40.4,21.3,2004,0,1
40.8,39.5,2004,0,1
41.4,37.1,2004,0,1
42,44.2,2004,0,1
43.2,25.9,2004,0,1
43.4,38.5,2004,0,1
43.8,38.4,2004,0,1
43.9,42.3,2004,0,1
44,26.1,2004,0,1
44,26.3,2004,0,4
44.2,33.1,2004,0,1
44.3,37.6,2004,0,1
46.4,24.9,2004,0,1
46.6,43.8,2004,0,1
50.1,23,2004,0,1
51.5,25.3,2004,0,1
63.7,34,2004,0,1
64.4,33.5,2004,0,1
64.8,31.8,2004,0,1
64.8,35.4,2004,0,1
64.8,35.8,2004,0,1
65.6,31.6,2004,0,1
65.6,33.4,2004,0,1
66.2,32.2,2004,0,1
66.3,31.8,2004,0,1
66.6,31.5,2004,0,1
66.8,32.6,2004,0,1
67,24.9,2004,0,1
67.6,33.7,2004,0,1
67.7,32.7,2004,0,1
67.9,32.3,2004,0,1
68.7,33.7,2004,0,1
68.8,32.4,2004,0,1
68.9,34,2004,0,1
69.1,33.5,2004,0,1
69.1,34,2004,0,1
69.2,34,2004,0,1
69.3,32.7,2004,0,1
69.3,33.7,2004,0,1
69.4,32.3,2004,0,1
69.5,32.4,2004,0,1
69.5,32.5,2004,0,1
69.5,32.6,2004,0,1
69.7,32.4,2004,0,1
69.8,32.2,2004,0,1
69.8,32.6,2004,0,3
70,30,2004,0,1
70.1,34.2,2004,0,1
70.1,34.3,2004,0,1
70.2,34.8,2004,0,1
70.4,34.3,2004,0,1
70.9,31.8,2004,0,1
44.4,33.3,2005,614,109
42.4,36.4,2005,282,29
43.1,36.3,2005,232,96
41.2,34.4,2005,201,16
41,34.4,2005,172,16
43.6,43.5,2005,162,6
41.8,33,2005,152,10
66.7,32.6,2005,151,13
45.7,43.3,2005,125,59
65.5,32.6,2005,112,16
43.3,33.4,2005,111,12
66.3,32.4,2005,106,4
22.2,13.5,2005,100,1
44,36.2,2005,96,3
74.8,34.1,2005,89,36
25.6,12.4,2005,80,1
44.6,33.7,2005,77,13
74.2,34.4,2005,74,29
42.4,34.1,2005,63,10
42.6,37.4,2005,62,18
76.7,33.9,2005,62,32
64.6,31.8,2005,61,10
75.2,33.8,2005,60,30
74.1,33.8,2005,57,25
34.5,31.5,2005,55,14
41,34.2,2005,55,4
44.4,32.5,2005,55,5
66,32.1,2005,55,8
47.5,43,2005,53,17
70.9,34.9,2005,53,3
63.1,29.9,2005,50,5
70.1,33,2005,50,6
75.6,33.1,2005,46,24
46.1,43,2005,44,15
79.8,15.8,2005,42,10
42.1,36.8,2005,40,1
44.4,35.5,2005,39,6
65.3,32.7,2005,38,2
43.7,34.6,2005,36,6
69.5,32.9,2005,36,2
74.9,33.8,2005,36,21
65.7,31.6,2005,35,16
44.5,33.8,2005,34,2
74.4,34.2,2005,34,20
39.2,39.4,2005,32,5
44.7,34.8,2005,30,1
69.3,32.5,2005,30,2
74.2,33.2,2005,29,17
46.4,43,2005,28,7
71.1,34.9,2005,28,6
44.2,33.3,2005,27,3
43.9,34.2,2005,26,8
70.1,34.9,2005,25,2
74.5,34.3,2005,25,11
24.9,12.1,2005,24,1
25,13,2005,24,2
25.2,13.1,2005,24,2
44.1,37.5,2005,24,8
45.1,37.6,2005,24,3
66,32.8,2005,24,8
74.7,33.9,2005,24,9
67.2,32.2,2005,23,5
69.4,33,2005,23,4
64,32.1,2005,22,3
42.8,37.7,2005,21,1
65.2,32,2005,21,3
66.4,31,2005,21,6
74.7,34.4,2005,21,8
44.2,34.1,2005,20,11
44.6,34.9,2005,20,3
45.4,35.6,2005,20,5
64,29.4,2005,20,3
65.4,32.9,2005,20,3
67.2,31.9,2005,20,9
35,32.3,2005,19,8
43.8,35.3,2005,19,1
67.4,32.5,2005,19,8
74.3,33.6,2005,19,11
5.7,34.9,2005,18,1
39.5,39.1,2005,18,10
65.5,32.9,2005,18,4
65.8,31,2005,18,9
74.4,34.7,2005,18,6
3,28,2005,17,4
42.7,36.5,2005,17,1
70,33.1,2005,17,2
3.7,36.8,2005,16,9
42.6,36.2,2005,16,2
42.8,33.6,2005,16,2
74.8,34.6,2005,16,1
75.2,33,2005,16,11
43.5,25.9,2005,15,3
65.9,32.6,2005,15,6
73.7,34.4,2005,14,4
75,33.3,2005,14,7
3.1,36.6,2005,13,1
4.1,34.7,2005,13,1
45.1,33.7,2005,13,1
64.9,32.5,2005,13,1
68.3,32.3,2005,13,2
1,20.2,2005,12,1
7.1,35.4,2005,12,1
35.3,32.2,2005,12,9
43,33.5,2005,12,1
44.1,34,2005,12,1
46.6,43.3,2005,12,9
62,25.6,2005,12,4
64.2,31.1,2005,12,1
66.2,30.2,2005,12,1
69.4,33.5,2005,12,1
70,33.4,2005,12,1
74.1,34,2005,12,4
4.8,35.9,2005,11,1
42.5,37.5,2005,11,2
43.8,43.5,2005,11,2
44.4,33.7,2005,11,1
44.7,33.7,2005,11,1
44.8,43.2,2005,11,7
45.9,43.3,2005,11,2
47.6,42.8,2005,11,5
67,32.5,2005,11,1
67.2,32.9,2005,11,3
69.2,34.5,2005,11,3
71.3,35.5,2005,11,3
74.7,32.6,2005,11,4
74.8,33.7,2005,11,5
-0.5,34.8,2005,10,2
6.9,36.9,2005,10,5
40.8,39.1,2005,10,2
45.2,43.3,2005,10,2
45.8,43.1,2005,10,2
47.8,30.5,2005,10,4
66.2,31,2005,10,2
66.5,31.9,2005,10,1
67.8,33.3,2005,10,2
74.4,34.5,2005,10,3
77.5,16.7,2005,10,1
78.2,18.5,2005,10,1
35.3,32.5,2005,9,8
39.3,39.3,2005,9,1
39.6,39,2005,9,3
45.4,32.8,2005,9,1
45.4,34.3,2005,9,1
45.5,43.1,2005,9,3
45.9,43.1,2005,9,6
50.1,26.4,2005,9,3
62.7,28.8,2005,9,1
66.7,32,2005,9,2
67.3,32.5,2005,9,1
69.5,33,2005,9,2
69.9,33.4,2005,9,5
71.1,35,2005,9,6
74.1,33.6,2005,9,4
74.3,33.7,2005,9,4
74.4,33.2,2005,9,3
74.6,34.2,2005,9,3
74.9,33.7,2005,9,3
75.2,33.9,2005,9,5
75.9,33.1,2005,9,5
3,36.1,2005,8,2
3.9,36.9,2005,8,4
5.7,36.6,2005,8,1
34.4,31.4,2005,8,6
44.2,33.8,2005,8,1
44.5,34.3,2005,8,1
45.8,42.9,2005,8,4
46.2,43,2005,8,5
46.2,43.2,2005,8,1
64,31,2005,8,6
65,31.6,2005,8,3
65,32.1,2005,8,4
65,33,2005,8,3
65.5,32,2005,8,2
66.7,32.8,2005,8,1
67.8,32.9,2005,8,1
69.9,33.3,2005,8,3
70.1,32.8,2005,8,1
74.2,34.3,2005,8,4
74.4,34,2005,8,1
74.9,34,2005,8,3
75,33.8,2005,8,3
75.1,33.7,2005,8,4
75.3,33.5,2005,8,4
27.3,37.9,2005,7,3
35.3,32.4,2005,7,4
39.5,39.2,2005,7,3
41.3,37.9,2005,7,1
42.2,37.5,2005,7,6
42.3,37.9,2005,7,3
42.5,37.9,2005,7,4
44,33,2005,7,7
44.6,37.3,2005,7,2
46.1,43.2,2005,7,1
65.2,30.1,2005,7,2
66.5,32.2,2005,7,4
66.6,31.9,2005,7,1
69.9,33.5,2005,7,4
74,34.4,2005,7,3
74,34.7,2005,7,1
75.1,33.9,2005,7,5
75.4,33.6,2005,7,2
5.8,36.8,2005,6,2
24.7,14.2,2005,6,1
41.9,37.5,2005,6,1
42,44.2,2005,6,1
42.3,37.5,2005,6,2
44,26.3,2005,6,1
45.8,42.5,2005,6,2
47.6,42.9,2005,6,2
63.9,31.6,2005,6,2
65.4,31.6,2005,6,4
65.4,32.2,2005,6,1
66,32.7,2005,6,1
66.9,32.1,2005,6,5
67.2,32.3,2005,6,2
67.3,32,2005,6,1
67.4,31.7,2005,6,1
67.5,32.2,2005,6,1
68.7,32.9,2005,6,1
69.1,34.1,2005,6,1
69.2,33,2005,6,5
69.3,32.7,2005,6,2
69.8,32.6,2005,6,3
70.2,33.4,2005,6,1
70.3,33,2005,6,2
74.3,34.4,2005,6,2
74.5,33.1,2005,6,1
74.5,34,2005,6,1
74.6,33.3,2005,6,2
74.6,34.1,2005,6,2
74.8,33.3,2005,6,3
74.8,33.8,2005,6,4
75,33.6,2005,6,6
75,33.7,2005,6,4
75.1,33.8,2005,6,4
77.2,13.4,2005,6,1
1.6,36.4,2005,5,1
2.2,36.2,2005,5,1
4,36.7,2005,5,2
35.6,33.3,2005,5,1
38.7,39.4,2005,5,1
41.9,36.3,2005,5,1
42.3,37.4,2005,5,3
43.7,38.4,2005,5,3
44.8,33.7,2005,5,1
44.8,43.4,2005,5,2
44.8,44.2,2005,5,3
45,36.5,2005,5,4
45.1,43.1,2005,5,3
46,43.2,2005,5,4
46.5,43.3,2005,5,3
46.6,43.4,2005,5,4
46.9,40,2005,5,5
64.4,31.6,2005,5,3
64.5,32.5,2005,5,2
66.3,32.9,2005,5,1
66.4,32.3,2005,5,1
67,32.6,2005,5,1
67.5,32.6,2005,5,2
68.5,33.4,2005,5,2
68.8,32.9,2005,5,1
71.1,34.8,2005,5,2
74.2,33.6,2005,5,3
74.6,34,2005,5,3
74.7,34.3,2005,5,2
77.2,28.6,2005,5,2
79.8,19.9,2005,5,1
0.3,34.7,2005,4,1
3.9,36.7,2005,4,1
6.2,35.6,2005,4,1
34.3,31.3,2005,4,3
39.4,39.1,2005,4,1
40.5,38,2005,4,2
40.6,39,2005,4,1
41.2,37.1,2005,4,3
41.4,38.1,2005,4,1
42.1,38.4,2005,4,1
44.5,33.3,2005,4,1
44.7,43.2,2005,4,1
45.8,43.3,2005,4,3
46,35.2,2005,4,1
46.3,43.4,2005,4,2
47.5,40.5,2005,4,2
61.3,33,2005,4,1
62.9,32.6,2005,4,2
64.1,30.9,2005,4,1
64.8,32,2005,4,2
65.1,31.6,2005,4,1
65.3,32.8,2005,4,1
65.4,32.8,2005,4,2
65.5,33.1,2005,4,1
66,32,2005,4,1
66.3,33.4,2005,4,1
66.7,32.4,2005,4,1
66.9,32.7,2005,4,1
67,24.9,2005,4,1
69,32.8,2005,4,1
69,34.2,2005,4,1
70,35,2005,4,1
74.1,33.7,2005,4,2
74.2,34.1,2005,4,1
74.2,34.2,2005,4,2
74.5,33.4,2005,4,1
74.8,34.2,2005,4,4
74.8,34.4,2005,4,1
75,33.9,2005,4,5
75,34,2005,4,2
75.1,33.4,2005,4,2
75.2,33.7,2005,4,4
75.5,33.1,2005,4,2
77.8,14.2,2005,4,1
79.5,17.9,2005,4,1
1.8,36.3,2005,3,1
2.2,36.3,2005,3,1
3.7,36.9,2005,3,1
23.6,14.9,2005,3,1
29,41,2005,3,2
34.3,31.2,2005,3,3
34.5,31.6,2005,3,2
35.1,32.4,2005,3,1
35.2,32,2005,3,2
35.2,32.1,2005,3,1
39.2,39.1,2005,3,1
39.3,38.9,2005,3,1
40.2,37.9,2005,3,2
40.4,39.3,2005,3,1
40.6,38.8,2005,3,1
40.9,37.4,2005,3,3
41.3,37.4,2005,3,1
41.9,37.3,2005,3,1
41.9,43.8,2005,3,2
42.2,37.7,2005,3,2
42.4,34.2,2005,3,2
43.4,38.3,2005,3,2
43.4,38.5,2005,3,1
43.4,39,2005,3,1
44,38.1,2005,3,2
44.3,33.5,2005,3,1
44.6,33.1,2005,3,2
44.9,43.3,2005,3,2
45,43.2,2005,3,3
45.5,43.3,2005,3,1
45.7,43.1,2005,3,1
45.9,42.9,2005,3,1
46.1,43.7,2005,3,2
46.2,43.1,2005,3,1
46.3,43.1,2005,3,1
46.4,43.3,2005,3,1
46.6,40,2005,3,3
46.6,43.8,2005,3,2
46.7,43.2,2005,3,2
46.7,43.8,2005,3,1
64.1,31.5,2005,3,1
65.5,33,2005,3,2
66,32.4,2005,3,1
66,32.6,2005,3,1
66.1,31.2,2005,3,1
66.6,31.5,2005,3,1
66.7,32.5,2005,3,1
67.1,32.5,2005,3,1
67.3,32.6,2005,3,1
68.4,33.3,2005,3,2
69.2,34.4,2005,3,1
70.5,34.4,2005,3,3
70.9,35,2005,3,1
71,34.7,2005,3,1
74.2,34.5,2005,3,1
74.3,33.5,2005,3,2
74.3,34.3,2005,3,3
74.3,34.5,2005,3,1
74.5,34.1,2005,3,1
74.7,33.1,2005,3,2
75.3,34,2005,3,3
75.7,33.3,2005,3,2
76,33.1,2005,3,1
-0.5,35.4,2005,2,1
0.2,34.7,2005,2,1
0.2,34.9,2005,2,1
1.6,36.2,2005,2,1
3.5,36.7,2005,2,1
3.6,36.7,2005,2,1
3.8,36.6,2005,2,1
3.8,36.7,2005,2,1
3.9,36.4,2005,2,1
4.5,35.7,2005,2,1
34.3,31.4,2005,2,1
35,32.2,2005,2,1
35.1,32.1,2005,2,1
35.2,32.5,2005,2,1
38.6,39.5,2005,2,2
39.6,39.8,2005,2,1
39.9,39.5,2005,2,1
39.9,39.7,2005,2,1
40.1,38.4,2005,2,2
40.3,37.4,2005,2,1
41,37.4,2005,2,2
41.9,37.9,2005,2,1
42.1,37.5,2005,2,1
42.7,37.5,2005,2,1
43.2,39.7,2005,2,1
43.5,33.4,2005,2,1
43.7,37.1,2005,2,2
43.7,37.6,2005,2,2
44.1,39.5,2005,2,2
44.3,37.6,2005,2,1
44.7,36.9,2005,2,2
44.7,43.4,2005,2,2
44.8,43.3,2005,2,2
44.9,37,2005,2,2
45,34,2005,2,2
45.1,37,2005,2,1
45.1,41.1,2005,2,2
45.2,43.2,2005,2,2
45.3,34.6,2005,2,2
45.3,43,2005,2,2
45.3,43.2,2005,2,1
45.4,43.2,2005,2,2
45.4,43.4,2005,2,1
45.5,36.2,2005,2,2
45.8,43.2,2005,2,1
45.9,43,2005,2,2
46.1,42.5,2005,2,1
46.2,40.9,2005,2,2
46.4,43.7,2005,2,2
46.7,43.4,2005,2,1
46.8,43.6,2005,2,2
46.9,42.7,2005,2,1
46.9,43.2,2005,2,1
47,40.1,2005,2,2
47.9,42.6,2005,2,1
61.9,31,2005,2,1
62.3,33.4,2005,2,2
63.9,30.2,2005,2,1
64.5,31.8,2005,2,1
64.7,31.9,2005,2,1
64.7,32.5,2005,2,1
65.2,31.1,2005,2,2
65.4,32.7,2005,2,1
65.6,31.6,2005,2,1
65.6,31.8,2005,2,1
65.7,32.4,2005,2,1
65.8,31.8,2005,2,1
65.9,32.2,2005,2,1
65.9,32.7,2005,2,1
66.6,27.8,2005,2,1
66.9,31.9,2005,2,1
67.3,31.4,2005,2,1
67.8,31.8,2005,2,1
67.9,32.3,2005,2,2
68.1,32.6,2005,2,1
69.2,32.5,2005,2,1
69.2,34,2005,2,2
69.8,36.7,2005,2,1
70.2,34.4,2005,2,1
74,34.1,2005,2,1
74.2,33.1,2005,2,1
74.2,33.8,2005,2,1
74.3,33.3,2005,2,2
74.3,33.4,2005,2,1
74.3,33.8,2005,2,1
74.3,34.2,2005,2,1
74.4,33.5,2005,2,2
74.4,34.4,2005,2,2
74.5,34.2,2005,2,2
74.7,32.9,2005,2,1
74.7,34,2005,2,2
74.8,33.2,2005,2,1
74.8,34.3,2005,2,1
74.9,32.9,2005,2,1
74.9,33.9,2005,2,1
74.9,34.2,2005,2,1
75,34.2,2005,2,1
75.1,33.6,2005,2,2
75.2,32.5,2005,2,1
75.3,13.3,2005,2,1
75.3,33.3,2005,2,1
75.3,33.6,2005,2,1
75.3,33.8,2005,2,3
75.3,33.9,2005,2,3
75.5,33.2,2005,2,1
75.7,33,2005,2,1
78.6,16.4,2005,2,1
-15.2,12.7,2005,1,1
2,36.3,2005,1,1
2.7,35.9,2005,1,1
3.5,36.8,2005,1,1
3.6,36.8,2005,1,1
3.8,34.4,2005,1,1
3.8,36.5,2005,1,1
4.2,36.8,2005,1,1
4.4,36.9,2005,1,1
4.9,36.7,2005,1,1
5.6,36.6,2005,1,1
6.6,36.9,2005,1,1
32.8,39.9,2005,1,1
33.9,36.4,2005,1,1
34.2,31.3,2005,1,1
34.8,31.5,2005,1,1
34.8,31.8,2005,1,1
35.2,33,2005,1,1
35.4,33.1,2005,1,1
35.7,33.3,2005,1,1
35.8,33.4,2005,1,1
36.3,36.6,2005,1,1
37.7,55.5,2005,1,1
38.8,37.2,2005,1,1
39,39.6,2005,1,1
39.6,39.2,2005,1,1
39.8,40.9,2005,1,1
40.1,38.6,2005,1,1
40.1,39.2,2005,1,1
40.3,33,2005,1,1
40.6,38.5,2005,1,1
40.6,38.7,2005,1,1
40.7,37.3,2005,1,1
40.8,37.9,2005,1,1
41,38.1,2005,1,1
41,38.8,2005,1,1
41.4,37.2,2005,1,1
41.7,37.5,2005,1,1
41.7,38.7,2005,1,1
41.7,39.4,2005,1,1
41.9,34.5,2005,1,1
42,37.4,2005,1,1
42.2,37.8,2005,1,2
42.4,38.3,2005,1,1
42.5,37.2,2005,1,1
42.6,37.9,2005,1,1
43,37.3,2005,1,1
43.2,37.6,2005,1,1
43.6,33.4,2005,1,2
43.7,37.3,2005,1,1
43.8,33.4,2005,1,1
43.9,39.4,2005,1,1
44.9,43.1,2005,1,1
45,25,2005,1,1
45.1,43.2,2005,1,1
45.3,43.6,2005,1,1
45.6,43.2,2005,1,1
45.8,32.5,2005,1,1
45.8,43.4,2005,1,1
45.9,40.3,2005,1,1
45.9,43.5,2005,1,1
46.2,35.5,2005,1,1
46.2,35.6,2005,1,2
46.3,43.2,2005,1,1
46.3,43.5,2005,1,1
46.4,43.1,2005,1,1
46.4,43.2,2005,1,1
46.7,43.9,2005,1,1
46.8,40.4,2005,1,1
46.8,40.6,2005,1,1
47,40,2005,1,1
47,40.2,2005,1,1
47.1,42.7,2005,1,1
47.1,42.8,2005,1,1
47.2,30.3,2005,1,1
47.3,39.6,2005,1,1
47.4,40,2005,1,1
60.9,29.5,2005,1,1
62.1,33.3,2005,1,2
62.4,33.2,2005,1,1
62.8,32.8,2005,1,1
64.3,31.6,2005,1,1
64.8,31.7,2005,1,1
65.1,33.1,2005,1,1
66.5,31,2005,1,1
67,30.2,2005,1,1
67.6,32.7,2005,1,1
68.1,32.9,2005,1,1
68.4,33.5,2005,1,1
68.5,32.9,2005,1,1
68.7,33.5,2005,1,1
68.7,33.9,2005,1,1
68.8,32.4,2005,1,1
68.8,33.2,2005,1,1
68.8,34.4,2005,1,1
68.8,38.6,2005,1,1
69,33.4,2005,1,1
69.2,32.9,2005,1,1
69.3,33.7,2005,1,1
69.8,33.3,2005,1,1
69.9,33.8,2005,1,1
70,33,2005,1,4
70.1,33.5,2005,1,1
70.3,34.2,2005,1,1
70.8,35.3,2005,1,1
71.5,35.3,2005,1,1
74,33.6,2005,1,1
74.1,34.3,2005,1,1
74.1,34.4,2005,1,1
74.4,34.3,2005,1,1
74.5,33.6,2005,1,1
74.6,34.4,2005,1,1
74.8,34,2005,1,1
74.9,32.5,2005,1,1
75.4,33.3,2005,1,1
75.4,33.8,2005,1,1
75.6,32.6,2005,1,1
75.6,32.8,2005,1,1
75.6,33.2,2005,1,1
75.6,33.7,2005,1,1
75.6,33.8,2005,1,1
75.7,33.5,2005,1,1
75.8,33,2005,1,1
75.9,33,2005,1,1
78.8,14.4,2005,1,1
3.7,36.5,2005,0,1
4.7,36.7,2005,0,1
6,34.7,2005,0,1
24.2,14.6,2005,0,1
24.4,13.2,2005,0,1
39.2,21.5,2005,0,1
39.5,21.4,2005,0,1
39.6,24.5,2005,0,1
39.8,21.4,2005,0,2
40.8,39.4,2005,0,1
41.5,39.9,2005,0,1
43.6,39.2,2005,0,1
44.6,43.5,2005,0,1
44.9,25.8,2005,0,1
46.2,42.8,2005,0,1
46.7,24.7,2005,0,3
62.2,34.3,2005,0,1
64.3,31.7,2005,0,1
65.5,32.2,2005,0,1
65.7,31.7,2005,0,1
66.4,30.9,2005,0,1
67.1,36.7,2005,0,1
67.7,32.5,2005,0,1
69.2,33.6,2005,0,1
69.5,32.6,2005,0,1
69.5,32.8,2005,0,1
69.6,32.3,2005,0,1
69.6,32.5,2005,0,1
69.7,32.2,2005,0,1
69.7,32.9,2005,0,1
69.8,33.7,2005,0,1
69.9,33.1,2005,0,1
70.1,34.8,2005,0,1
70.2,33,2005,0,2
70.2,34.2,2005,0,2
70.4,33.1,2005,0,1
73.8,34.4,2005,0,1
74.5,32.8,2005,0,1
75.1,33.3,2005,0,1
78.5,17.4,2005,0,1
79,18.7,2005,0,1
44,33,2006,1792,9
22.5,13.6,2006,500,1
65.2,31.1,2006,489,30
43.3,33.4,2006,487,47
65.4,31.6,2006,366,23
44.4,33.3,2006,300,60
15,12.1,2006,294,2
41.8,33,2006,268,85
65,32.1,2006,244,25
20.9,14.5,2006,228,4
25.1,14.4,2006,210,3
23,11.2,2006,200,2
34.5,31.5,2006,199,82
64.1,30.9,2006,197,21
43.1,36.3,2006,191,47
35.8,33.8,2006,189,5
22,15.2,2006,174,1
43.8,33.4,2006,171,47
22.2,13.5,2006,167,2
65.9,32.6,2006,154,17
64.6,31.8,2006,140,26
35.4,33.1,2006,135,30
65.5,32.9,2006,116,10
66,32.8,2006,112,9
65.4,31.5,2006,110,6
71.5,34.8,2006,106,3
64.5,32.5,2006,102,13
65.7,31.6,2006,100,33
35.5,33.9,2006,95,11
42.4,36.4,2006,93,20
69.3,32.7,2006,92,14
66.2,27.7,2006,91,4
44.6,33.7,2006,86,21
64.7,32.5,2006,84,19
65.5,32.6,2006,83,9
35.2,33.3,2006,77,22
35.3,33.2,2006,76,14
64.8,32.4,2006,76,1
66.7,32.6,2006,76,4
65.5,31.5,2006,73,3
20.3,11,2006,71,2
65.5,33.1,2006,70,4
66.2,32.9,2006,70,1
44.3,33.1,2006,68,10
26,16,2006,67,4
65.6,28.5,2006,67,5
76.7,33.9,2006,67,38
69.2,34.5,2006,65,15
64.4,31.6,2006,63,13
44.9,34,2006,61,4
65.3,31.5,2006,61,4
74.8,34.1,2006,59,30
44.4,35.5,2006,57,21
71.3,35.5,2006,55,7
24.6,14.7,2006,53,2
35.3,33.1,2006,53,11
75.6,33.1,2006,52,34
35.4,33.3,2006,51,6
68.4,33.3,2006,49,8
34.4,31.4,2006,48,20
70,33.1,2006,47,2
44.2,34.1,2006,45,5
45.7,43.3,2006,45,24
36.2,34,2006,44,12
35.3,33.3,2006,43,12
35.4,33.2,2006,42,17
35.5,33.2,2006,42,13
65,33,2006,42,9
67,32.5,2006,40,6
69.3,33.2,2006,40,2
66.9,32.1,2006,38,12
71.1,34.9,2006,38,8
64,31,2006,37,8
65,32.4,2006,37,1
74.1,33.8,2006,37,14
22.3,12.6,2006,36,1
25.1,10.7,2006,36,2
34.3,31.3,2006,35,10
35.4,33.4,2006,35,6
44.4,33.7,2006,35,1
70.1,33,2006,35,5
35.5,33.1,2006,34,6
42.6,37.4,2006,34,12
35.4,33.5,2006,33,7
66,32.7,2006,33,2
74.9,33.8,2006,33,19
35.5,33.4,2006,32,10
65,32.5,2006,32,7
64.8,32.1,2006,31,2
74.4,34.2,2006,31,19
65.1,32.3,2006,30,3
35.3,32.2,2006,29,21
68.3,33.1,2006,29,5
67.2,32.9,2006,28,4
74.7,34.4,2006,28,13
66.3,32.9,2006,27,5
74.2,34.4,2006,27,19
34.2,31.3,2006,26,11
44.8,43.2,2006,26,7
65,31.6,2006,26,8
36.5,34.3,2006,25,1
43.6,37.2,2006,25,8
71.1,35,2006,25,6
44.4,33,2006,24,2
66.3,32.4,2006,24,3
70,33.5,2006,24,6
36.1,33.9,2006,23,4
64.2,31.1,2006,23,3
20.8,13.8,2006,22,1
22.8,10.1,2006,22,2
61.2,30.4,2006,22,1
65.9,32.7,2006,21,3
69.4,33,2006,21,4
28,14.6,2006,20,1
44.1,34,2006,20,4
62.2,34.3,2006,20,6
66.4,32.4,2006,20,2
68.8,32.4,2006,20,7
69.9,33.4,2006,20,7
75.2,33.8,2006,20,13
7.6,36.9,2006,19,1
22.3,11.7,2006,19,1
41.7,39,2006,19,2
43.2,35.5,2006,19,1
63.3,32,2006,19,4
64.1,30.7,2006,19,1
66.5,31.9,2006,19,4
74.4,34.7,2006,19,3
75.2,33,2006,19,9
22.8,15,2006,17,1
75.1,33.9,2006,17,7
3.2,31.1,2006,16,2
26.2,11.2,2006,16,1
26.9,11.1,2006,16,1
35.9,33.8,2006,16,6
39.5,39.1,2006,16,6
42.5,37.9,2006,16,7
62.8,32.8,2006,16,4
66.5,31,2006,16,1
67.5,32.6,2006,16,3
69.2,32.9,2006,16,1
69.7,32.9,2006,16,2
35.5,33.3,2006,15,5
42,45,2006,15,1
43.9,34.2,2006,15,6
44.2,32.9,2006,15,1
65.3,32.6,2006,15,1
68.3,33.5,2006,15,1
69.1,29.1,2006,15,1
70.9,34.9,2006,15,4
74.5,34.3,2006,15,11
74.8,34.6,2006,15,4
3.7,32.5,2006,14,1
5.9,35.5,2006,14,2
6,34.7,2006,14,2
35,32.8,2006,14,3
35.2,33.1,2006,14,5
35.3,32.4,2006,14,5
42.7,37.6,2006,14,1
74.2,33.2,2006,14,7
3.7,36.8,2006,13,3
6.9,36.9,2006,13,3
35.6,33.2,2006,13,2
43.4,39,2006,13,2
43.9,33.4,2006,13,4
44.3,33.5,2006,13,2
45.8,43.2,2006,13,1
62.5,31,2006,13,3
63.9,31.6,2006,13,5
64.7,31.9,2006,13,4
67.6,32.7,2006,13,4
67.8,33.3,2006,13,6
68.4,33.4,2006,13,6
68.4,33.5,2006,13,4
69,33.4,2006,13,6
69.2,33.6,2006,13,3
79.5,15.5,2006,13,4
3.1,36.8,2006,12,2
35.5,33.7,2006,12,1
65.6,33,2006,12,1
68.3,32.3,2006,12,4
69.3,33.7,2006,12,2
70.9,35,2006,12,6
2.2,36.2,2006,11,2
6,36.8,2006,11,2
22.1,14.5,2006,11,1
25.4,14.2,2006,11,2
34.5,31.6,2006,11,9
35.6,33.3,2006,11,3
36.1,34.6,2006,11,1
45.1,37.6,2006,11,5
46.1,43,2006,11,7
66.5,32.2,2006,11,2
67.2,31.9,2006,11,4
67.2,32.2,2006,11,8
68.9,32.4,2006,11,4
74.8,33.7,2006,11,3
78.2,14.4,2006,11,1
3.9,36.2,2006,10,2
4,36.6,2006,10,3
18.7,12.2,2006,10,1
24.7,14.2,2006,10,1
25,11.8,2006,10,1
25.8,14.3,2006,10,2
42.7,35.6,2006,10,1
43.6,34.5,2006,10,1
45,34,2006,10,1
47.5,43,2006,10,13
47.6,42.8,2006,10,5
62.9,32.2,2006,10,3
64.8,32.3,2006,10,2
65.8,31,2006,10,5
66.6,31.5,2006,10,2
68.4,31.8,2006,10,1
68.7,33.2,2006,10,1
70.2,34.8,2006,10,3
74.7,32.6,2006,10,5
74.8,34.2,2006,10,7
75,33.6,2006,10,6
78.7,16.6,2006,10,2
3.5,36.7,2006,9,4
35.3,32.5,2006,9,6
35.4,33.6,2006,9,5
41.3,38.8,2006,9,1
42.2,37.5,2006,9,5
42.3,37.4,2006,9,4
42.7,33.8,2006,9,1
43.7,37.1,2006,9,3
43.9,35.3,2006,9,1
45.1,36.7,2006,9,1
64.9,32.1,2006,9,1
67.3,32.4,2006,9,2
68,33.2,2006,9,7
68.1,32.6,2006,9,3
69.7,33.2,2006,9,3
69.7,34.8,2006,9,7
69.9,33.3,2006,9,6
74.2,34.1,2006,9,3
74.2,34.3,2006,9,4
74.3,34.3,2006,9,5
75.5,33.2,2006,9,2
79.1,14.7,2006,9,1
1.2,36.2,2006,8,1
25.4,13.6,2006,8,2
35.8,33.6,2006,8,2
40.8,39.1,2006,8,4
41.7,37.5,2006,8,2
42.3,37.9,2006,8,1
47.2,30.3,2006,8,3
62.2,32.5,2006,8,1
63.7,29.5,2006,8,2
64.1,31.1,2006,8,1
65.2,30.1,2006,8,2
65.2,32.7,2006,8,1
65.3,31.6,2006,8,1
65.5,31.6,2006,8,1
67.6,32.2,2006,8,2
68.1,32.9,2006,8,1
68.5,34.1,2006,8,1
68.7,33.5,2006,8,2
69.1,28.9,2006,8,2
70,33.3,2006,8,2
70.2,33,2006,8,1
70.4,34.4,2006,8,1
71.4,35,2006,8,1
74,34.7,2006,8,1
75.9,33.1,2006,8,4
6.8,36.8,2006,7,2
24.6,14.1,2006,7,1
25.6,12.4,2006,7,1
26,14.6,2006,7,1
35.2,32.5,2006,7,4
35.7,33.5,2006,7,1
40.1,39.2,2006,7,1
41.2,34.4,2006,7,3
41.8,37.6,2006,7,1
43.9,33.2,2006,7,1
44.4,33.1,2006,7,1
45,36.5,2006,7,4
45.9,42.8,2006,7,1
46.7,24.7,2006,7,2
47.1,42.8,2006,7,4
62.9,31.7,2006,7,1
65.6,31.8,2006,7,3
66,32.9,2006,7,1
66.1,32.2,2006,7,1
67.3,32.5,2006,7,2
67.4,32.5,2006,7,3
70.2,33.5,2006,7,3
74.9,34,2006,7,3
75,33.8,2006,7,5
75.1,33.8,2006,7,3
4.7,36.7,2006,6,2
25.2,14.2,2006,6,1
34.3,31.2,2006,6,2
34.3,31.4,2006,6,4
34.4,31.3,2006,6,3
35.1,33.1,2006,6,3
42.5,37.5,2006,6,2
44.1,37.5,2006,6,4
44.8,33.9,2006,6,1
44.9,43.1,2006,6,4
46,43.2,2006,6,2
46.1,43.1,2006,6,2
46.2,43,2006,6,4
46.6,43.3,2006,6,4
46.8,42.8,2006,6,1
62,33.7,2006,6,1
63.5,32.4,2006,6,1
65,32.2,2006,6,1
65.7,32.1,2006,6,1
69.5,33.3,2006,6,2
69.6,33.8,2006,6,1
69.7,33.9,2006,6,1
70,33.2,2006,6,2
70,35,2006,6,3
70.1,33.5,2006,6,1
71,35.2,2006,6,2
71.1,34.1,2006,6,1
71.2,34.9,2006,6,1
73,40.9,2006,6,2
74.9,34.3,2006,6,4
75.1,33.4,2006,6,2
75.5,34,2006,6,3
2.1,36,2006,5,1
2.9,36.1,2006,5,1
4.2,36.8,2006,5,3
6.6,37,2006,5,1
8.2,36.8,2006,5,1
25.3,12.6,2006,5,1
35.1,32.9,2006,5,1
35.2,33.2,2006,5,3
35.4,32.9,2006,5,3
35.6,34,2006,5,1
36.2,33.9,2006,5,1
41,34.4,2006,5,1
41,38.1,2006,5,3
42.4,38.3,2006,5,1
43.4,38.3,2006,5,1
43.5,33.4,2006,5,1
43.7,34.6,2006,5,2
44,38.1,2006,5,1
44.2,33.1,2006,5,1
44.8,43.4,2006,5,4
45.9,43,2006,5,2
47.2,42.7,2006,5,1
61.3,31.7,2006,5,1
62.4,33.2,2006,5,2
62.5,32.5,2006,5,1
64.8,32,2006,5,1
65.6,31.6,2006,5,1
65.9,32.2,2006,5,2
65.9,32.8,2006,5,1
68.2,33.4,2006,5,4
68.8,33.2,2006,5,2
70.1,34.3,2006,5,1
70.9,34.7,2006,5,2
73.7,38.4,2006,5,1
74.1,33.6,2006,5,2
74.6,34,2006,5,2
74.8,33.8,2006,5,2
74.9,33.7,2006,5,3
4,36.7,2006,4,3
4.9,36.7,2006,4,2
35.2,31.7,2006,4,3
35.3,32.9,2006,4,2
35.4,33.9,2006,4,1
35.5,33.5,2006,4,2
35.5,33.8,2006,4,2
36.1,34.1,2006,4,1
36.1,34.5,2006,4,2
36.4,34.4,2006,4,2
39.4,40.4,2006,4,1
40.2,37.9,2006,4,3
42.6,36.2,2006,4,4
43.4,38.5,2006,4,2
43.6,43.5,2006,4,3
44.5,33.7,2006,4,1
44.6,33.1,2006,4,1
44.9,37,2006,4,2
45.1,33.7,2006,4,1
45.2,43.2,2006,4,1
45.3,34.6,2006,4,3
45.5,43.1,2006,4,2
49.7,25.9,2006,4,1
62.1,32.7,2006,4,1
63.1,30.2,2006,4,1
64.5,32.4,2006,4,2
65.7,31.2,2006,4,2
66,32.1,2006,4,3
66.4,31,2006,4,3
66.6,32.9,2006,4,1
66.8,36.7,2006,4,1
67,24.9,2006,4,1
67,32.2,2006,4,3
68.9,29.5,2006,4,2
69.3,34.5,2006,4,2
69.5,33,2006,4,1
69.7,33.4,2006,4,2
70.1,34.8,2006,4,1
71.5,35.3,2006,4,1
74,34.1,2006,4,1
74,34.4,2006,4,2
74.3,33.6,2006,4,3
74.4,34,2006,4,1
74.5,34.2,2006,4,1
74.8,34,2006,4,2
75.1,33.7,2006,4,3
75.6,33.3,2006,4,1
77.8,14.2,2006,4,1
79.1,16.3,2006,4,1
79.8,19.9,2006,4,2
0.6,35.6,2006,3,1
3.7,36.7,2006,3,3
4.1,34.7,2006,3,1
6.2,36.8,2006,3,1
7.8,36.9,2006,3,2
35.1,33,2006,3,3
35.3,33,2006,3,1
35.5,31.9,2006,3,2
35.5,33.6,2006,3,1
35.6,33.4,2006,3,1
39,39.6,2006,3,1
40.5,38,2006,3,3
41,37.4,2006,3,3
41.4,38.1,2006,3,1
41.5,38.2,2006,3,1
41.9,37.5,2006,3,1
42.4,34.2,2006,3,1
43.4,37,2006,3,2
43.9,43.4,2006,3,1
44.3,32.9,2006,3,2
44.3,34,2006,3,1
44.3,37.6,2006,3,2
44.5,33.8,2006,3,1
44.6,37.3,2006,3,2
44.8,38.2,2006,3,1
44.8,44.2,2006,3,1
45.5,34.1,2006,3,2
45.8,43.1,2006,3,2
46.7,43.2,2006,3,1
60.9,29.5,2006,3,3
62,34.5,2006,3,2
62.1,32.4,2006,3,4
62.4,26.1,2006,3,1
63.2,35.5,2006,3,1
64.1,31.3,2006,3,2
64.2,31.5,2006,3,1
64.3,31.7,2006,3,2
64.6,31.6,2006,3,1
64.7,31.8,2006,3,2
66.7,32,2006,3,1
67,30.2,2006,3,1
67.3,31.4,2006,3,1
67.8,32.9,2006,3,3
68.3,29.3,2006,3,1
68.8,29.6,2006,3,2
69.2,34.4,2006,3,1
69.6,35,2006,3,2
69.9,33.5,2006,3,1
70.2,34.7,2006,3,3
70.4,34.3,2006,3,2
70.5,34.4,2006,3,4
73.8,26.6,2006,3,1
74.4,34.4,2006,3,2
74.6,34.1,2006,3,2
74.8,33.3,2006,3,1
74.9,34.7,2006,3,1
75,33.7,2006,3,2
75.2,33.6,2006,3,3
78.7,15.1,2006,3,2
78.9,15.4,2006,3,1
78.9,17.1,2006,3,1
79.1,21.2,2006,3,1
79.8,18,2006,3,1
2.4,36.4,2006,2,1
2.8,36.3,2006,2,1
3.8,32.8,2006,2,1
3.9,36.9,2006,2,3
24.8,13.1,2006,2,1
35,32.3,2006,2,2
35.2,32.4,2006,2,1
35.3,31.7,2006,2,1
35.3,32.7,2006,2,1
35.4,33,2006,2,1
35.5,33,2006,2,1
35.7,33.3,2006,2,2
35.9,33.6,2006,2,2
36,33.8,2006,2,1
36,33.9,2006,2,2
36.2,34.1,2006,2,1
36.2,36.5,2006,2,1
38.1,39.9,2006,2,1
39.4,38.3,2006,2,2
39.4,39.2,2006,2,1
39.6,39,2006,2,1
40.1,38.6,2006,2,1
40.6,38.8,2006,2,2
41,38.8,2006,2,2
41.4,37.6,2006,2,1
41.4,37.9,2006,2,1
41.7,33.2,2006,2,1
41.8,37.3,2006,2,1
42.2,37.7,2006,2,2
42.5,36.5,2006,2,1
42.8,37.1,2006,2,1
43.6,33.4,2006,2,2
43.7,37.6,2006,2,2
44,38.7,2006,2,2
44.6,43.5,2006,2,1
44.7,36.9,2006,2,2
44.7,43,2006,2,1
44.8,43.3,2006,2,1
45,43.3,2006,2,3
45.1,43.2,2006,2,1
45.2,36.7,2006,2,1
45.4,34.3,2006,2,2
45.9,43.1,2006,2,3
46.3,31.1,2006,2,1
46.3,43.1,2006,2,2
46.4,43,2006,2,2
46.5,43.2,2006,2,1
47,40,2006,2,2
47.1,42.7,2006,2,2
47.6,42.9,2006,2,1
61.5,32.3,2006,2,1
62.1,32.5,2006,2,1
62.1,33,2006,2,1
63.9,30.2,2006,2,1
64.5,31.8,2006,2,2
65.5,32,2006,2,2
66,31.2,2006,2,1
66.2,33.8,2006,2,1
66.7,33,2006,2,1
67.6,32.6,2006,2,1
67.7,29.2,2006,2,1
68.3,31.9,2006,2,1
69,34,2006,2,1
69.3,32.5,2006,2,1
69.3,34.6,2006,2,1
69.5,34.8,2006,2,1
69.6,32.5,2006,2,1
69.7,33.6,2006,2,1
69.9,33.1,2006,2,1
70.1,34.2,2006,2,1
70.2,33.4,2006,2,2
70.6,40.1,2006,2,2
74.1,33.7,2006,2,1
74.1,34.5,2006,2,1
74.2,33.4,2006,2,1
74.3,33.2,2006,2,1
74.3,33.5,2006,2,1
74.7,33.9,2006,2,2
74.7,34.2,2006,2,1
74.8,32.8,2006,2,1
74.8,33.9,2006,2,1
74.9,33.6,2006,2,1
75.2,34.6,2006,2,1
79,16,2006,2,1
79,16.5,2006,2,1
79.7,16.4,2006,2,1
-16.2,13,2006,1,1
-16.1,13,2006,1,1
1.9,36.6,2006,1,2
2.2,36.5,2006,1,1
3.2,36.7,2006,1,1
3.3,36.7,2006,1,1
3.5,36.6,2006,1,1
3.7,34.3,2006,1,1
3.8,36.6,2006,1,1
3.9,36.5,2006,1,1
4.3,35.3,2006,1,1
5.1,36.8,2006,1,1
5.6,36.8,2006,1,1
7.4,36.8,2006,1,1
21.4,12.2,2006,1,1
29,41,2006,1,1
32.4,15.6,2006,1,1
34.6,31.5,2006,1,1
34.8,31.5,2006,1,1
35,32.2,2006,1,1
35.1,32.3,2006,1,1
35.1,32.4,2006,1,1
35.2,31.8,2006,1,1
35.2,31.9,2006,1,1
35.4,32.3,2006,1,1
35.7,34,2006,1,1
35.9,33.5,2006,1,1
36,34,2006,1,1
37,39.7,2006,1,1
37.6,55.8,2006,1,1
39.2,38.7,2006,1,1
39.6,39.8,2006,1,1
39.9,39.5,2006,1,1
40.1,38.4,2006,1,1
40.3,37.4,2006,1,1
40.5,38.3,2006,1,1
40.9,37.4,2006,1,1
41,38.5,2006,1,1
41.3,37.9,2006,1,1
41.5,40,2006,1,1
41.6,37.3,2006,1,1
41.7,43.5,2006,1,1
42.1,38.4,2006,1,1
42.5,33.9,2006,1,1
42.7,36.4,2006,1,1
42.7,43.9,2006,1,1
42.9,37.4,2006,1,1
43,37.3,2006,1,1
43.1,39.7,2006,1,1
43.5,33.5,2006,1,1
43.5,34.9,2006,1,1
43.6,34.7,2006,1,1
43.6,37.3,2006,1,1
43.7,38.4,2006,1,1
43.8,33.2,2006,1,1
44,38,2006,1,1
44.2,33.3,2006,1,1
44.6,33.8,2006,1,1
44.9,32,2006,1,1
44.9,43.2,2006,1,1
44.9,43.3,2006,1,1
45,36.7,2006,1,1
45,38.6,2006,1,1
45,41.2,2006,1,1
45,43.2,2006,1,2
45.1,40.9,2006,1,1
45.1,43.1,2006,1,1
45.2,43.1,2006,1,1
45.3,43.6,2006,1,1
45.4,43.4,2006,1,1
45.7,42.7,2006,1,1
45.8,43.3,2006,1,1
45.9,36,2006,1,1
45.9,42.7,2006,1,1
46.1,43.2,2006,1,4
46.1,43.4,2006,1,1
46.2,35.6,2006,1,1
46.2,43.2,2006,1,1
46.3,43.3,2006,1,1
46.6,40,2006,1,1
46.6,43.4,2006,1,1
47.3,39.5,2006,1,1
47.5,40.5,2006,1,1
53,32,2006,1,4
62.1,30.2,2006,1,1
62.5,32.6,2006,1,1
63.1,29.9,2006,1,1
64.8,32.2,2006,1,1
65.7,32.4,2006,1,1
65.9,31.5,2006,1,1
66.7,32.1,2006,1,1
67.4,31.7,2006,1,1
67.6,32.8,2006,1,1
67.7,30.2,2006,1,1
67.8,32.6,2006,1,1
68,33.1,2006,1,1
68,34.2,2006,1,2
68.3,33.3,2006,1,1
68.3,33.4,2006,1,1
68.3,33.6,2006,1,1
68.6,33.3,2006,1,1
68.9,33.7,2006,1,1
68.9,34.4,2006,1,1
69,33.8,2006,1,1
69,35.8,2006,1,1
69.1,33.5,2006,1,1
69.3,34.9,2006,1,2
69.6,34.9,2006,1,1
69.9,33.8,2006,1,1
70,33,2006,1,3
70,33.4,2006,1,1
70.1,33.4,2006,1,1
70.1,34.7,2006,1,1
70.8,35.2,2006,1,1
70.9,40.2,2006,1,1
71,34.8,2006,1,1
71,35,2006,1,1
72.9,19,2006,1,1
73.8,34.4,2006,1,1
74.1,33.5,2006,1,1
74.2,34.5,2006,1,1
74.3,33.7,2006,1,1
74.3,34.4,2006,1,1
74.3,34.5,2006,1,1
74.4,34.1,2006,1,1
74.5,34.1,2006,1,1
74.5,34.4,2006,1,1
74.6,34.2,2006,1,1
74.8,33.2,2006,1,1
74.9,32.4,2006,1,1
75,33.3,2006,1,1
75,33.4,2006,1,1
75,33.5,2006,1,1
75.2,33.7,2006,1,1
75.3,33.8,2006,1,1
75.3,33.9,2006,1,1
75.3,34,2006,1,1
75.7,33,2006,1,1
77.2,28.6,2006,1,1
77.3,14.8,2006,1,1
77.7,14.5,2006,1,1
78.3,19.3,2006,1,1
78.4,16.3,2006,1,1
78.5,16.6,2006,1,1
78.6,15.8,2006,1,1
78.6,16.3,2006,1,1
79.2,19.2,2006,1,1
79.6,16.3,2006,1,1
79.8,15.8,2006,1,1
79.9,16.6,2006,1,1
-0.6,34.8,2006,0,1
-0.6,35.2,2006,0,1
0.1,34.8,2006,0,1
0.3,34.7,2006,0,1
1.6,35.9,2006,0,1
2,36.3,2006,0,1
35.4,32.5,2006,0,1
38.9,45,2006,0,1
40.1,10.4,2006,0,1
40.6,38.7,2006,0,1
40.7,38.5,2006,0,1
41.4,43.9,2006,0,1
41.7,43.9,2006,0,1
42.4,34.1,2006,0,1
43.6,43.4,2006,0,1
44.2,38.6,2006,0,1
44.7,43.2,2006,0,1
45.2,43.3,2006,0,2
45.5,40.9,2006,0,1
45.6,42.7,2006,0,1
45.7,42.9,2006,0,1
45.8,42.9,2006,0,2
46.1,43.7,2006,0,1
46.9,40,2006,0,1
46.9,42.7,2006,0,1
47.3,39.6,2006,0,1
47.8,30.5,2006,0,1
57.1,30.3,2006,0,1
60.8,32,2006,0,1
61.9,33.1,2006,0,1
62.2,32.7,2006,0,1
62.8,27.7,2006,0,1
63.5,35.5,2006,0,1
64.3,34.1,2006,0,1
66.6,35.5,2006,0,1
66.8,36.8,2006,0,1
68.8,34.3,2006,0,1
68.9,32.8,2006,0,1
69,34.5,2006,0,1
69.2,34.3,2006,0,1
69.9,33.2,2006,0,1
70.1,32.3,2006,0,1
70.2,34.6,2006,0,1
70.4,32.9,2006,0,1
70.8,34.3,2006,0,1
70.9,31.8,2006,0,1
72.6,23,2006,0,1
73,40,2006,0,1
74.1,34.3,2006,0,1
80,10,2006,0,1
64.6,31.8,2007,383,42
44.4,33.3,2007,334,48
72.5,35.2,2007,298,18
65,32.1,2007,265,26
66,32.1,2007,265,17
43.1,36.3,2007,252,72
65.4,31.6,2007,244,34
45,34,2007,194,15
65,32.5,2007,181,16
64.7,32.5,2007,161,9
64.1,30.9,2007,151,13
69.2,34.5,2007,130,14
64.8,32.2,2007,128,2
69.3,32.7,2007,126,10
27,11.3,2007,110,2
39.5,39.1,2007,110,16
44.6,33.7,2007,107,9
43.8,33.4,2007,106,10
66.3,32.9,2007,106,4
65.5,32.7,2007,101,2
44.5,33.8,2007,100,3
63.6,32.6,2007,96,4
72.7,34.7,2007,96,9
65.5,32.6,2007,94,6
64.9,32.1,2007,90,10
64.9,32.2,2007,89,3
44.9,34,2007,88,3
62.2,33.2,2007,87,2
64.8,32.4,2007,87,7
65.5,32.9,2007,84,7
64.7,31.9,2007,83,6
67.3,32.4,2007,79,4
42.6,36.2,2007,78,15
64.8,31.7,2007,78,1
71.1,35,2007,78,7
72.4,34.8,2007,78,10
44,32.6,2007,76,3
44.4,33.7,2007,75,8
65.6,31.8,2007,75,5
65.7,31.6,2007,75,24
67.4,32.5,2007,75,11
34.4,31.4,2007,74,31
47.8,30.5,2007,72,33
62.4,33.2,2007,69,5
69.4,32.6,2007,69,1
42.6,37.4,2007,68,26
63.9,32.3,2007,68,3
64.8,32.1,2007,68,11
34.5,31.5,2007,67,34
62.5,32.6,2007,65,5
63.5,35.5,2007,63,4
65.2,31.1,2007,63,12
65.9,32.6,2007,63,10
28,13.1,2007,58,2
43.3,33.4,2007,58,7
65.8,31,2007,58,10
68.4,33.3,2007,56,14
3.1,36.8,2007,53,2
67.6,32.7,2007,53,6
42.2,37.5,2007,51,14
65.4,32.6,2007,50,2
62.9,32.2,2007,49,8
67.2,32.2,2007,48,10
34.3,31.3,2007,47,17
22.2,13.5,2007,45,1
42.5,37.9,2007,44,7
65,31.6,2007,44,7
46.3,31.1,2007,43,3
66.3,32.4,2007,42,3
66.7,32.6,2007,42,7
72.3,34.8,2007,42,3
65.8,32,2007,41,1
71.3,35.5,2007,41,5
66,32.8,2007,40,13
68,33.2,2007,40,7
66.6,32.9,2007,39,4
43.9,34.2,2007,38,6
44.6,37.3,2007,38,4
67.8,33.3,2007,38,9
41.8,33,2007,37,8
44.9,32,2007,37,5
68.6,34.5,2007,37,5
70.9,34.9,2007,37,4
3,19.9,2007,36,6
68.3,33.1,2007,36,6
43.6,35.8,2007,35,1
65.3,31.4,2007,35,2
3.9,36.9,2007,34,3
45.7,43.3,2007,34,18
69.9,33.8,2007,34,4
72.7,34.9,2007,34,2
10.2,19.8,2007,33,5
43.9,33.2,2007,33,2
64,31,2007,33,14
64.4,31.6,2007,33,8
69.9,32.8,2007,33,1
63.3,35.6,2007,32,1
43,33.5,2007,30,1
65.9,32.8,2007,30,1
68.3,32.3,2007,30,7
69.8,34.9,2007,30,3
7.8,35,2007,29,5
65.5,33,2007,29,3
74.4,34.7,2007,29,7
66.9,32.1,2007,28,6
69.9,33.3,2007,28,9
74.2,34.4,2007,28,7
74.9,33.8,2007,28,10
62.8,32.8,2007,27,10
67.1,33.5,2007,27,5
65,32.2,2007,26,2
65.5,31.6,2007,26,2
69,33.4,2007,26,8
63.9,31.6,2007,25,9
64.7,32.1,2007,25,1
66.4,31,2007,25,3
68,33.1,2007,25,5
68.9,36.7,2007,25,4
70.9,35,2007,25,7
74.1,34,2007,25,4
35.3,32.5,2007,24,18
42.4,36.4,2007,24,7
67.2,31.9,2007,24,6
69.3,34.9,2007,24,1
44,33,2007,22,3
45,37.5,2007,22,2
62,25.6,2007,22,7
63.3,32,2007,22,3
8.2,35.2,2007,21,2
44.3,33.1,2007,21,3
44.3,33.5,2007,21,4
71.5,35.5,2007,21,1
21.6,13.6,2007,20,1
42.3,37.4,2007,20,1
44.5,33.7,2007,20,1
45.3,34.5,2007,20,1
60.9,29.5,2007,20,5
63.9,30.2,2007,20,1
66.2,32.1,2007,20,1
66.5,32.2,2007,20,8
69.7,34.8,2007,20,4
70.1,32.7,2007,20,1
74.7,34.4,2007,20,9
6.2,35.6,2007,19,1
35.3,32.2,2007,19,13
39.9,39.5,2007,19,3
66,32.9,2007,19,2
69.2,32.5,2007,19,3
72.3,35.1,2007,19,2
3.9,36.2,2007,18,4
22.4,14.2,2007,18,1
42.9,37.4,2007,18,2
64.8,32,2007,18,3
65.2,32,2007,18,3
67,30.2,2007,18,7
68.7,34.5,2007,18,2
68.8,32.4,2007,18,8
3.6,36.6,2007,17,2
4.2,36.8,2007,17,6
44,33.2,2007,17,1
65.1,32.4,2007,17,1
74.6,34.1,2007,17,3
44.7,34.8,2007,16,3
45,36.5,2007,16,6
66.1,32.2,2007,16,2
66.7,33,2007,16,2
67.9,33.2,2007,16,3
69,32.8,2007,16,2
74.5,34.3,2007,16,6
74.7,32.6,2007,16,5
2.2,36.3,2007,15,1
5.9,35.5,2007,15,1
6.5,37,2007,15,6
6.8,36.8,2007,15,6
26,16,2007,15,1
42.3,37.9,2007,15,4
42.4,38.3,2007,15,10
43.9,33.4,2007,15,1
44,36.2,2007,15,1
46.2,43,2007,15,5
66.1,30.2,2007,15,2
66.1,32.9,2007,15,1
67.5,33.1,2007,15,1
67.6,32.2,2007,15,2
68.9,33.5,2007,15,3
70,33,2007,15,3
74.8,34.1,2007,15,11
8.1,34.7,2007,14,3
34.2,31.3,2007,14,7
42.2,37.7,2007,14,2
44.1,37.4,2007,14,3
44.6,37.7,2007,14,1
46.1,43,2007,14,8
62.5,32.5,2007,14,2
63.1,32.2,2007,14,2
65.9,32.5,2007,14,1
67,32.5,2007,14,3
68.7,33.7,2007,14,1
4.7,18.4,2007,13,1
4.9,36.6,2007,13,4
64.1,31.1,2007,13,1
65.4,32.9,2007,13,1
65.7,31.7,2007,13,1
66.1,32.1,2007,13,1
67,32.2,2007,13,5
67.8,31.8,2007,13,3
68.5,32.9,2007,13,2
68.9,32.4,2007,13,3
69.4,33.5,2007,13,4
69.6,35,2007,13,2
70.1,34.2,2007,13,3
70.5,35.1,2007,13,1
74.4,34.1,2007,13,2
74.4,34.5,2007,13,5
75.1,33.8,2007,13,5
3.7,36.8,2007,12,5
7.5,16.4,2007,12,1
41.2,34.4,2007,12,2
41.9,36.3,2007,12,3
41.9,37.5,2007,12,3
43,37.5,2007,12,1
44.1,34,2007,12,3
44.1,37.5,2007,12,6
44.8,38.2,2007,12,1
63.1,32,2007,12,1
63.8,35.7,2007,12,5
64.8,32.3,2007,12,2
65.4,31.5,2007,12,2
66.7,32,2007,12,4
66.7,32.3,2007,12,1
68.7,32.9,2007,12,3
69.3,32.5,2007,12,5
69.5,33,2007,12,1
69.9,33,2007,12,1
70.7,37.4,2007,12,1
70.8,34.3,2007,12,5
71,35.2,2007,12,3
73.7,34.4,2007,12,2
76.7,33.9,2007,12,5
32.5,15.6,2007,11,1
34.5,31.6,2007,11,6
40.2,37.9,2007,11,4
40.8,39.1,2007,11,5
41,38.5,2007,11,2
43.2,37.6,2007,11,5
45.8,32.5,2007,11,1
47.1,31.8,2007,11,1
47.2,31.6,2007,11,1
65.9,32.7,2007,11,4
67.3,31.4,2007,11,2
67.8,32.9,2007,11,3
69,36,2007,11,1
69.2,34,2007,11,4
69.4,33.4,2007,11,1
69.9,33.9,2007,11,1
70,33.4,2007,11,1
70.2,33.4,2007,11,1
70.2,34.7,2007,11,4
74.8,34.5,2007,11,5
25,11,2007,10,1
39.2,39.4,2007,10,1
42.2,37.8,2007,10,3
44.2,34.1,2007,10,2
44.4,33.6,2007,10,1
45.1,33.7,2007,10,2
47.5,43,2007,10,8
62.1,32.5,2007,10,1
62.6,31.4,2007,10,2
65.3,31.5,2007,10,2
66.2,31,2007,10,3
68.4,33.5,2007,10,4
68.9,29.1,2007,10,4
69.4,33,2007,10,1
69.9,33.4,2007,10,6
74.5,34.2,2007,10,3
74.8,34.2,2007,10,5
75.1,33.9,2007,10,6
75.6,33.1,2007,10,5
20.9,14.5,2007,9,2
22.8,10.1,2007,9,3
24.4,14.3,2007,9,1
24.9,12.1,2007,9,2
44.2,32.8,2007,9,1
44.4,33,2007,9,2
44.4,33.1,2007,9,2
44.4,35.5,2007,9,2
64.2,31.6,2007,9,1
66,32.6,2007,9,1
66,32.7,2007,9,1
66.6,31.5,2007,9,2
67.9,32.3,2007,9,2
68.9,33.8,2007,9,3
70.4,34.3,2007,9,3
72.4,34.9,2007,9,3
74.1,34.3,2007,9,3
74.8,33.7,2007,9,4
74.9,33.6,2007,9,6
24.7,14.2,2007,8,1
41.5,40,2007,8,3
43.6,34.5,2007,8,2
43.7,34.6,2007,8,4
47.1,42.8,2007,8,2
47.7,42.4,2007,8,3
51.1,11.3,2007,8,1
61.9,31,2007,8,1
65.1,32.3,2007,8,2
68.1,33.7,2007,8,1
68.8,29.6,2007,8,8
68.9,34.4,2007,8,1
69.1,28.9,2007,8,2
69.3,32.9,2007,8,1
73.8,34.4,2007,8,2
74.1,34.5,2007,8,3
74.2,33.2,2007,8,3
75.2,33.3,2007,8,3
2.4,36.6,2007,7,1
3.9,36.7,2007,7,2
4.3,35.3,2007,7,1
4.4,36.7,2007,7,4
42.4,34.1,2007,7,1
42.8,33.6,2007,7,2
45.3,31.3,2007,7,1
45.6,33.7,2007,7,3
62.2,32.5,2007,7,1
62.5,33,2007,7,1
62.6,32.7,2007,7,2
64.9,32.3,2007,7,1
65.6,31.7,2007,7,1
66.1,30.5,2007,7,1
67.6,32.6,2007,7,1
68,34.2,2007,7,2
68.2,32.6,2007,7,1
68.3,33.6,2007,7,2
68.5,33.4,2007,7,3
68.9,33.7,2007,7,1
70.7,35,2007,7,1
70.9,34.7,2007,7,3
75.5,33.5,2007,7,3
3,28,2007,6,1
3,36.1,2007,6,2
3,36.6,2007,6,2
3.7,36.7,2007,6,2
8,17,2007,6,2
34.4,31.5,2007,6,2
35.2,31.9,2007,6,3
41.2,37.1,2007,6,4
44.6,43.5,2007,6,6
45.5,43.1,2007,6,5
46.4,43.2,2007,6,1
47,40,2007,6,3
47.2,30.3,2007,6,5
63,32.5,2007,6,1
64.2,31.1,2007,6,3
64.2,31.7,2007,6,1
65.8,31.8,2007,6,1
65.9,32.1,2007,6,1
66.5,31.9,2007,6,1
67.2,32.3,2007,6,2
67.4,32.3,2007,6,2
67.5,33,2007,6,1
68.4,32.4,2007,6,1
68.8,34.3,2007,6,2
68.9,33.3,2007,6,3
69.1,33.5,2007,6,3
69.3,33.2,2007,6,2
70,33.2,2007,6,2
70.1,34.4,2007,6,1
74.7,34.5,2007,6,3
75,33.7,2007,6,3
75,33.9,2007,6,2
2,36.3,2007,5,2
2.2,36.2,2007,5,1
3.6,36.7,2007,5,3
4,36.7,2007,5,2
4.2,36.7,2007,5,2
7.2,19.5,2007,5,1
8.3,36.8,2007,5,1
8.4,19.1,2007,5,2
40.5,38,2007,5,4
40.5,39.4,2007,5,4
40.9,37.4,2007,5,3
42.5,37.5,2007,5,2
43,37.6,2007,5,2
43.5,34.9,2007,5,2
44.3,32.9,2007,5,1
45.3,34.6,2007,5,3
46.1,43.4,2007,5,2
46.5,43.3,2007,5,1
47.6,42.5,2007,5,1
60.7,27.2,2007,5,1
62.2,34.3,2007,5,1
62.6,31.5,2007,5,1
62.7,28.8,2007,5,1
63,31.8,2007,5,1
63.2,35.5,2007,5,2
63.4,32.2,2007,5,1
63.5,34.9,2007,5,1
65.4,32.5,2007,5,1
65.6,33,2007,5,1
65.7,32.4,2007,5,1
66,31.3,2007,5,2
67.5,31.5,2007,5,1
68.4,33.4,2007,5,1
68.6,33.7,2007,5,2
69.1,34,2007,5,5
69.1,36.6,2007,5,1
69.8,34.8,2007,5,1
70,33.5,2007,5,1
70.1,33,2007,5,1
71,34.9,2007,5,2
71.3,35.2,2007,5,1
74.3,33.5,2007,5,2
74.3,34.3,2007,5,2
74.7,33.9,2007,5,1
75,33.3,2007,5,2
75,33.8,2007,5,3
75.2,33.8,2007,5,2
75.3,13.5,2007,5,1
75.9,33.1,2007,5,3
0.3,34.7,2007,4,2
1.4,36.2,2007,4,1
3.2,36.6,2007,4,1
3.5,36.6,2007,4,1
3.5,36.8,2007,4,4
4.9,36.7,2007,4,4
42.1,36.8,2007,4,1
43.6,37.3,2007,4,3
44.2,33.3,2007,4,2
44.5,33.6,2007,4,1
44.9,34.4,2007,4,1
45.7,42.8,2007,4,2
46.3,43.4,2007,4,3
46.6,43.3,2007,4,4
46.8,36.3,2007,4,2
47.5,40.5,2007,4,2
63.8,35.8,2007,4,1
65.7,32.6,2007,4,1
68,29.8,2007,4,4
68.4,28.4,2007,4,2
68.7,33.5,2007,4,3
69.5,33.1,2007,4,1
69.5,33.7,2007,4,1
69.7,34,2007,4,1
69.8,33.3,2007,4,1
70,33.1,2007,4,1
70.1,34.3,2007,4,1
70.2,33,2007,4,2
70.2,33.5,2007,4,2
70.2,34.5,2007,4,1
71.1,34.8,2007,4,3
74.4,34.2,2007,4,3
74.5,33,2007,4,2
74.6,33.3,2007,4,5
74.8,33.8,2007,4,2
74.8,33.9,2007,4,2
75,33.6,2007,4,1
75.4,32.4,2007,4,1
75.6,33.2,2007,4,1
76,33.5,2007,4,1
79.1,16.8,2007,4,1
1.8,19.1,2007,3,2
1.8,36.6,2007,3,1
2.6,36.5,2007,3,1
3.6,36.8,2007,3,1
4,36.5,2007,3,1
4.3,36.8,2007,3,1
4.5,35.7,2007,3,1
6.2,36.4,2007,3,1
7.5,18.5,2007,3,1
8.6,17.5,2007,3,1
22.4,13.4,2007,3,1
34.3,31.4,2007,3,1
35,32.3,2007,3,3
36.3,36.6,2007,3,1
36.5,36.8,2007,3,2
39.4,39.1,2007,3,1
39.5,39.7,2007,3,1
39.6,39,2007,3,1
43.8,39,2007,3,1
44.3,37.1,2007,3,1
44.3,38.6,2007,3,1
44.8,43.4,2007,3,5
45,44.8,2007,3,2
45.7,36.1,2007,3,1
45.9,36,2007,3,1
46.2,42.9,2007,3,1
46.3,43.5,2007,3,1
46.9,34.9,2007,3,1
62,34.5,2007,3,1
62.8,32.9,2007,3,1
63.1,35.8,2007,3,1
64.9,31.5,2007,3,3
65,32.8,2007,3,1
65.5,32,2007,3,1
65.6,28.5,2007,3,3
68.1,32.9,2007,3,1
68.3,33.4,2007,3,1
68.4,33.8,2007,3,1
69,33.1,2007,3,1
69.1,33.6,2007,3,1
69.2,29,2007,3,2
69.2,34.6,2007,3,1
69.3,33.1,2007,3,1
69.3,34.5,2007,3,1
69.7,33.8,2007,3,1
70.8,35.3,2007,3,3
71.1,34.9,2007,3,3
71.2,34.7,2007,3,1
74,34.6,2007,3,2
74.1,33.8,2007,3,1
74.2,33.4,2007,3,1
74.2,34.5,2007,3,2
74.3,33.6,2007,3,2
74.4,33.6,2007,3,1
74.6,34,2007,3,1
74.8,33.2,2007,3,2
74.9,34,2007,3,2
75,33.5,2007,3,2
75.5,33.2,2007,3,2
75.7,33,2007,3,2
75.7,33.1,2007,3,2
-1.4,43.6,2007,2,1
-0.8,32.4,2007,2,1
0.3,35.6,2007,2,1
3.1,36.6,2007,2,1
3.5,36.7,2007,2,2
3.7,36.3,2007,2,1
3.8,36.5,2007,2,1
4,36,2007,2,1
4.1,34.7,2007,2,1
4.2,36.5,2007,2,1
4.6,36.6,2007,2,1
5.7,36.6,2007,2,1
6.3,36.7,2007,2,1
6.8,36.9,2007,2,1
20.5,19.1,2007,2,1
21.9,12.7,2007,2,1
21.9,14.5,2007,2,1
24.1,13.1,2007,2,1
26.6,11.9,2007,2,1
35.1,31.6,2007,2,1
35.1,32.4,2007,2,1
35.3,32.4,2007,2,2
39,39.1,2007,2,1
39.4,39.2,2007,2,1
39.6,24.5,2007,2,1
40.6,38.5,2007,2,2
41,38.1,2007,2,1
42.5,37.2,2007,2,2
43.8,35.3,2007,2,1
44,37,2007,2,2
44,38,2007,2,1
44.2,33.1,2007,2,1
44.3,32,2007,2,2
44.3,37.6,2007,2,2
44.4,32,2007,2,1
44.4,34,2007,2,1
44.5,39.3,2007,2,2
44.9,37,2007,2,2
45,43.3,2007,2,2
45.3,43,2007,2,1
46.1,43.2,2007,2,1
46.4,43.3,2007,2,1
46.6,43.4,2007,2,4
46.7,43.9,2007,2,1
47.3,30.3,2007,2,1
47.3,43.1,2007,2,1
47.5,43.3,2007,2,1
47.6,42.9,2007,2,2
61.3,31.7,2007,2,1
62.1,32.8,2007,2,1
62.8,32.6,2007,2,1
63.7,32.4,2007,2,1
64.3,31.6,2007,2,1
64.3,31.7,2007,2,1
65.3,31.6,2007,2,1
65.6,32.9,2007,2,1
65.7,29.5,2007,2,1
65.9,31.5,2007,2,2
66.5,36.8,2007,2,1
66.6,32.2,2007,2,1
66.7,31.9,2007,2,1
66.8,32.5,2007,2,1
67.7,29.2,2007,2,1
67.7,33.8,2007,2,1
67.8,32.5,2007,2,1
68.5,33.3,2007,2,1
68.6,29.2,2007,2,9
68.6,33,2007,2,1
68.8,33.2,2007,2,1
68.8,33.3,2007,2,1
68.8,36.8,2007,2,1
69.2,32.9,2007,2,1
69.2,34.2,2007,2,2
69.6,33.8,2007,2,1
69.6,34.8,2007,2,1
69.6,34.9,2007,2,1
69.9,33.5,2007,2,3
70.3,33.7,2007,2,1
70.6,34.7,2007,2,1
71,34.3,2007,2,1
71.5,34.8,2007,2,2
72,34.6,2007,2,1
72.4,35,2007,2,1
73.9,34.5,2007,2,1
74,34.7,2007,2,1
74.1,33.7,2007,2,1
74.2,33.7,2007,2,1
74.3,34.5,2007,2,1
74.4,34,2007,2,1
74.5,34.1,2007,2,1
74.6,34.4,2007,2,1
74.7,34,2007,2,1
74.9,32.4,2007,2,1
74.9,33.7,2007,2,1
75.1,13.5,2007,2,1
75.1,34,2007,2,1
75.2,33.9,2007,2,1
75.3,33.5,2007,2,2
75.5,33.1,2007,2,2
75.5,33.4,2007,2,1
75.6,33.5,2007,2,1
75.8,33,2007,2,1
79.7,16.2,2007,2,1
79.7,17.4,2007,2,1
3.4,36.7,2007,1,1
3.6,36.5,2007,1,1
3.8,36.7,2007,1,1
3.8,36.8,2007,1,1
4.1,36.7,2007,1,1
4.1,36.9,2007,1,1
4.2,36,2007,1,1
4.3,36.7,2007,1,1
5.7,34.9,2007,1,1
5.8,36.8,2007,1,1
6.4,36.8,2007,1,1
6.9,36.9,2007,1,1
8,16,2007,1,1
21.4,12.2,2007,1,1
22.8,10.9,2007,1,1
32.8,39.9,2007,1,1
34.3,31.2,2007,1,1
34.8,32.1,2007,1,1
35,32.2,2007,1,1
35.1,32.3,2007,1,1
35.2,31.8,2007,1,1
35.2,32,2007,1,1
36.2,37.1,2007,1,1
38,38.5,2007,1,1
38.1,39.9,2007,1,1
38.9,39.3,2007,1,1
39.5,40.5,2007,1,1
39.8,39.2,2007,1,1
40.1,38.4,2007,1,1
40.1,39.2,2007,1,1
40.3,37.4,2007,1,1
40.4,39.3,2007,1,1
40.7,38.5,2007,1,1
41,38.8,2007,1,1
41,39.3,2007,1,1
41.3,37.9,2007,1,1
41.4,37.4,2007,1,1
41.7,39,2007,1,1
42.1,38.3,2007,1,1
42.3,38.5,2007,1,1
43.2,36.4,2007,1,1
43.2,39.7,2007,1,1
43.4,40.4,2007,1,1
43.6,37.2,2007,1,1
43.6,43.5,2007,1,2
43.7,37.1,2007,1,1
43.7,37.6,2007,1,1
43.7,38.4,2007,1,1
44,39.9,2007,1,1
44.1,39.5,2007,1,1
44.3,39.7,2007,1,1
44.4,32.2,2007,1,1
44.7,36.9,2007,1,1
44.7,43.7,2007,1,1
44.8,43.2,2007,1,10
44.9,43.1,2007,1,1
45,30.5,2007,1,1
45,36.4,2007,1,1
45.1,43.2,2007,1,1
45.1,43.7,2007,1,1
45.2,34.3,2007,1,1
45.8,42.9,2007,1,1
45.8,43.2,2007,1,1
46,35.2,2007,1,1
46,35.6,2007,1,1
46.7,43.2,2007,1,1
47,39.7,2007,1,1
47.1,42.7,2007,1,1
47.3,39.6,2007,1,2
47.6,42.7,2007,1,1
47.8,42.1,2007,1,1
61.2,34.2,2007,1,1
62,33.7,2007,1,1
62.2,32.7,2007,1,1
62.2,34.2,2007,1,1
63.3,33.8,2007,1,1
63.8,26.2,2007,1,1
64.5,32.4,2007,1,1
64.5,32.5,2007,1,1
65,33,2007,1,1
65.1,31.6,2007,1,1
66.7,36.8,2007,1,1
66.9,25,2007,1,1
67.1,32.3,2007,1,1
67.5,32.6,2007,1,1
68.1,28.7,2007,1,1
68.1,32.6,2007,1,3
68.1,33.2,2007,1,1
68.2,33.4,2007,1,1
68.2,33.7,2007,1,1
68.4,33.7,2007,1,1
68.4,36.9,2007,1,1
69.2,33.6,2007,1,2
69.3,33.7,2007,1,2
69.3,34.7,2007,1,1
69.4,35.7,2007,1,1
69.8,32.6,2007,1,1
69.8,33.7,2007,1,1
70.1,33.4,2007,1,1
70.1,33.5,2007,1,2
70.2,34.2,2007,1,3
70.3,34.1,2007,1,2
70.3,34.5,2007,1,1
70.4,35,2007,1,1
70.5,34.4,2007,1,1
70.7,34.3,2007,1,1
70.9,34.6,2007,1,1
71.1,34.3,2007,1,1
71.2,34.9,2007,1,1
71.5,35.2,2007,1,1
71.5,35.3,2007,1,3
74.3,34.4,2007,1,1
74.4,33.5,2007,1,1
74.4,34.4,2007,1,1
74.5,33.2,2007,1,1
74.5,33.4,2007,1,1
74.6,34.2,2007,1,1
74.8,32.7,2007,1,1
74.9,34.3,2007,1,1
75.1,33.3,2007,1,1
75.2,32.5,2007,1,1
75.3,33.6,2007,1,1
75.7,33.3,2007,1,1
77.7,14.4,2007,1,1
78,15.5,2007,1,1
79.4,16.1,2007,1,1
79.5,15.5,2007,1,1
79.5,17.5,2007,1,1
79.8,19.9,2007,1,1
79.9,17.9,2007,1,1
6.2,36.8,2007,0,1
21.6,17.2,2007,0,1
24.9,14.7,2007,0,1
37.7,55.5,2007,0,1
38.5,40.5,2007,0,1
39.6,11.8,2007,0,1
40,11.2,2007,0,1
42,44.2,2007,0,1
42.9,43.4,2007,0,1
43.9,43.5,2007,0,1
44.7,43.4,2007,0,1
44.8,43.3,2007,0,2
44.9,43.2,2007,0,3
45,38.6,2007,0,1
45.1,36.7,2007,0,1
45.1,37.6,2007,0,1
45.3,43.6,2007,0,1
45.9,43,2007,0,1
46.6,43.1,2007,0,1
46.7,34.8,2007,0,1
46.9,40,2007,0,1
46.9,40.3,2007,0,1
46.9,42.7,2007,0,1
46.9,42.8,2007,0,1
46.9,43.2,2007,0,1
47,35.3,2007,0,1
47.3,39.5,2007,0,1
47.6,42.6,2007,0,2
47.6,42.8,2007,0,1
48.2,42.1,2007,0,1
48.3,42.1,2007,0,1
62.1,26.1,2007,0,1
62.1,32.4,2007,0,1
62.1,33.3,2007,0,1
62.5,31,2007,0,1
62.7,31.4,2007,0,1
62.8,27.7,2007,0,1
62.9,34.2,2007,0,1
64.2,31.9,2007,0,1
65.7,31.2,2007,0,1
66.2,27.7,2007,0,1
67.5,29.7,2007,0,4
68.1,33.1,2007,0,1
68.3,29.3,2007,0,2
68.6,36.3,2007,0,1
68.9,29.5,2007,0,7
69.1,29.1,2007,0,2
69.2,28.8,2007,0,1
69.4,30.2,2007,0,1
69.4,34,2007,0,1
69.5,33.2,2007,0,1
69.5,33.3,2007,0,1
69.8,33.8,2007,0,1
70.1,33.3,2007,0,1
70.2,34.1,2007,0,1
70.3,34.3,2007,0,1
70.8,35,2007,0,1
71.1,34.1,2007,0,1
71.4,33.6,2007,0,1
72,34,2007,0,1
76.2,39.7,2007,0,1
77,20,2007,0,1
15,12.1,2008,738,7
44.4,33.3,2008,703,104
44,42.3,2008,612,7
72.4,34.8,2008,432,47
34.4,31.4,2008,406,20
32.4,15.6,2008,340,4
71.5,34.8,2008,316,42
63.9,31.6,2008,285,35
43.1,36.3,2008,279,75
64,31,2008,265,21
19,15,2008,249,2
47.8,30.5,2008,230,15
71.4,34.8,2008,182,37
71.4,34.7,2008,181,24
71.5,34.7,2008,165,27
64.6,31.8,2008,156,35
69.8,32.6,2008,147,7
34.5,31.5,2008,139,56
64.4,31.6,2008,139,26
72.3,35.1,2008,131,16
42.6,36.2,2008,127,14
64.1,30.9,2008,125,12
71.5,33.7,2008,123,15
65.4,31.6,2008,122,22
66,32.1,2008,119,10
72.3,34.8,2008,119,28
71.9,34.6,2008,107,12
66.7,33,2008,106,9
65,32.1,2008,105,16
65.5,32.6,2008,102,8
65.5,32.9,2008,94,9
44.6,37.3,2008,93,11
69.7,34.8,2008,87,22
62.3,33.4,2008,84,3
62.9,31.7,2008,84,7
65.7,31.6,2008,77,23
69.7,32.3,2008,76,6
66.4,31,2008,74,11
72.2,35,2008,72,3
44.6,33.7,2008,69,10
71.4,34.9,2008,69,12
72.5,34.9,2008,67,10
72.8,33.8,2008,67,1
69.2,34.5,2008,66,20
65.2,31.1,2008,65,21
68.4,33.3,2008,63,17
71.4,34.5,2008,62,5
42.6,37.4,2008,58,14
65.9,32.6,2008,56,13
69,33.4,2008,56,11
44.4,34.5,2008,54,2
65.6,31.8,2008,52,4
65,31.6,2008,51,8
71.6,34,2008,51,4
34.5,31.6,2008,50,9
66,32.8,2008,50,12
67,32.2,2008,50,6
67.8,33.3,2008,50,19
69.2,33,2008,50,5
70.5,34,2008,50,1
70.9,35.1,2008,49,2
67.1,33.5,2008,47,4
68.8,32.4,2008,47,14
45,34,2008,46,8
69.6,32.3,2008,46,4
62.3,27.4,2008,45,2
72.4,34.9,2008,45,8
3.7,36.7,2008,44,2
69.9,33.5,2008,43,14
43.7,34.6,2008,42,6
44.8,43.4,2008,42,5
67.1,32.3,2008,42,2
43.9,34.2,2008,41,8
69.2,29,2008,41,1
65.6,31.7,2008,40,2
71.1,35,2008,40,7
71.6,34.2,2008,40,8
45.7,43.3,2008,39,23
69.1,28.9,2008,39,6
61.9,31,2008,38,7
69.3,33.2,2008,38,5
69.9,33.3,2008,38,10
44.1,34,2008,37,2
62.5,32.6,2008,37,3
69.8,34.7,2008,37,1
44.7,33.7,2008,36,2
62.8,32.8,2008,36,6
69.3,32.5,2008,36,3
70.3,33,2008,36,3
43.1,12.7,2008,35,2
44.5,33.6,2008,35,1
72.5,34.5,2008,35,1
74.2,34.4,2008,35,11
-3,20,2008,34,1
34.3,31.3,2008,34,15
66.2,32.4,2008,34,1
67.4,32.3,2008,34,1
69.4,33.4,2008,34,8
70.1,33,2008,34,4
71,33.7,2008,34,2
23,13,2008,33,6
26,16,2008,33,6
64.8,32.4,2008,33,7
70.8,33.5,2008,33,4
1.8,19.1,2008,32,1
43.6,37.2,2008,32,3
44.2,33.8,2008,32,1
47.2,30.3,2008,32,3
62,25.6,2008,32,3
63.3,32,2008,32,4
68,33.2,2008,32,6
69.8,33.3,2008,32,4
44,33.2,2008,31,1
63.9,35.6,2008,31,4
68.9,33.4,2008,31,1
69.9,34.6,2008,31,1
45.8,32.5,2008,30,7
62.9,32.2,2008,30,8
65.6,31.6,2008,30,6
66.7,32.6,2008,30,5
71.5,33.6,2008,30,3
65.8,31,2008,29,9
68,34.2,2008,29,8
68.3,33.1,2008,29,2
72.1,34.2,2008,29,4
47.5,43,2008,28,16
69.9,33,2008,28,2
70.6,33,2008,27,4
70.9,31.8,2008,27,2
6.9,33.3,2008,26,2
67.3,32.2,2008,26,2
67.6,32.2,2008,26,2
68.4,33.5,2008,26,9
70.1,32.3,2008,26,3
72.9,19,2008,26,5
42.5,37.9,2008,25,4
67.2,31.9,2008,25,5
43.3,33.4,2008,24,3
68.7,33.9,2008,24,6
70,33.4,2008,24,3
71.3,34.8,2008,24,8
22.6,14,2008,23,1
42.4,38.3,2008,23,1
43.6,34.5,2008,23,5
44.6,33.1,2008,23,2
63.3,35.6,2008,23,1
64.7,32.5,2008,23,7
64.9,32.4,2008,23,1
67.2,32.2,2008,23,11
68.8,34.3,2008,23,3
70.2,33.4,2008,23,4
24.9,13.5,2008,22,2
69.7,33.2,2008,22,4
74.3,31.5,2008,22,1
26.7,13.6,2008,21,1
43.9,33.4,2008,21,1
44,33,2008,21,4
44.2,15.4,2008,21,2
44.5,33.8,2008,21,2
64.1,31.3,2008,21,4
67,32.5,2008,21,3
69.7,34.6,2008,21,3
74.8,34.1,2008,21,5
1,20.2,2008,20,2
34.2,31.3,2008,20,11
62.5,32.5,2008,20,11
69,28.8,2008,20,2
69.3,32.7,2008,20,7
69.5,33.2,2008,20,2
69.7,33.4,2008,20,5
70.2,34.2,2008,20,1
74.7,32.6,2008,20,4
43.7,16.9,2008,19,1
44.8,43.2,2008,19,16
45.1,33.7,2008,19,3
66.9,32.1,2008,19,4
69.4,32.3,2008,19,3
69.9,33.4,2008,19,14
40.8,39.1,2008,18,7
43.2,37.6,2008,18,8
60.9,29.5,2008,18,4
65,32.5,2008,18,9
66,32.7,2008,18,1
69.5,32.3,2008,18,2
69.9,34.8,2008,18,2
70,32.5,2008,18,1
70.1,32.9,2008,18,3
71.5,34.9,2008,18,4
72.2,34.9,2008,18,2
3.6,36.8,2008,17,3
5.7,34.9,2008,17,1
26.6,18.2,2008,17,1
45.5,43.1,2008,17,8
63.5,35.5,2008,17,3
64.3,31.6,2008,17,1
68.2,33.4,2008,17,4
74.5,34.3,2008,17,9
10.2,19.8,2008,16,2
24.4,13.2,2008,16,1
24.6,14.6,2008,16,2
24.6,14.7,2008,16,2
41.9,36.3,2008,16,2
42.4,36.4,2008,16,2
63.1,32.2,2008,16,2
67.6,32.7,2008,16,2
69.4,33.5,2008,16,3
70.4,34.3,2008,16,5
71.3,34.4,2008,16,3
74.8,34.3,2008,16,2
76,39.5,2008,16,1
4.2,36.8,2008,15,9
34.4,31.5,2008,15,2
43.5,34.9,2008,15,2
44.2,32.9,2008,15,1
44.2,35.2,2008,15,1
45,43,2008,15,2
46.1,43,2008,15,6
65.5,32,2008,15,3
66.3,32.9,2008,15,3
66.7,32,2008,15,2
67.2,32.9,2008,15,1
69.4,33.7,2008,15,1
69.5,33.3,2008,15,3
70,33,2008,15,2
71,35.2,2008,15,1
74.4,34.7,2008,15,1
-5.6,15.3,2008,14,1
4.3,36.8,2008,14,2
42.5,37.5,2008,14,3
42.8,33.6,2008,14,1
47.5,40.5,2008,14,1
65.5,31.6,2008,14,5
69.3,32.8,2008,14,1
71.1,34.8,2008,14,2
71.3,34.7,2008,14,8
79.8,19.9,2008,14,2
24,15.4,2008,13,1
39.8,39.2,2008,13,2
45,36.5,2008,13,7
46.6,43.3,2008,13,6
62.4,33.2,2008,13,3
63.8,34.3,2008,13,1
65,32.2,2008,13,1
65.5,31.5,2008,13,2
66.2,31,2008,13,6
67,30.2,2008,13,12
67.8,32.9,2008,13,5
68.7,33.7,2008,13,4
69.7,32.4,2008,13,2
71.3,34.5,2008,13,1
71.6,34.8,2008,13,3
72.5,35.1,2008,13,2
74.9,33.8,2008,13,8
-11.8,22.5,2008,12,1
3.9,36.4,2008,12,1
40.2,37.9,2008,12,2
40.6,39,2008,12,2
47,40,2008,12,1
62.5,31,2008,12,3
63.1,35.2,2008,12,1
65,32,2008,12,1
65.2,32,2008,12,2
67.4,32.5,2008,12,6
68,33.1,2008,12,3
68.3,33.8,2008,12,1
69.6,34.9,2008,12,1
70.5,33,2008,12,2
70.8,34.3,2008,12,1
72.6,34.8,2008,12,2
3,28,2008,11,6
3.6,36.7,2008,11,4
41.7,36,2008,11,1
43.5,37.3,2008,11,1
43.8,34.5,2008,11,2
44,37.5,2008,11,1
44.2,34.1,2008,11,2
44.4,32.5,2008,11,1
44.7,43.3,2008,11,3
45.7,43,2008,11,2
62.2,32.5,2008,11,1
62.9,31.6,2008,11,2
68.4,33.6,2008,11,3
68.9,32.5,2008,11,1
69.1,32.8,2008,11,1
69.2,34,2008,11,5
70,32.7,2008,11,1
70.9,35,2008,11,4
71.1,33.5,2008,11,1
71.2,34.3,2008,11,1
74.8,34.2,2008,11,7
2.1,36,2008,10,1
4.7,18.4,2008,10,1
7.8,18.5,2008,10,2
22.6,14.1,2008,10,2
43.7,37.1,2008,10,2
44,37,2008,10,6
44.6,43.5,2008,10,6
48.1,41.7,2008,10,1
53,32,2008,10,1
62.2,33.2,2008,10,3
63.2,35.5,2008,10,2
65.9,32.7,2008,10,2
68.4,33.8,2008,10,2
68.8,34.2,2008,10,1
68.9,33.8,2008,10,4
74.1,33.8,2008,10,3
75.1,32.6,2008,10,3
75.6,33.1,2008,10,8
-16.3,13.1,2008,9,1
25.4,14.8,2008,9,2
35.3,32.2,2008,9,7
39,39.6,2008,9,1
39.2,39.4,2008,9,4
41.9,37.5,2008,9,4
42.7,36.5,2008,9,1
44.3,32.9,2008,9,1
44.8,43.3,2008,9,2
45.1,37.6,2008,9,1
45.2,36.3,2008,9,1
45.7,43.1,2008,9,1
47.6,42.7,2008,9,3
61.3,33,2008,9,1
62.1,30.2,2008,9,1
63.8,35,2008,9,4
64,26.7,2008,9,2
64.5,32.5,2008,9,5
64.8,32.1,2008,9,4
65,33,2008,9,3
66.1,30.2,2008,9,1
66.5,32.2,2008,9,4
67.3,31.4,2008,9,2
67.8,32.8,2008,9,3
68.6,28.6,2008,9,2
69.3,34.5,2008,9,3
70.1,33.6,2008,9,3
70.2,33,2008,9,1
70.9,34.7,2008,9,3
71.5,34.4,2008,9,3
71.6,34.7,2008,9,5
72.5,34.4,2008,9,2
74,34.7,2008,9,5
74.1,33.1,2008,9,2
74.1,33.6,2008,9,3
74.4,34.5,2008,9,5
74.7,34.4,2008,9,2
75.5,33.5,2008,9,5
76,33.5,2008,9,3
3,36.1,2008,8,3
4,36.7,2008,8,5
25,13,2008,8,2
40.5,39.4,2008,8,2
40.6,38.5,2008,8,2
41,38.8,2008,8,3
41.4,38.3,2008,8,3
41.9,38.4,2008,8,2
42.2,37.5,2008,8,5
42.3,37.4,2008,8,3
42.9,37.4,2008,8,2
44.4,33.7,2008,8,3
44.9,43.3,2008,8,3
45.1,36.2,2008,8,1
45.5,36.2,2008,8,1
62.1,32.4,2008,8,3
62.1,32.8,2008,8,1
64.2,31.1,2008,8,2
65.1,36.5,2008,8,1
66.5,31.2,2008,8,1
68.9,36.6,2008,8,1
69,32.8,2008,8,2
69.1,33.6,2008,8,2
69.5,32.4,2008,8,2
70.4,35.2,2008,8,1
70.4,35.3,2008,8,1
70.7,34.1,2008,8,2
74.4,33.6,2008,8,2
75,33.9,2008,8,4
76.7,39.5,2008,8,2
79,28.8,2008,8,1
3.6,36.6,2008,7,3
3.7,36.9,2008,7,2
5.9,35.5,2008,7,1
34.3,31.2,2008,7,3
34.3,31.4,2008,7,4
40.4,39.3,2008,7,2
41,34.4,2008,7,1
43.7,38.4,2008,7,2
43.9,35.3,2008,7,1
44.3,37.6,2008,7,6
45.2,34.3,2008,7,1
47.6,42.8,2008,7,2
62.1,32.7,2008,7,1
68.1,33.1,2008,7,1
68.1,33.7,2008,7,2
68.4,28.8,2008,7,2
68.6,33.7,2008,7,1
69,33.5,2008,7,2
70.3,33.5,2008,7,1
70.5,32.8,2008,7,2
70.7,33.8,2008,7,1
71.5,34.2,2008,7,3
74.1,34.3,2008,7,3
74.4,34.3,2008,7,2
1.3,35.4,2008,6,1
3.8,36.7,2008,6,2
3.9,36.9,2008,6,2
24.7,14.2,2008,6,1
42.2,37.8,2008,6,1
42.3,37.9,2008,6,1
43.1,40.1,2008,6,1
44,42.2,2008,6,1
44.2,33.1,2008,6,2
45.3,43.6,2008,6,2
48,41.9,2008,6,2
60,29.9,2008,6,1
63,32.5,2008,6,1
63.8,35.8,2008,6,1
63.9,30.2,2008,6,3
65.3,34.5,2008,6,1
66.3,27.1,2008,6,1
66.8,32.6,2008,6,1
67.4,31.7,2008,6,1
68.2,28.6,2008,6,1
68.9,34.4,2008,6,1
69.6,35,2008,6,5
70.3,33.7,2008,6,1
70.6,32.9,2008,6,3
71.5,33.4,2008,6,4
71.6,34.6,2008,6,1
74.2,34.3,2008,6,4
74.3,34.5,2008,6,3
74.8,34.5,2008,6,4
75,33.8,2008,6,4
75.1,33.9,2008,6,1
75.4,33.2,2008,6,3
-4,17,2008,5,1
6.8,28.5,2008,5,1
7,35,2008,5,1
8.1,34.7,2008,5,1
35.2,31.7,2008,5,3
35.3,32.4,2008,5,3
42.4,34.1,2008,5,1
43.8,16.9,2008,5,1
43.9,39.1,2008,5,1
43.9,39.4,2008,5,2
45,43.3,2008,5,4
46.4,43,2008,5,2
62,32.4,2008,5,1
62.7,32.8,2008,5,2
62.8,31.5,2008,5,1
64.3,34.1,2008,5,1
64.6,31.6,2008,5,1
64.9,32.1,2008,5,2
65.3,32.9,2008,5,1
65.4,32.9,2008,5,1
65.9,31.5,2008,5,2
67.7,31.9,2008,5,1
68.7,33.1,2008,5,1
68.7,34,2008,5,2
68.9,35,2008,5,2
69,33.2,2008,5,1
69.2,33.6,2008,5,2
69.3,33.7,2008,5,5
69.5,32.8,2008,5,1
69.7,34.7,2008,5,1
69.9,33.9,2008,5,1
70,32.8,2008,5,1
70.1,33.5,2008,5,3
70.9,34.9,2008,5,5
71.2,33.6,2008,5,1
71.2,34.7,2008,5,1
71.3,34.6,2008,5,1
74.1,33.7,2008,5,1
74.2,33.6,2008,5,3
74.4,34.2,2008,5,4
74.5,33.1,2008,5,3
75,33.7,2008,5,2
75.2,34.3,2008,5,2
75.7,33.3,2008,5,1
-1.4,35.1,2008,4,1
3.5,36.7,2008,4,3
3.7,36.8,2008,4,3
3.8,34.4,2008,4,1
6,36.8,2008,4,1
6.9,36.9,2008,4,1
7.2,33.2,2008,4,1
8.1,17.3,2008,4,1
22.4,13.4,2008,4,1
23.5,12.9,2008,4,1
37.8,45,2008,4,1
40.1,38.4,2008,4,3
40.5,38,2008,4,3
43.3,35.8,2008,4,1
43.5,43.7,2008,4,2
43.7,37.3,2008,4,1
44.1,37.5,2008,4,3
44.2,33.3,2008,4,1
44.3,37.2,2008,4,2
44.9,34,2008,4,1
45,43.1,2008,4,1
45.5,35.7,2008,4,1
45.6,16.7,2008,4,1
45.6,33.7,2008,4,1
45.6,43.2,2008,4,2
45.9,43,2008,4,2
46.2,35.5,2008,4,1
46.3,31.1,2008,4,1
46.3,35.7,2008,4,1
46.3,43.4,2008,4,2
46.8,36.3,2008,4,2
48.3,42.1,2008,4,3
61.6,31.7,2008,4,1
62,33.7,2008,4,1
62.2,34.3,2008,4,4
62.4,31.3,2008,4,1
62.7,31.5,2008,4,1
63.8,35.7,2008,4,1
64.2,31.5,2008,4,1
64.6,31.7,2008,4,1
64.9,31.6,2008,4,1
65.2,31.6,2008,4,1
65.5,32.7,2008,4,1
65.6,32.6,2008,4,1
65.7,31.2,2008,4,2
66.6,31.5,2008,4,1
66.7,31.9,2008,4,1
68.1,32.9,2008,4,3
68.2,33.2,2008,4,2
68.4,36.9,2008,4,2
68.5,32.7,2008,4,3
68.7,35.9,2008,4,1
68.9,32.4,2008,4,2
69,34.6,2008,4,1
69,35.8,2008,4,2
69.1,29.1,2008,4,1
69.1,34,2008,4,4
69.3,34.3,2008,4,1
69.5,32.2,2008,4,1
69.5,32.9,2008,4,1
69.5,33.7,2008,4,1
69.7,33.5,2008,4,1
69.8,32.5,2008,4,1
70,33.2,2008,4,4
70.2,33.5,2008,4,2
70.8,35.3,2008,4,2
70.9,34.6,2008,4,1
71,34.9,2008,4,2
72.4,35,2008,4,3
72.5,35.2,2008,4,2
74.1,34,2008,4,1
74.1,34.4,2008,4,2
74.5,34.4,2008,4,1
74.6,32.7,2008,4,1
74.8,33.7,2008,4,2
75,33.5,2008,4,1
75.1,33.8,2008,4,1
75.3,13.3,2008,4,1
75.6,33.3,2008,4,1
75.9,33,2008,4,1
76.7,33.9,2008,4,3
79.7,16.2,2008,4,2
0.6,35.7,2008,3,1
0.9,21.3,2008,3,1
2.8,19.5,2008,3,1
3,19.9,2008,3,1
3.2,36.7,2008,3,1
3.3,36.6,2008,3,1
3.9,36.2,2008,3,1
3.9,36.7,2008,3,3
6.6,36.4,2008,3,2
7.8,35,2008,3,1
8.5,18,2008,3,1
34.4,31.3,2008,3,1
39.5,39.1,2008,3,2
39.9,39.5,2008,3,1
40.1,39.2,2008,3,3
40.3,37.4,2008,3,2
41.7,43.9,2008,3,2
41.9,43.8,2008,3,1
42.2,37.3,2008,3,1
43.1,38,2008,3,2
43.2,39.7,2008,3,3
43.6,37.3,2008,3,3
43.8,43.5,2008,3,3
43.9,16.2,2008,3,1
44.4,39.4,2008,3,1
44.8,33.7,2008,3,1
44.9,32,2008,3,3
45.9,43.5,2008,3,1
46.1,43.1,2008,3,2
46.6,40,2008,3,3
46.7,43.3,2008,3,1
47.6,42.6,2008,3,2
48.2,41.8,2008,3,1
48.2,42.1,2008,3,1
62.1,32.5,2008,3,3
62.1,33.3,2008,3,1
62.7,34,2008,3,1
63.7,32.6,2008,3,1
64,29.4,2008,3,1
64.4,31.7,2008,3,1
64.7,31.8,2008,3,1
64.7,31.9,2008,3,2
64.8,32.3,2008,3,2
65.1,32.3,2008,3,3
65.7,29.5,2008,3,3
66.7,32.2,2008,3,1
68.2,33.3,2008,3,1
68.3,33.6,2008,3,1
68.6,33.5,2008,3,1
68.9,36.7,2008,3,3
69.2,35,2008,3,1
69.4,33,2008,3,1
69.9,32.7,2008,3,1
70,33.5,2008,3,2
70.1,34.2,2008,3,2
70.2,34.3,2008,3,1
70.2,34.8,2008,3,1
70.5,34.4,2008,3,2
70.7,33.4,2008,3,2
70.8,34.2,2008,3,1
70.9,33.6,2008,3,1
71.4,33.7,2008,3,2
71.4,34.3,2008,3,2
72.2,34.8,2008,3,2
74.2,33.2,2008,3,2
74.2,34.5,2008,3,3
74.3,33.5,2008,3,1
74.4,34.1,2008,3,1
74.4,34.4,2008,3,1
74.5,33,2008,3,1
74.5,33.6,2008,3,1
74.8,33.2,2008,3,1
74.8,33.3,2008,3,3
74.9,33.6,2008,3,1
75.7,33,2008,3,1
75.9,33.1,2008,3,3
-16.3,12.6,2008,2,2
-1.5,34.8,2008,2,1
1.8,35.8,2008,2,1
2.7,15,2008,2,1
3.1,36.6,2008,2,1
3.5,36.8,2008,2,2
3.8,36.5,2008,2,2
4,36.8,2008,2,1
4.3,36.6,2008,2,1
5.5,36.2,2008,2,1
5.8,36.8,2008,2,1
7.1,35.4,2008,2,1
8.1,35.4,2008,2,1
21.4,12.2,2008,2,1
22.4,13.8,2008,2,1
22.4,14.2,2008,2,1
23.6,14.9,2008,2,1
34,36.8,2008,2,1
35.3,32.5,2008,2,2
36.2,36.5,2008,2,2
39,45.5,2008,2,2
40.6,38.8,2008,2,2
41.2,37.1,2008,2,2
41.8,33,2008,2,2
42,44.2,2008,2,1
42.5,37.2,2008,2,1
42.8,43.3,2008,2,1
42.9,43.7,2008,2,1
43.4,16.8,2008,2,1
43.5,43.5,2008,2,1
43.6,43.5,2008,2,2
43.6,43.6,2008,2,1
43.9,42.2,2008,2,1
44.7,43,2008,2,2
44.9,43.2,2008,2,1
45.1,36.7,2008,2,1
45.3,43.4,2008,2,1
45.4,43.1,2008,2,2
45.8,42.9,2008,2,2
46,43,2008,2,1
46.1,43.2,2008,2,1
46.3,38.1,2008,2,1
46.3,43,2008,2,1
46.3,43.1,2008,2,1
46.7,34.8,2008,2,1
47.6,42.5,2008,2,1
63.2,32.1,2008,2,1
63.6,32.6,2008,2,2
63.6,34.8,2008,2,1
64.2,31.6,2008,2,1
64.3,35,2008,2,1
64.9,31.5,2008,2,3
65.8,31.6,2008,2,1
66.5,32.8,2008,2,1
66.6,27.8,2008,2,1
67.7,32.7,2008,2,1
68.3,32.3,2008,2,4
68.4,33.4,2008,2,2
68.4,35.3,2008,2,1
68.8,33.2,2008,2,2
69,33.8,2008,2,1
69.5,33.1,2008,2,1
69.8,33,2008,2,1
70.4,34.4,2008,2,1
70.5,34.1,2008,2,1
71.1,33.6,2008,2,1
71.4,34,2008,2,1
71.4,35.1,2008,2,1
72.3,35,2008,2,1
73.8,34.3,2008,2,1
73.8,34.4,2008,2,1
74,34.4,2008,2,1
74.2,33.3,2008,2,1
74.3,34.3,2008,2,1
74.5,34.2,2008,2,1
74.6,34,2008,2,1
74.6,34.1,2008,2,1
74.6,34.2,2008,2,2
74.8,32.8,2008,2,1
74.8,33.8,2008,2,1
75.1,33.2,2008,2,1
75.2,32.7,2008,2,1
75.2,33.3,2008,2,1
75.3,32.5,2008,2,1
75.3,33.5,2008,2,1
75.6,33.2,2008,2,1
79.8,18,2008,2,1
-6,14.7,2008,1,1
-3.5,43.4,2008,1,1
-2.6,43,2008,1,1
-0.6,35.7,2008,1,1
1,35.2,2008,1,1
2.1,13.5,2008,1,1
2.2,36.2,2008,1,1
2.6,36.4,2008,1,1
2.8,36.3,2008,1,1
3.2,36.2,2008,1,1
3.5,36.6,2008,1,1
3.9,36.6,2008,1,1
4,36.5,2008,1,1
4.1,36.9,2008,1,1
4.2,36.7,2008,1,1
4.8,36.1,2008,1,1
4.8,36.6,2008,1,1
4.9,36.7,2008,1,1
5.5,36.7,2008,1,2
6.3,37,2008,1,1
6.7,36.8,2008,1,1
8.2,36.8,2008,1,1
8.9,15,2008,1,1
24.2,14.6,2008,1,1
25,14,2008,1,1
26,14.6,2008,1,1
34.8,31.5,2008,1,1
35,31.1,2008,1,1
35,32.2,2008,1,1
35,32.3,2008,1,1
35.1,31.5,2008,1,1
35.2,32,2008,1,1
36.3,33.5,2008,1,1
36.3,36.6,2008,1,1
36.7,37,2008,1,1
38.5,40.7,2008,1,1
38.9,45,2008,1,1
39.2,39.1,2008,1,1
39.5,38.1,2008,1,1
40,39,2008,1,1
40.1,38.6,2008,1,1
40.5,38.9,2008,1,1
40.5,39.2,2008,1,1
41.4,37.4,2008,1,1
41.8,37.3,2008,1,1
41.8,38.2,2008,1,1
41.9,37.3,2008,1,1
42.2,37.7,2008,1,1
42.5,39.1,2008,1,1
42.5,43.9,2008,1,1
44,32.6,2008,1,1
44,39.9,2008,1,1
44.1,37.4,2008,1,1
44.1,42.1,2008,1,1
44.4,38.4,2008,1,1
44.6,34.9,2008,1,1
44.7,36.9,2008,1,1
44.7,43.1,2008,1,1
44.7,43.4,2008,1,1
44.8,44.2,2008,1,1
45,43.2,2008,1,1
45.2,43.7,2008,1,1
45.3,43,2008,1,1
45.3,43.1,2008,1,1
45.3,43.3,2008,1,1
45.5,42.7,2008,1,1
45.8,41,2008,1,1
45.8,42.5,2008,1,1
45.8,43.3,2008,1,1
45.9,42.9,2008,1,1
45.9,43.3,2008,1,1
46.1,43.7,2008,1,1
46.4,43.1,2008,1,1
46.4,43.2,2008,1,1
46.6,43.4,2008,1,1
47.1,42.8,2008,1,1
48,41.7,2008,1,1
61.2,34.2,2008,1,1
62,32.5,2008,1,1
62.2,34.2,2008,1,1
63.1,35.8,2008,1,1
63.4,32.2,2008,1,1
64.2,31.9,2008,1,1
64.4,33.5,2008,1,1
64.6,35.9,2008,1,1
64.8,35.9,2008,1,1
64.9,36.2,2008,1,1
65.3,31.5,2008,1,1
65.4,31.5,2008,1,1
65.6,28.5,2008,1,1
65.7,27.3,2008,1,1
65.7,31.7,2008,1,1
65.8,36.8,2008,1,1
66.2,32.7,2008,1,1
66.5,31.9,2008,1,1
66.6,29.3,2008,1,1
66.7,32.9,2008,1,1
66.9,25,2008,1,4
67.1,27.8,2008,1,1
67.1,32.2,2008,1,1
67.2,24.9,2008,1,1
67.9,32.3,2008,1,1
68.2,32.6,2008,1,1
68.5,33.5,2008,1,1
68.6,33.3,2008,1,1
68.7,36.1,2008,1,1
68.8,35,2008,1,1
68.9,29.5,2008,1,2
68.9,33.3,2008,1,1
69.2,37,2008,1,1
69.3,34.9,2008,1,1
69.4,34.5,2008,1,1
69.6,34.2,2008,1,1
69.7,33.1,2008,1,1
69.7,33.3,2008,1,1
69.9,36.8,2008,1,1
70,33.3,2008,1,1
70,33.9,2008,1,1
70.1,32.2,2008,1,1
70.1,33.4,2008,1,1
70.1,34.9,2008,1,1
70.3,34.5,2008,1,1
70.4,32.2,2008,1,3
70.5,33.4,2008,1,1
70.5,35.1,2008,1,1
71.4,33.6,2008,1,2
71.5,35.3,2008,1,1
71.6,33.6,2008,1,1
71.7,34.3,2008,1,2
71.7,34.7,2008,1,1
72.5,34.2,2008,1,1
73.7,34.4,2008,1,1
74.1,34.5,2008,1,1
74.6,33.4,2008,1,1
74.7,32.9,2008,1,1
74.7,34.3,2008,1,1
74.8,32.7,2008,1,1
74.8,34.4,2008,1,1
74.9,34.2,2008,1,1
75.4,33.1,2008,1,1
77.5,10.2,2008,1,1
78.7,18.5,2008,1,1
79.9,16.1,2008,1,1
-3.1,30.2,2008,0,1
21.4,14.2,2008,0,1
25,11,2008,0,1
35.4,32.3,2008,0,1
36.2,36.6,2008,0,1
44.2,41.3,2008,0,2
45.2,43.2,2008,0,1
45.9,43.1,2008,0,1
46.5,30.9,2008,0,1
46.6,43.1,2008,0,1
46.9,40.3,2008,0,1
59.6,36.3,2008,0,1
61.9,33,2008,0,1
63.1,35,2008,0,1
63.5,34.5,2008,0,1
64.4,28.9,2008,0,1
65,32.4,2008,0,1
65.3,32.7,2008,0,1
66.1,36.8,2008,0,1
66.4,31.3,2008,0,1
66.6,27.5,2008,0,2
67.2,36.9,2008,0,1
68.1,36.2,2008,0,1
68.2,33.7,2008,0,1
68.4,32.7,2008,0,1
68.8,29.6,2008,0,3
68.9,33.7,2008,0,1
69,33.1,2008,0,1
69,36,2008,0,1
69.9,33.6,2008,0,1
69.9,33.8,2008,0,1
70.2,32.1,2008,0,1
70.3,32.9,2008,0,1
70.4,32.6,2008,0,1
70.6,31.9,2008,0,2
70.9,32.6,2008,0,2
71,34.8,2008,0,1
71.2,34.9,2008,0,2
71.3,35.5,2008,0,1
73.1,33.7,2008,0,1
70,30,2009,1434,3
44.4,33.3,2009,488,18
34.4,31.4,2009,332,43
72.4,34.8,2009,332,58
69.8,32.6,2009,315,38
13.2,11.8,2009,293,5
72.5,35.2,2009,283,39
64,31,2009,282,55
43.8,16.9,2009,272,12
44.1,16.5,2009,271,13
34.5,31.5,2009,264,50
69.7,32.3,2009,208,31
43.1,36.3,2009,203,130
72.7,34.7,2009,200,7
25.6,12,2009,193,8
71.3,35.5,2009,153,3
43.9,17.1,2009,148,14
64.6,31.8,2009,148,45
71.5,33.9,2009,145,17
71.8,35,2009,135,7
72.5,34.4,2009,135,11
72.3,34.8,2009,122,28
69.8,32.5,2009,120,16
70,32.5,2009,120,14
43.3,16.9,2009,118,9
44.1,16.4,2009,112,4
71.9,34.9,2009,106,9
71.4,34.5,2009,105,13
71.5,34.8,2009,104,17
69.2,34.5,2009,100,17
70.9,33.8,2009,100,11
68.9,36.6,2009,99,1
71,33.7,2009,94,14
72.5,34.6,2009,93,2
65,32.5,2009,90,6
71.3,34.6,2009,90,13
65.4,31.6,2009,89,17
66,32.8,2009,88,17
45.7,43.3,2009,87,47
71.6,34,2009,86,14
43.7,16.9,2009,84,6
63.5,35.5,2009,84,10
47.5,43,2009,83,38
65.7,31.6,2009,81,28
62.4,32.6,2009,80,1
68.8,32.4,2009,80,18
68.7,36.8,2009,79,5
68.6,36.7,2009,77,10
70.8,33.7,2009,77,10
64.1,31.5,2009,75,2
65,31.6,2009,75,14
72.2,35,2009,74,8
20.5,12.8,2009,72,2
23,13,2009,70,2
62.5,32.6,2009,70,6
71.4,34.9,2009,70,12
74.3,31.5,2009,70,5
69.9,33.3,2009,67,19
63.9,31.6,2009,66,21
64.4,31.6,2009,66,20
69.9,33.5,2009,63,16
70.7,33.8,2009,63,5
72.5,34.9,2009,63,18
43.3,33.4,2009,62,7
64.1,31.3,2009,62,11
70.8,33.8,2009,60,4
72.3,35.1,2009,60,12
72.4,35,2009,57,5
44.8,43.2,2009,55,25
46.5,14,2009,55,1
67.8,33.3,2009,55,19
71.3,35.7,2009,55,3
65.8,31,2009,54,21
68.4,36.9,2009,54,4
71.5,34.6,2009,53,8
65.9,32.6,2009,52,12
65.5,32.6,2009,51,7
69.9,32.7,2009,51,5
20.9,12.4,2009,50,1
66.7,32.6,2009,50,3
70.9,33.6,2009,49,5
65.5,32.9,2009,48,6
69.4,33.4,2009,48,7
70.1,33,2009,47,7
71.1,35,2009,47,13
72.2,34.9,2009,46,6
67.6,32.2,2009,45,4
69.6,32.5,2009,45,7
11.1,11.7,2009,44,2
42.4,36.4,2009,44,6
43.4,16.8,2009,44,3
63.8,35,2009,44,5
64.8,32.1,2009,44,23
69.7,32.4,2009,44,4
43.3,16.8,2009,43,7
43.8,16.8,2009,43,4
65.2,31.1,2009,43,16
69.2,34,2009,43,12
71.4,34.8,2009,43,13
9.8,10.3,2009,42,1
61.8,26.1,2009,42,1
64.6,31.6,2009,42,7
71.1,33.6,2009,41,4
71.5,34.4,2009,41,4
4.5,36.1,2009,40,2
64.5,31.8,2009,40,3
70,32.4,2009,40,3
70,32.8,2009,40,1
63.6,32.6,2009,39,5
65.6,31.8,2009,39,13
70.2,34.7,2009,38,3
72.2,34.7,2009,38,10
44,16.9,2009,37,1
45,34,2009,37,4
67.2,32.2,2009,37,14
68,34.2,2009,37,17
69.7,34.9,2009,36,3
62.1,32.4,2009,35,5
65.9,32.7,2009,35,4
69.3,32.7,2009,35,7
44.2,33.3,2009,34,1
64.3,34.1,2009,34,2
65,32.1,2009,34,12
69.9,32.5,2009,34,4
62.8,32.8,2009,33,7
70,33.2,2009,33,3
70.4,34.3,2009,33,12
71.3,35.2,2009,33,3
4.2,36.8,2009,32,12
63.3,32,2009,32,4
70.1,34.8,2009,32,2
71.1,33.8,2009,32,4
-3,16.8,2009,31,3
2.3,20,2009,31,1
0.4,19.4,2009,30,1
48.1,14.1,2009,30,1
62.1,32.5,2009,30,9
65.6,31.6,2009,30,7
66.3,32.9,2009,30,4
67.8,31.8,2009,30,4
68,33.2,2009,30,14
70.2,33,2009,30,5
71.4,33.9,2009,30,4
72.5,34.5,2009,30,6
72.5,34.8,2009,30,7
61.9,31,2009,29,6
62.1,32.8,2009,29,5
64.1,30.9,2009,29,10
69.6,32.3,2009,29,7
71.9,34.6,2009,29,11
74.2,34.4,2009,29,17
25.2,13.8,2009,28,1
64.2,31.6,2009,28,8
68.7,33.9,2009,28,8
70.7,33.4,2009,28,1
33.7,58.1,2009,27,1
62.2,34.3,2009,27,6
62.5,32.5,2009,27,16
62.9,31.7,2009,27,8
68.4,33.3,2009,27,7
68.9,36.8,2009,27,6
69.5,33.2,2009,27,3
-3,20,2009,26,1
43.5,17.4,2009,26,2
46.7,34.7,2009,26,1
63.8,35.7,2009,26,5
64.4,31.7,2009,26,10
71.5,34.9,2009,26,5
69.1,34.2,2009,25,1
70.2,33.5,2009,25,3
5.9,35.5,2009,24,5
45,43.3,2009,24,9
68.7,36.2,2009,24,3
69.7,32.5,2009,24,2
69.8,32.7,2009,24,6
70.9,34.9,2009,24,4
70.9,35,2009,24,7
71.4,34.2,2009,24,2
71.5,34.7,2009,24,6
34.5,31.6,2009,23,11
44.6,33.7,2009,23,5
45.1,37.6,2009,23,3
45.1,43.2,2009,23,3
65.5,33.1,2009,23,1
66.5,31.9,2009,23,6
71.1,34.2,2009,23,1
79.8,19.9,2009,23,1
3,36.6,2009,22,3
8.1,35.4,2009,22,7
24.4,13.2,2009,22,2
34.2,31.3,2009,22,11
62.4,34.2,2009,22,1
64.7,32.5,2009,22,6
64.9,31.5,2009,22,13
67,30.2,2009,22,8
68.9,33.8,2009,22,5
69.9,34.7,2009,22,2
70.3,32.5,2009,22,1
70.6,33.8,2009,22,1
71.9,34.5,2009,22,4
34.4,31.5,2009,21,6
42.2,37.8,2009,21,3
46.6,43.3,2009,21,11
62,25.6,2009,21,5
64.7,31.8,2009,21,6
66,32.1,2009,21,9
67.1,33.5,2009,21,3
67.3,32.2,2009,21,1
67.4,32.5,2009,21,7
69.3,37.1,2009,21,2
72.4,34.9,2009,21,8
62.2,35,2009,20,4
65.5,32,2009,20,6
67,32.5,2009,20,7
68.4,33.5,2009,20,8
68.8,33.2,2009,20,6
69.3,33.7,2009,20,7
69.7,32.7,2009,20,1
69.8,32.4,2009,20,2
71.8,34.9,2009,20,1
72.4,34.7,2009,20,2
73.1,33.6,2009,20,2
74,34.4,2009,20,5
1.7,36.5,2009,19,2
65,33,2009,19,5
66.4,31,2009,19,3
68.9,33.9,2009,19,3
68.9,36.7,2009,19,10
69.2,33.6,2009,19,3
69.3,32.2,2009,19,3
69.8,33.3,2009,19,7
71.3,35.8,2009,19,3
74.5,34.3,2009,19,11
4,36.7,2009,18,9
34.4,31.3,2009,18,7
42.6,37.4,2009,18,8
43.3,17,2009,18,2
44.4,35.5,2009,18,3
70.3,33.7,2009,18,1
71.2,34.4,2009,18,1
71.3,34.4,2009,18,3
71.3,34.5,2009,18,3
4.8,36.1,2009,17,4
65.4,31.5,2009,17,4
69,33.1,2009,17,3
69,35.8,2009,17,4
69.9,33.4,2009,17,8
70,33,2009,17,5
70.1,33.5,2009,17,5
74.8,33.3,2009,17,6
6.2,35.6,2009,16,2
34.3,31.3,2009,16,9
45.2,43.2,2009,16,8
46.3,43,2009,16,3
62.3,27.4,2009,16,2
62.5,34.1,2009,16,1
64.1,34.3,2009,16,1
64.8,36.2,2009,16,4
64.9,32.4,2009,16,1
69.3,33.2,2009,16,2
69.7,34.7,2009,16,1
69.9,32.4,2009,16,3
70.2,33.4,2009,16,5
70.3,34.2,2009,16,4
71.3,34,2009,16,1
79.1,21.2,2009,16,1
43.6,37.3,2009,15,3
47.1,42.7,2009,15,2
66.2,30.2,2009,15,1
67.3,32,2009,15,1
67.6,32.7,2009,15,6
69.3,35,2009,15,3
69.8,33,2009,15,1
71,33.8,2009,15,6
73.7,34.4,2009,15,7
44,16.4,2009,14,2
44.8,43.4,2009,14,7
45.4,43.1,2009,14,4
47,35.3,2009,14,2
61.8,31.3,2009,14,2
66,32.9,2009,14,1
67.1,32.2,2009,14,1
68.8,34.3,2009,14,6
69.1,28.9,2009,14,5
69.3,32.1,2009,14,2
70.1,32.3,2009,14,3
70.6,32.9,2009,14,2
71.5,33.7,2009,14,2
-2.2,30.1,2009,13,1
3,28,2009,13,12
43.2,16.9,2009,13,1
43.7,16.8,2009,13,1
44,33.2,2009,13,1
62.4,33.2,2009,13,8
63,35.2,2009,13,1
63.1,34.6,2009,13,1
63.3,35,2009,13,1
64.6,31.7,2009,13,4
65.7,31.7,2009,13,3
68.6,36.3,2009,13,4
68.7,35.9,2009,13,5
68.9,37.1,2009,13,3
69.7,32.9,2009,13,1
70,33.1,2009,13,1
70.1,32.4,2009,13,1
70.7,35,2009,13,1
71.1,33.5,2009,13,2
71.2,34.8,2009,13,1
72.4,34.5,2009,13,1
72.6,34.8,2009,13,3
75.6,33.1,2009,13,7
3.7,36.8,2009,12,6
11.5,12,2009,12,2
41.8,33,2009,12,3
43.9,16.3,2009,12,1
44.7,33.7,2009,12,2
45.5,43.1,2009,12,6
62.6,31.4,2009,12,4
63.5,35.1,2009,12,1
65.5,31.6,2009,12,3
67.2,31.9,2009,12,5
67.9,32.1,2009,12,1
68.5,34.1,2009,12,4
69.1,34,2009,12,7
69.6,34.9,2009,12,1
69.8,32.2,2009,12,2
70,33.3,2009,12,4
70.7,33.6,2009,12,1
70.9,34.7,2009,12,2
71.4,29.9,2009,12,1
71.4,34.3,2009,12,2
71.4,34.7,2009,12,5
72,35.1,2009,12,2
74.8,34.1,2009,12,6
10,10.5,2009,11,1
44.4,16.9,2009,11,1
45.1,43.1,2009,11,5
62.5,34.9,2009,11,1
63.3,35.6,2009,11,3
64.3,35,2009,11,1
65.4,36.1,2009,11,1
66.1,32.2,2009,11,1
66.7,33,2009,11,4
66.9,32.1,2009,11,8
68.3,33.1,2009,11,4
68.7,36.1,2009,11,2
68.8,36.2,2009,11,2
69,34,2009,11,1
69,36.8,2009,11,4
70.1,34.3,2009,11,2
71,34.8,2009,11,2
71.3,34.7,2009,11,7
72.2,34.6,2009,11,4
72.3,35,2009,11,4
72.4,35.1,2009,11,3
73,40.8,2009,11,1
74.8,34.6,2009,11,4
-5.8,27.4,2009,10,1
3.8,36.7,2009,10,1
4.7,23.8,2009,10,1
6,34.9,2009,10,1
26,15.4,2009,10,1
42.9,37.4,2009,10,2
43.6,43.4,2009,10,2
44.4,33,2009,10,1
45.2,43.1,2009,10,1
45.9,43.3,2009,10,6
47.6,42.8,2009,10,5
62.9,32.6,2009,10,1
64,34.4,2009,10,1
65.1,32.3,2009,10,1
65.3,31.5,2009,10,2
66.5,32.8,2009,10,1
66.6,36.8,2009,10,4
66.7,32.9,2009,10,2
68.1,28.6,2009,10,1
68.2,33.2,2009,10,3
69.3,31.8,2009,10,1
69.8,32.3,2009,10,2
71.1,34.9,2009,10,5
71.2,34.6,2009,10,3
72.3,34.9,2009,10,2
72.8,34.8,2009,10,1
74.2,34.3,2009,10,6
3.5,36.8,2009,9,4
3.7,36.7,2009,9,5
3.9,36.7,2009,9,3
6,36.8,2009,9,1
40.5,38.5,2009,9,1
42.2,37.5,2009,9,5
43.2,35.5,2009,9,1
43.6,43.5,2009,9,5
43.8,33.4,2009,9,4
45.6,43.2,2009,9,2
62.9,32.2,2009,9,3
63.1,35.8,2009,9,2
64.3,31.5,2009,9,2
64.5,32.5,2009,9,3
64.7,31.9,2009,9,4
64.8,32.4,2009,9,4
65.2,31.5,2009,9,1
65.6,31.7,2009,9,3
68.5,33.8,2009,9,1
68.6,33,2009,9,3
68.7,32.9,2009,9,4
68.8,36.8,2009,9,3
69.2,37,2009,9,3
69.6,35,2009,9,4
71.4,34.6,2009,9,3
71.5,34,2009,9,1
72.1,34.9,2009,9,2
73.1,33.7,2009,9,1
3,36.1,2009,8,5
3.6,36.6,2009,8,5
4.9,36.7,2009,8,2
6.7,36.5,2009,8,2
43.6,37.2,2009,8,4
43.7,34.6,2009,8,2
43.7,37.1,2009,8,4
43.8,17,2009,8,1
45,43,2009,8,3
45.2,34.3,2009,8,2
45.7,43.1,2009,8,5
64.9,32.1,2009,8,1
65.3,31.6,2009,8,3
65.8,29.8,2009,8,1
66.1,31.2,2009,8,1
67.7,32.7,2009,8,1
68.1,32.6,2009,8,1
68.3,33.4,2009,8,3
69,33.4,2009,8,4
69.3,32.3,2009,8,1
69.6,33.2,2009,8,1
69.6,33.8,2009,8,2
69.9,32.6,2009,8,2
70.2,33.1,2009,8,1
70.5,33.4,2009,8,3
70.8,34.3,2009,8,3
71,33.6,2009,8,3
71.6,33.6,2009,8,1
72.1,34.6,2009,8,2
74.1,33.6,2009,8,4
74.8,34.5,2009,8,3
2.2,36.2,2009,7,4
3.4,36.6,2009,7,1
36.6,40.4,2009,7,1
37.3,40.4,2009,7,1
43.2,17.2,2009,7,2
44.2,34.1,2009,7,1
44.5,16.3,2009,7,1
44.6,37.3,2009,7,4
44.9,43.3,2009,7,5
62,34,2009,7,3
64.3,31.7,2009,7,3
64.8,31.9,2009,7,1
65.1,31.6,2009,7,1
66.1,30.2,2009,7,2
67.8,32.7,2009,7,1
68.4,33.1,2009,7,1
68.5,35.8,2009,7,2
68.7,37.1,2009,7,1
69.2,33,2009,7,4
70.5,33,2009,7,1
70.5,34.4,2009,7,5
71.1,34,2009,7,1
71.1,34.1,2009,7,2
72.5,35,2009,7,1
72.9,32.2,2009,7,1
74.4,34.2,2009,7,3
74.4,34.4,2009,7,5
75.1,33.9,2009,7,2
75.9,33.1,2009,7,3
4.1,36.9,2009,6,4
6.1,35,2009,6,1
6.8,36.8,2009,6,1
7,35,2009,6,2
24.7,13.8,2009,6,2
42.3,37.4,2009,6,5
43.9,33.4,2009,6,1
44,16.5,2009,6,1
44.3,37.6,2009,6,3
44.6,43.5,2009,6,3
44.7,36.9,2009,6,2
44.8,43.3,2009,6,5
44.9,43.2,2009,6,1
46.1,43,2009,6,7
46.7,43.2,2009,6,2
47.6,42.6,2009,6,2
47.7,42.4,2009,6,4
62.5,33.4,2009,6,2
62.6,32.7,2009,6,1
64.2,31.1,2009,6,2
65.4,36,2009,6,2
66.5,32.2,2009,6,2
67,32.2,2009,6,3
67.8,32.8,2009,6,4
67.8,32.9,2009,6,3
68.7,33.7,2009,6,2
68.9,33.3,2009,6,1
68.9,34.4,2009,6,2
69,32.8,2009,6,2
69.4,32.4,2009,6,1
71.2,34.7,2009,6,1
71.8,34.8,2009,6,1
72,35.3,2009,6,1
72.2,34.8,2009,6,1
75.4,33.2,2009,6,3
75.5,33.1,2009,6,5
1,20.2,2009,5,1
3.5,36.6,2009,5,1
7.8,35,2009,5,1
24.4,14.3,2009,5,1
25.1,11.3,2009,5,1
40.5,39.4,2009,5,1
40.9,37.4,2009,5,2
41.2,34.4,2009,5,3
42.5,37.2,2009,5,2
43.8,43.5,2009,5,2
44.1,37.5,2009,5,1
44.3,33.5,2009,5,1
45.1,33.7,2009,5,2
45.6,42.7,2009,5,1
45.8,43.2,2009,5,3
45.9,43,2009,5,3
46,43.1,2009,5,2
46.7,43.3,2009,5,3
47.6,15.9,2009,5,1
47.6,42.7,2009,5,2
48.3,42.1,2009,5,3
61.3,32.4,2009,5,1
62.3,34.2,2009,5,3
62.7,32.6,2009,5,1
62.8,31.6,2009,5,1
62.9,31.6,2009,5,2
64.2,31.9,2009,5,3
64.3,36,2009,5,1
65,32.7,2009,5,1
65.1,33.6,2009,5,1
65.9,32.5,2009,5,1
66,32.7,2009,5,1
66.4,31.8,2009,5,1
66.5,31.2,2009,5,1
67,24.9,2009,5,1
68,31.7,2009,5,2
68.4,33.6,2009,5,1
68.5,33.5,2009,5,1
68.6,32.9,2009,5,1
68.6,33.2,2009,5,1
68.8,36.7,2009,5,3
68.9,33.7,2009,5,2
68.9,34.5,2009,5,1
69.1,32.7,2009,5,2
69.1,32.9,2009,5,2
69.1,33.6,2009,5,2
69.3,32.5,2009,5,2
69.3,34.5,2009,5,2
69.5,33.3,2009,5,2
69.6,32.6,2009,5,1
69.6,33.3,2009,5,3
69.8,33.8,2009,5,3
69.9,33,2009,5,1
70,32.3,2009,5,1
70,33.4,2009,5,2
70.1,32.9,2009,5,2
70.1,38.9,2009,5,1
70.5,32.8,2009,5,1
70.8,35.3,2009,5,2
70.9,33.9,2009,5,1
71.1,34.8,2009,5,2
72.3,40.8,2009,5,1
73.9,34.6,2009,5,1
74,34.7,2009,5,4
74.1,34,2009,5,1
74.1,34.4,2009,5,1
74.8,32.9,2009,5,1
74.8,33.2,2009,5,3
74.8,33.8,2009,5,2
76.7,33.9,2009,5,3
3.1,36.8,2009,4,2
3.7,34.3,2009,4,1
3.9,36.9,2009,4,4
4,36.6,2009,4,2
4.2,35.2,2009,4,1
5.1,36.8,2009,4,2
6,34.7,2009,4,2
6.9,36.9,2009,4,1
40.6,38.5,2009,4,1
42.1,43.7,2009,4,1
42.8,44.2,2009,4,1
43.5,16.7,2009,4,1
44,17,2009,4,1
44.2,15.8,2009,4,1
44.7,43.7,2009,4,1
44.8,37.5,2009,4,1
45,36.5,2009,4,3
45.4,34.5,2009,4,2
46.9,40,2009,4,3
47,43.2,2009,4,2
47.8,42.5,2009,4,1
48,41.9,2009,4,1
48.1,42.1,2009,4,2
60.9,29.5,2009,4,1
61.2,34.2,2009,4,1
62.2,33.2,2009,4,1
62.2,34.8,2009,4,1
62.7,34.5,2009,4,1
63.3,32.2,2009,4,1
63.4,32.2,2009,4,1
64.3,31.6,2009,4,1
65.6,28.5,2009,4,1
65.9,31.5,2009,4,2
65.9,32.2,2009,4,1
66.2,36.9,2009,4,2
67.2,32.1,2009,4,1
68,33,2009,4,1
68.4,33.4,2009,4,1
68.4,33.8,2009,4,3
68.6,28.6,2009,4,2
68.7,34.5,2009,4,1
68.8,36.4,2009,4,1
68.8,36.6,2009,4,2
69,37.1,2009,4,3
69.2,33.5,2009,4,1
69.2,34.6,2009,4,1
69.3,34.7,2009,4,1
69.4,33.5,2009,4,2
69.4,34.5,2009,4,3
69.4,36.8,2009,4,1
69.9,33.2,2009,4,1
70,32.7,2009,4,3
70.1,31.7,2009,4,1
70.3,33,2009,4,1
70.5,37,2009,4,1
70.6,31.9,2009,4,1
70.6,40.1,2009,4,1
71,34.1,2009,4,1
71.2,33.6,2009,4,1
71.2,34.1,2009,4,1
71.2,34.9,2009,4,1
71.9,34.7,2009,4,1
74.2,33.6,2009,4,4
74.4,33.2,2009,4,1
74.4,34.5,2009,4,2
74.5,34.1,2009,4,3
75.2,33.3,2009,4,2
76,33.5,2009,4,3
-16.2,12.5,2009,3,3
1.8,35.8,2009,3,1
1.8,36.3,2009,3,1
3,19.9,2009,3,1
4.3,36.8,2009,3,1
5.8,36.8,2009,3,1
8.8,11.8,2009,3,1
21.4,12.2,2009,3,1
21.7,12,2009,3,1
26,16,2009,3,1
35.3,32.2,2009,3,1
36.5,36.8,2009,3,1
42,44.1,2009,3,1
42.4,38.3,2009,3,3
42.6,36.2,2009,3,2
43.7,38.4,2009,3,1
43.9,39.2,2009,3,2
44,38,2009,3,1
44.4,38.4,2009,3,1
44.9,43.1,2009,3,1
45.3,43.1,2009,3,2
45.8,42.9,2009,3,2
45.9,43.1,2009,3,3
46.6,40,2009,3,2
46.6,43.4,2009,3,1
46.7,43.8,2009,3,1
46.8,43.2,2009,3,2
47.1,42.1,2009,3,1
47.1,42.3,2009,3,1
47.1,42.8,2009,3,2
47.8,42.1,2009,3,1
47.9,42.1,2009,3,1
62,34.5,2009,3,2
62.3,33.4,2009,3,1
62.4,26.1,2009,3,1
62.4,31.3,2009,3,1
62.6,34.9,2009,3,1
62.7,34,2009,3,1
63.2,32.3,2009,3,1
64.4,31.8,2009,3,1
64.7,32.3,2009,3,1
64.8,31.7,2009,3,1
64.8,35.8,2009,3,1
65.6,31.5,2009,3,2
67,32,2009,3,1
67.1,36.7,2009,3,3
67.3,32.4,2009,3,1
67.4,31.8,2009,3,1
67.6,31.6,2009,3,1
68,36.3,2009,3,2
68.1,33.7,2009,3,1
68.5,32.9,2009,3,2
68.5,33.3,2009,3,2
68.5,33.7,2009,3,1
68.7,34.4,2009,3,2
69.1,34.1,2009,3,1
69.1,36.6,2009,3,2
69.1,37.1,2009,3,1
69.2,32.5,2009,3,1
69.2,33.7,2009,3,1
69.3,32.8,2009,3,1
69.3,34.9,2009,3,2
69.5,32.4,2009,3,1
69.7,33.4,2009,3,2
70.2,34.5,2009,3,2
70.4,35.2,2009,3,1
70.5,38.7,2009,3,1
70.6,33.4,2009,3,1
70.8,34.1,2009,3,1
70.9,33.7,2009,3,1
71.1,34.5,2009,3,1
71.8,35.2,2009,3,1
72,34.6,2009,3,1
72.6,35,2009,3,1
73.2,34.7,2009,3,1
73.6,34.3,2009,3,1
74,34.5,2009,3,2
74.2,33.4,2009,3,1
74.4,33.5,2009,3,2
74.9,33.7,2009,3,1
74.9,34,2009,3,2
75,33.3,2009,3,2
75,33.4,2009,3,1
75,34,2009,3,1
75.5,33.3,2009,3,1
75.7,33.3,2009,3,1
79.2,19.4,2009,3,1
-6.2,54.7,2009,2,1
-1,25.8,2009,2,2
0.1,34.2,2009,2,1
0.2,35.4,2009,2,1
2.5,36,2009,2,1
2.5,39.5,2009,2,1
2.7,36.2,2009,2,1
3.6,36.8,2009,2,1
3.8,35.9,2009,2,1
3.9,36.2,2009,2,1
4.1,36.7,2009,2,1
4.2,36.7,2009,2,1
4.4,36.7,2009,2,1
4.6,36.7,2009,2,1
5.5,22.8,2009,2,1
5.9,35.4,2009,2,1
6.1,36.8,2009,2,1
7.8,36.7,2009,2,1
20.9,14.5,2009,2,1
21.5,15,2009,2,2
22.9,15.6,2009,2,2
23.6,15.3,2009,2,1
25.4,13.6,2009,2,1
27.8,11.3,2009,2,1
30.3,59.9,2009,2,1
34.3,31.2,2009,2,1
34.3,31.4,2009,2,1
34.8,31.5,2009,2,2
36.1,36.3,2009,2,1
39.5,39.1,2009,2,2
41.5,36,2009,2,1
41.5,40,2009,2,1
41.9,38.4,2009,2,1
42.5,39.1,2009,2,1
42.6,43.2,2009,2,1
43,37.6,2009,2,1
43.2,16.8,2009,2,1
43.2,37.6,2009,2,1
43.3,36.2,2009,2,1
43.8,35.3,2009,2,1
43.9,39.1,2009,2,1
44,37,2009,2,2
44,39.9,2009,2,2
44.6,34.9,2009,2,1
44.6,43.2,2009,2,1
44.8,44.2,2009,2,2
45,43.2,2009,2,1
45.1,43,2009,2,2
45.7,42.8,2009,2,1
45.8,43.5,2009,2,1
46,43,2009,2,2
46.2,43,2009,2,1
46.2,43.1,2009,2,2
46.5,43.3,2009,2,1
46.8,43.1,2009,2,1
46.9,43.2,2009,2,2
47.2,42.6,2009,2,2
47.5,42.9,2009,2,1
60.7,27.2,2009,2,1
61.5,26.4,2009,2,1
62,33.7,2009,2,2
62.3,35.2,2009,2,1
63,32.5,2009,2,1
63.1,35.2,2009,2,1
63.6,34.8,2009,2,1
64,32.1,2009,2,1
64.2,31.7,2009,2,1
64.9,36.3,2009,2,1
65.7,29.7,2009,2,1
65.8,36.8,2009,2,2
65.9,31.4,2009,2,1
65.9,32.8,2009,2,2
66.2,30.3,2009,2,1
66.2,31,2009,2,1
66.3,27.1,2009,2,1
66.7,32,2009,2,1
67,32.4,2009,2,1
68,33.1,2009,2,1
68.1,33.1,2009,2,2
68.4,37,2009,2,1
68.6,33.5,2009,2,1
68.6,33.7,2009,2,1
68.6,34.5,2009,2,1
68.7,34.3,2009,2,1
68.8,29.6,2009,2,1
68.8,35.6,2009,2,1
69,33.5,2009,2,1
69.2,36.2,2009,2,2
69.3,33.4,2009,2,2
69.8,36.7,2009,2,1
70,32.6,2009,2,1
70.1,36.1,2009,2,1
70.2,34.8,2009,2,2
70.3,34.5,2009,2,1
70.4,34.9,2009,2,1
70.4,39.2,2009,2,1
70.5,33.6,2009,2,1
70.6,34.7,2009,2,1
70.7,33.2,2009,2,1
72.3,34.7,2009,2,1
73.3,34.5,2009,2,1
74.1,34.3,2009,2,2
74.1,34.5,2009,2,1
74.3,34.2,2009,2,1
74.5,33.4,2009,2,1
74.6,32.6,2009,2,1
74.6,34.2,2009,2,1
74.7,32.6,2009,2,2
74.7,34.3,2009,2,2
74.8,33.7,2009,2,2
74.9,33.6,2009,2,1
74.9,33.8,2009,2,2
75,33.8,2009,2,2
75.2,33,2009,2,1
75.4,33.3,2009,2,1
75.5,33.2,2009,2,2
75.5,33.4,2009,2,1
75.6,33,2009,2,1
77.4,28.5,2009,2,1
79.8,18.3,2009,2,1
-16.5,12.5,2009,1,1
-2.9,43.3,2009,1,1
-0.8,34.5,2009,1,1
-0.5,34.8,2009,1,1
1.2,36.2,2009,1,1
1.7,36.2,2009,1,1
2.2,36.3,2009,1,1
2.2,36.5,2009,1,1
2.8,36.5,2009,1,1
3.5,36.7,2009,1,1
3.7,36.5,2009,1,1
3.9,36.8,2009,1,1
4,36.8,2009,1,1
4.2,36.5,2009,1,1
4.3,36.4,2009,1,1
4.4,36.9,2009,1,1
4.5,36.6,2009,1,1
4.6,36.8,2009,1,1
5.4,35.4,2009,1,1
5.5,36.2,2009,1,2
5.6,36.6,2009,1,1
5.6,36.7,2009,1,1
5.9,34.7,2009,1,1
6,36.2,2009,1,1
6.2,30.5,2009,1,1
6.2,36.8,2009,1,1
6.6,36.9,2009,1,1
22.4,14.2,2009,1,1
35,31.5,2009,1,1
35,31.9,2009,1,1
35.3,32.1,2009,1,1
35.3,32.4,2009,1,1
38.5,45.7,2009,1,1
39,45.5,2009,1,1
39.2,39.4,2009,1,1
39.4,39.1,2009,1,1
40.1,38.4,2009,1,1
40.8,39.1,2009,1,1
41,38.5,2009,1,1
41.2,37.1,2009,1,1
41.4,37.2,2009,1,1
41.4,38.3,2009,1,1
41.7,39,2009,1,1
42,38.1,2009,1,1
42.3,37.7,2009,1,1
42.9,43.4,2009,1,1
43,36.4,2009,1,1
43.1,44,2009,1,1
43.3,37.2,2009,1,1
43.3,37.4,2009,1,1
43.4,17.3,2009,1,1
43.5,36.2,2009,1,1
43.5,43.7,2009,1,1
43.6,33.4,2009,1,1
43.6,34.5,2009,1,1
43.8,43.8,2009,1,1
44,43.8,2009,1,1
44.1,34,2009,1,1
44.2,35.2,2009,1,1
44.4,33.7,2009,1,1
44.4,34.5,2009,1,1
44.7,43.2,2009,1,1
44.9,32,2009,1,1
45.2,43.7,2009,1,1
45.3,34.6,2009,1,1
45.3,43.3,2009,1,2
45.4,15.4,2009,1,1
45.5,43.3,2009,1,1
45.7,43,2009,1,1
45.8,43,2009,1,1
45.9,43.2,2009,1,1
46.2,43.3,2009,1,1
46.3,43.2,2009,1,1
46.4,43.3,2009,1,1
61.4,34.4,2009,1,1
61.6,35.1,2009,1,1
62.1,34.2,2009,1,1
62.1,34.4,2009,1,1
62.5,31,2009,1,1
62.6,34.3,2009,1,1
63.1,35.1,2009,1,1
64.8,35.9,2009,1,1
65.4,36.2,2009,1,1
65.7,31.2,2009,1,1
65.8,36.7,2009,1,1
66.2,31.8,2009,1,1
66.6,36.5,2009,1,1
66.7,36.8,2009,1,1
67,36.8,2009,1,2
67.5,31.5,2009,1,1
67.6,31.7,2009,1,1
67.9,33,2009,1,1
68,33.5,2009,1,1
68.1,33.2,2009,1,1
68.5,33.4,2009,1,1
68.6,33.9,2009,1,1
68.6,34.1,2009,1,1
68.6,36,2009,1,1
68.7,34,2009,1,1
68.7,35.7,2009,1,1
68.8,32.9,2009,1,1
68.8,38.6,2009,1,1
69.1,34.5,2009,1,1
69.2,34.2,2009,1,1
69.2,34.4,2009,1,1
69.2,37.1,2009,1,1
69.3,36.6,2009,1,1
69.5,32.5,2009,1,1
69.5,33,2009,1,1
69.5,37.2,2009,1,1
69.7,33.2,2009,1,1
69.7,33.5,2009,1,1
69.7,33.6,2009,1,1
69.7,34.8,2009,1,1
69.7,35,2009,1,1
69.7,37.4,2009,1,1
69.8,34.6,2009,1,1
69.8,35.4,2009,1,1
69.9,33.8,2009,1,1
69.9,33.9,2009,1,1
70,33.5,2009,1,1
70,35,2009,1,1
70.1,34.2,2009,1,1
70.1,37.3,2009,1,1
70.2,34.2,2009,1,1
70.3,38.8,2009,1,1
70.4,30.5,2009,1,1
70.7,34.1,2009,1,1
70.9,34.6,2009,1,1
71.2,33.9,2009,1,1
71.2,34.5,2009,1,1
71.5,33.5,2009,1,1
71.6,33.5,2009,1,1
71.6,37.5,2009,1,1
72.1,35,2009,1,1
72.4,35.6,2009,1,1
72.6,34.9,2009,1,1
72.9,34.8,2009,1,1
73.2,29.2,2009,1,1
73.5,29.5,2009,1,1
73.8,34.4,2009,1,1
74,34.1,2009,1,1
74.1,33.7,2009,1,1
74.2,34,2009,1,1
74.3,33.8,2009,1,1
74.3,34.5,2009,1,1
74.4,33.1,2009,1,1
74.4,34.3,2009,1,2
74.5,34.2,2009,1,1
74.6,31.6,2009,1,1
74.6,33.3,2009,1,1
74.6,34.1,2009,1,1
74.7,32.4,2009,1,1
74.7,32.9,2009,1,1
74.7,33.2,2009,1,1
74.7,34.7,2009,1,1
74.8,33.9,2009,1,1
74.9,33.3,2009,1,1
74.9,34.3,2009,1,1
75,33.6,2009,1,1
75.1,32.4,2009,1,1
75.1,32.6,2009,1,2
75.1,32.9,2009,1,1
75.6,33.3,2009,1,1
75.6,33.5,2009,1,1
75.6,33.6,2009,1,1
75.8,33.5,2009,1,1
78.5,14,2009,1,1
79.4,16.2,2009,1,1
79.9,17.9,2009,1,1
4.3,35.3,2009,0,1
8.5,11.5,2009,0,1
13,11.5,2009,0,1
22.8,10.9,2009,0,1
25,11,2009,0,1
25.4,14.2,2009,0,1
46.8,40.6,2009,0,1
62.1,30.2,2009,0,1
64.3,31.4,2009,0,1
64.3,35.6,2009,0,1
64.8,32,2009,0,1
65.8,31.6,2009,0,1
67.2,32.3,2009,0,1
67.4,31.7,2009,0,1
68,29.8,2009,0,1
68.9,36.4,2009,0,1
69,37.2,2009,0,1
69.5,34.9,2009,0,1
69.8,34.9,2009,0,1
69.9,34.8,2009,0,1
70,36.5,2009,0,1
70.4,34.1,2009,0,1
74.1,33.8,2009,0,1
71,33.7,2010,844,79
70,30,2010,728,1
70.8,33.7,2010,724,51
44.4,33.3,2010,422,34
63.9,31.6,2010,270,58
25.6,12.4,2010,212,3
43.1,36.3,2010,206,122
65.7,31.6,2010,184,63
71,33.6,2010,167,32
71.5,34.8,2010,165,26
71.2,34.9,2010,160,3
64,31,2010,154,118
70.9,33.6,2010,140,12
70.3,33.7,2010,134,16
70.7,33.8,2010,133,7
43.2,37,2010,126,2
42.8,10.2,2010,120,1
64.6,31.8,2010,120,40
70.9,33.8,2010,120,14
22.6,14,2010,117,2
25,13,2010,111,3
43.8,16.9,2010,106,9
25,11,2010,104,2
69.3,32.7,2010,104,4
24.4,13.2,2010,99,4
70.1,33,2010,97,22
68.6,36.3,2010,95,13
71.4,34.8,2010,95,21
72.4,34.8,2010,94,21
43.9,16.6,2010,92,4
69.2,34.5,2010,92,15
65.4,31.6,2010,91,27
71.1,33.5,2010,91,10
24.5,13.1,2010,90,2
71.1,35,2010,87,22
71,33.8,2010,86,16
71.1,33.8,2010,84,13
71.2,34.6,2010,82,12
74.3,31.5,2010,79,4
63.5,35.5,2010,77,12
69.7,32.9,2010,75,16
71.3,35.8,2010,75,6
65,32.1,2010,71,22
67.4,32.5,2010,71,20
69.4,33.3,2010,70,2
68.9,36.7,2010,69,13
64.9,32.1,2010,66,8
71.6,34,2010,65,15
25.7,11.7,2010,64,3
71.5,34.5,2010,64,2
71.7,33.7,2010,64,5
70.7,33.6,2010,63,10
63.2,32.1,2010,60,6
71.9,34.9,2010,60,5
47.5,43,2010,59,27
72.5,35.2,2010,59,12
70.1,34.3,2010,57,8
71.4,34.5,2010,57,7
63.3,35.6,2010,55,5
68.7,36.8,2010,55,6
44,16.5,2010,54,2
65,33,2010,54,15
68.9,37.1,2010,54,10
68.5,35.8,2010,53,7
69.9,33,2010,53,14
71.5,33.9,2010,53,16
65.3,31.5,2010,52,6
71.3,35.6,2010,52,3
65.8,31,2010,50,27
69,35.8,2010,50,8
64.1,31.5,2010,49,6
43.3,33.4,2010,48,8
44.1,16.5,2010,48,10
65.5,32.9,2010,48,4
70.6,33.6,2010,48,6
44.6,33.7,2010,47,8
65,32.5,2010,47,5
67.2,32.2,2010,47,18
68.4,33.3,2010,47,13
68.8,36.7,2010,47,12
25.5,13.1,2010,46,2
66,32.8,2010,46,8
71.4,34.3,2010,46,1
70.9,33.7,2010,45,6
71,34.9,2010,45,4
65,32.2,2010,44,5
70.5,33.8,2010,43,4
45.9,13.9,2010,42,10
69.2,37,2010,42,8
70,33,2010,42,9
70.2,33,2010,42,14
60.6,25.3,2010,41,1
62.9,31.7,2010,41,7
69.7,33.6,2010,41,2
70,34.2,2010,41,3
45.7,43.3,2010,40,15
62.1,32.5,2010,40,8
64.5,32.5,2010,40,9
69.7,34.8,2010,40,9
70,32.7,2010,40,4
71.3,34.7,2010,40,6
64.4,31.6,2010,39,12
70.9,34.9,2010,39,3
72.3,35.1,2010,39,14
22.9,15.1,2010,38,2
69.2,33.6,2010,38,8
70.7,33.7,2010,38,5
71.9,34.6,2010,38,6
74.5,34.3,2010,38,22
69.5,33.3,2010,37,7
70,33.4,2010,37,4
71.8,33.7,2010,37,3
71.3,34.5,2010,36,13
44.6,37.3,2010,35,9
63.5,35.1,2010,35,3
64.2,31.6,2010,35,1
71.3,34.6,2010,35,2
68.6,36,2010,34,4
71.4,33.6,2010,34,4
68.6,36.7,2010,33,10
71.6,33.7,2010,33,4
60.9,29.5,2010,32,2
70.2,34.8,2010,32,3
44.5,33.8,2010,31,2
65.5,33.2,2010,31,1
43.8,33.4,2010,30,7
63.9,30.2,2010,30,3
66.9,32.1,2010,30,14
67.8,32.9,2010,30,7
68.6,33,2010,30,8
68.7,36.2,2010,30,3
69.5,32.6,2010,30,1
70.2,34.2,2010,30,7
70.5,34.4,2010,30,13
72.3,34.8,2010,30,10
64.8,32.1,2010,29,22
66.2,32.1,2010,29,2
66.3,32.9,2010,29,6
68.8,32.4,2010,29,10
64.5,31.8,2010,28,4
65.5,32.6,2010,28,11
66.2,31,2010,28,3
68.7,36.9,2010,28,2
69.7,32.3,2010,28,8
70.1,38.9,2010,28,1
44.1,16.3,2010,27,3
68.7,33.9,2010,27,9
70,32.5,2010,27,4
70.4,34.3,2010,27,7
70.6,33,2010,27,3
71.3,35.2,2010,27,3
25.5,12.9,2010,26,1
43.8,17,2010,26,4
63.6,32.6,2010,26,5
68,33.2,2010,26,9
68.4,33.5,2010,26,8
70.1,34.2,2010,26,5
3.7,36.8,2010,25,10
43.7,16.9,2010,25,4
44.8,43.2,2010,25,15
71.4,33.9,2010,25,1
71.5,35.3,2010,25,1
43.9,17.1,2010,24,7
68.1,32.9,2010,24,3
70,33.3,2010,24,3
70.9,35,2010,24,8
71.4,35.1,2010,24,5
71.5,34.7,2010,24,7
34.5,31.5,2010,23,15
47.5,15.5,2010,23,2
62.6,34.9,2010,23,4
65.6,31.6,2010,23,8
68,34.2,2010,23,7
68.8,36.8,2010,23,9
69.5,37.5,2010,23,6
70.2,34.7,2010,23,2
-4.5,16.6,2010,22,1
45.4,13.1,2010,22,10
65.9,32.6,2010,22,6
67.8,31.8,2010,22,4
69,32.8,2010,22,3
70.4,33.7,2010,22,3
70.4,39.2,2010,22,9
74.1,34,2010,22,5
44,32.6,2010,21,1
47.4,14.4,2010,21,6
64.4,31.7,2010,21,9
68.3,37.1,2010,21,1
69,33.4,2010,21,7
69.2,37.1,2010,21,3
70,33.1,2010,21,7
34.4,31.4,2010,20,10
63.8,35,2010,20,6
68.7,32.9,2010,20,5
69.4,37.1,2010,20,6
69.5,36.7,2010,20,2
71.1,34,2010,20,8
63.1,35.2,2010,19,4
64.4,32.5,2010,19,2
64.7,32.5,2010,19,8
68.9,32.4,2010,19,1
69.1,34,2010,19,8
70.9,32.6,2010,19,2
62.9,32.2,2010,18,5
65.1,32.3,2010,18,1
67.8,33.3,2010,18,9
69.9,32.4,2010,18,1
70.3,33,2010,18,9
42.8,37.8,2010,17,1
44.1,37.5,2010,17,3
63.2,30.2,2010,17,1
65.4,31.5,2010,17,2
66.3,33.4,2010,17,4
66.5,31.9,2010,17,3
66.6,31.5,2010,17,2
68.6,36.9,2010,17,1
68.8,33.2,2010,17,2
68.9,36.6,2010,17,2
70,34.3,2010,17,2
70.3,32.9,2010,17,3
70.4,33.5,2010,17,1
70.8,33.6,2010,17,2
45.1,43.1,2010,16,3
45.8,32.5,2010,16,1
47.6,42.8,2010,16,4
48.3,42.1,2010,16,11
61.9,31,2010,16,3
63.3,34.4,2010,16,3
64.8,35.8,2010,16,2
64.9,31.5,2010,16,10
69.6,33,2010,16,3
69.7,32.7,2010,16,3
69.9,33.4,2010,16,6
72.1,34.3,2010,16,4
43.6,37.3,2010,15,1
44.3,17.2,2010,15,1
44.4,16.9,2010,15,1
44.6,33.8,2010,15,2
63.6,33.3,2010,15,1
64.8,36.2,2010,15,3
65.2,33.2,2010,15,1
65.6,31.8,2010,15,8
66.3,32.4,2010,15,1
67,24.9,2010,15,1
67.6,32.7,2010,15,7
68.9,33.8,2010,15,6
68.9,33.9,2010,15,6
68.9,37.2,2010,15,2
69.2,34,2010,15,3
69.5,32.9,2010,15,3
69.9,32.7,2010,15,1
70.2,33.4,2010,15,6
70.8,33.8,2010,15,2
74.2,33.2,2010,15,8
45.3,13.2,2010,14,2
45.7,43,2010,14,5
64.3,31.6,2010,14,4
64.7,31.8,2010,14,2
65.2,31.1,2010,14,10
66,32.1,2010,14,5
66.2,32.4,2010,14,1
68.5,33.5,2010,14,4
68.9,36.5,2010,14,3
69,37.1,2010,14,2
69.3,32.8,2010,14,3
69.5,33.2,2010,14,1
69.6,32.9,2010,14,2
69.8,32.6,2010,14,6
71.2,33.8,2010,14,3
71.5,33.7,2010,14,3
72.5,34.9,2010,14,5
46.9,43.2,2010,13,4
63,35.2,2010,13,1
64.7,32.2,2010,13,1
65.9,31.5,2010,13,7
66.7,33,2010,13,3
68.5,34.1,2010,13,5
69.3,32.9,2010,13,1
69.3,34.9,2010,13,3
69.9,33.3,2010,13,6
70,33.5,2010,13,5
70.4,39,2010,13,3
71.1,34.5,2010,13,4
71.2,34.8,2010,13,1
74.1,34.3,2010,13,3
74.8,34.5,2010,13,8
22.8,10.1,2010,12,6
44.4,37.3,2010,12,1
44.6,17.3,2010,12,1
46.6,43.3,2010,12,12
47.6,42.9,2010,12,7
62.5,34.9,2010,12,3
63.1,32,2010,12,1
64.3,31.7,2010,12,5
64.9,31.6,2010,12,2
68.4,33.8,2010,12,4
68.8,36,2010,12,1
69,33.5,2010,12,3
69.4,37,2010,12,5
69.7,33,2010,12,6
69.7,33.2,2010,12,1
70,32.6,2010,12,5
70.9,31.8,2010,12,1
72.5,35.1,2010,12,3
74.2,34.4,2010,12,7
74.4,34.7,2010,12,4
2.2,22.6,2010,11,1
3.6,36.6,2010,11,3
3.9,36.7,2010,11,4
4.2,36.8,2010,11,3
13.2,11.8,2010,11,10
26.4,12.2,2010,11,1
43.2,35.5,2010,11,4
43.6,43.5,2010,11,11
45,12.8,2010,11,1
45.4,15.4,2010,11,3
46.3,43.2,2010,11,1
64.6,31.7,2010,11,3
65.5,31.6,2010,11,4
65.7,31.2,2010,11,3
65.7,31.7,2010,11,9
65.9,32.7,2010,11,7
67.2,31.9,2010,11,4
69.2,34.4,2010,11,4
69.4,33,2010,11,2
69.6,32.5,2010,11,2
70.1,33.9,2010,11,1
72.1,34.2,2010,11,4
74.4,33.5,2010,11,4
74.8,34.1,2010,11,9
-16.2,12.8,2010,10,2
3.3,36.6,2010,10,2
3.7,34.9,2010,10,1
4.2,36.6,2010,10,2
26,16,2010,10,1
34.3,31.3,2010,10,5
42.6,37.4,2010,10,4
43.3,17.2,2010,10,1
43.3,17.4,2010,10,1
43.9,34.2,2010,10,5
44.1,37.4,2010,10,2
45.2,43.1,2010,10,1
46.9,43.3,2010,10,2
62.2,35,2010,10,3
65,36.1,2010,10,1
65.4,36.1,2010,10,2
68.1,31.7,2010,10,1
68.1,33.2,2010,10,3
68.8,34,2010,10,2
69,34.1,2010,10,2
69,37.2,2010,10,4
69.1,36.6,2010,10,4
69.5,32.4,2010,10,1
69.6,37.3,2010,10,3
69.7,34,2010,10,5
69.7,34.9,2010,10,4
69.8,37.1,2010,10,1
69.9,33.5,2010,10,4
70.1,32.9,2010,10,6
70.9,34.7,2010,10,1
71.1,34.9,2010,10,4
71.5,34.6,2010,10,3
72.2,34.8,2010,10,2
75.1,33.9,2010,10,2
43.3,17.3,2010,9,1
43.9,33.4,2010,9,4
44.2,15.4,2010,9,6
44.3,33.1,2010,9,2
46.1,13.9,2010,9,3
46.8,14.5,2010,9,3
47,15,2010,9,1
47,40,2010,9,5
63.7,30.6,2010,9,1
64.1,31.3,2010,9,4
64.3,35.6,2010,9,2
65.1,31.7,2010,9,1
65.8,31.6,2010,9,3
66.2,32.9,2010,9,2
66.9,36.9,2010,9,1
68.7,35.9,2010,9,4
69.1,36.7,2010,9,4
69.7,33.1,2010,9,2
69.9,33.8,2010,9,3
70.1,33.4,2010,9,4
70.3,33.5,2010,9,1
71,35,2010,9,1
25.4,12.9,2010,8,1
39.8,39.2,2010,8,2
43.7,33.4,2010,8,1
44.9,34,2010,8,2
45.1,33.7,2010,8,2
47.1,42.8,2010,8,4
62.2,33.2,2010,8,4
62.8,32.8,2010,8,4
64.8,31.7,2010,8,1
65.1,36.5,2010,8,1
65.5,32.8,2010,8,2
66.5,32.2,2010,8,4
66.5,32.5,2010,8,1
68.2,35.2,2010,8,1
68.6,36.1,2010,8,3
69.3,32.3,2010,8,1
69.3,34.5,2010,8,2
69.4,33.5,2010,8,3
69.7,33.5,2010,8,2
69.8,34.9,2010,8,4
70.3,34.4,2010,8,1
71.1,33.6,2010,8,2
71.2,35,2010,8,2
71.3,34.4,2010,8,2
71.4,33.7,2010,8,4
71.5,34.9,2010,8,3
71.9,34.5,2010,8,5
74,34.7,2010,8,3
74.2,34.3,2010,8,5
74.4,33.2,2010,8,3
74.8,34.6,2010,8,2
74.9,33.8,2010,8,5
2.8,34.6,2010,7,1
3.6,36.7,2010,7,3
4.1,36.9,2010,7,1
7.8,35,2010,7,3
42.8,33.6,2010,7,1
43.6,37.2,2010,7,3
43.6,43.4,2010,7,3
43.8,16.8,2010,7,2
44.4,38.4,2010,7,1
44.9,43.2,2010,7,3
46.2,13.9,2010,7,2
46.3,43.4,2010,7,1
47,35.3,2010,7,1
47.6,42.3,2010,7,1
62.2,34.5,2010,7,3
62.9,34.1,2010,7,1
63.1,31.9,2010,7,3
63.2,35.5,2010,7,2
65.1,33.6,2010,7,4
65.6,31.7,2010,7,5
65.8,29.8,2010,7,1
66.6,32.9,2010,7,1
67.5,31.5,2010,7,1
68.2,33.2,2010,7,2
68.4,33.7,2010,7,2
68.5,33.3,2010,7,3
68.7,34.4,2010,7,2
68.7,36.1,2010,7,1
69.3,33.7,2010,7,4
69.4,33.4,2010,7,3
69.8,33.7,2010,7,2
69.8,33.8,2010,7,2
70.3,37,2010,7,1
70.5,33.4,2010,7,2
71.4,34.9,2010,7,3
74.5,33.1,2010,7,2
74.5,34.1,2010,7,1
74.7,33.3,2010,7,1
75.8,33.5,2010,7,3
75.9,33.1,2010,7,4
-5.5,15.5,2010,6,1
1.4,36.5,2010,6,1
2.4,36.6,2010,6,2
3.7,36.7,2010,6,3
3.9,36.8,2010,6,3
9.8,10.3,2010,6,2
24.5,13,2010,6,1
29,41,2010,6,2
36.2,36.6,2010,6,1
41,38.1,2010,6,1
42.2,37.8,2010,6,2
42.9,37.4,2010,6,5
42.9,43.4,2010,6,3
43.6,35.8,2010,6,1
44.2,32.9,2010,6,3
44.7,33.7,2010,6,3
44.8,43.3,2010,6,5
45.1,37.6,2010,6,2
45.2,34.3,2010,6,1
46.7,43.3,2010,6,4
46.9,40.3,2010,6,3
62.2,34.3,2010,6,3
62.4,32.6,2010,6,1
63,31.8,2010,6,1
63.4,32.2,2010,6,2
63.7,34.3,2010,6,1
63.8,35.8,2010,6,2
65.2,30.1,2010,6,2
65.3,35.6,2010,6,2
65.4,35.9,2010,6,1
65.4,36.2,2010,6,3
66,31.3,2010,6,2
68.4,33.4,2010,6,1
68.8,34.1,2010,6,2
68.8,36.3,2010,6,3
68.9,33.7,2010,6,1
69,35.1,2010,6,1
69.4,35.7,2010,6,1
69.6,35,2010,6,4
69.7,33.4,2010,6,3
69.8,33.3,2010,6,4
70.2,33.5,2010,6,3
70.3,32.4,2010,6,2
70.6,31.9,2010,6,2
72.1,34.6,2010,6,3
72.4,34.9,2010,6,3
73.1,33.6,2010,6,1
74.1,33.6,2010,6,5
74.5,34.2,2010,6,2
74.9,34.3,2010,6,3
3.8,33.8,2010,5,1
4.3,36.6,2010,5,1
4.9,36.7,2010,5,3
39.2,39.4,2010,5,2
41.3,37.9,2010,5,1
43.7,38.4,2010,5,2
44.1,16.4,2010,5,1
44.2,33.1,2010,5,2
44.8,17.2,2010,5,1
45.5,43.1,2010,5,4
46.1,42.5,2010,5,2
46.2,34.3,2010,5,1
46.8,43.2,2010,5,2
47,42.4,2010,5,1
47.6,42.7,2010,5,4
62.2,32.6,2010,5,1
62.2,34.2,2010,5,1
62.5,31,2010,5,3
62.5,33.4,2010,5,1
63.9,32.3,2010,5,1
64.1,30.9,2010,5,4
64.3,36,2010,5,1
64.6,31.9,2010,5,4
65.4,36,2010,5,2
65.5,32,2010,5,2
65.5,35.9,2010,5,1
66.2,31.9,2010,5,1
67.1,32.3,2010,5,2
67.7,32.8,2010,5,1
68.2,33.3,2010,5,1
68.4,37,2010,5,2
68.6,33.3,2010,5,1
68.8,31.9,2010,5,1
68.8,38.6,2010,5,1
68.9,33.5,2010,5,1
69,34,2010,5,2
69.1,33.5,2010,5,2
69.1,37.1,2010,5,1
69.2,32.9,2010,5,1
69.2,36.2,2010,5,3
69.6,34.9,2010,5,2
69.6,37.5,2010,5,2
69.8,33.4,2010,5,1
69.8,36.7,2010,5,3
70,33.8,2010,5,1
70.1,32.8,2010,5,1
70.1,36.8,2010,5,1
70.2,33.3,2010,5,1
70.2,34.1,2010,5,1
70.3,32.5,2010,5,1
70.4,34.4,2010,5,3
70.5,31.9,2010,5,1
70.5,32.4,2010,5,2
70.7,33.5,2010,5,1
70.9,34.6,2010,5,2
71.1,33.1,2010,5,1
71.1,34.6,2010,5,4
71.5,34.1,2010,5,1
71.7,35,2010,5,2
73.3,34.1,2010,5,1
74,33.8,2010,5,3
74.4,34.4,2010,5,5
74.7,34.7,2010,5,1
74.8,33.2,2010,5,4
76.7,33.9,2010,5,4
4.4,36.9,2010,4,2
7.8,35.1,2010,4,2
22.8,10.9,2010,4,1
24.3,13.1,2010,4,1
24.4,13.1,2010,4,1
39.9,39.5,2010,4,1
41.2,34.4,2010,4,1
42.6,36.2,2010,4,3
43.6,34.5,2010,4,2
43.8,43.5,2010,4,3
44.2,35.2,2010,4,2
44.3,32.9,2010,4,2
45,38.6,2010,4,2
45.4,34.5,2010,4,1
46,43.1,2010,4,3
46.1,13.8,2010,4,2
49.1,14.5,2010,4,3
62.4,33.2,2010,4,2
62.9,35.3,2010,4,1
64,32.1,2010,4,1
64.2,31.7,2010,4,3
64.3,31.4,2010,4,2
65,33.7,2010,4,1
66.3,36.3,2010,4,1
66.6,36.7,2010,4,1
66.7,36.7,2010,4,1
66.8,32.4,2010,4,1
67.1,36.7,2010,4,2
68.2,34.2,2010,4,1
68.6,33.4,2010,4,1
68.7,34,2010,4,1
68.9,34.4,2010,4,2
69,36.7,2010,4,2
69.1,34.1,2010,4,3
69.2,33,2010,4,1
69.3,32.5,2010,4,1
69.8,32.9,2010,4,1
69.8,33,2010,4,2
69.9,32.5,2010,4,1
69.9,34.6,2010,4,1
70,33.2,2010,4,1
70.1,34.8,2010,4,2
70.8,35,2010,4,1
71,34.6,2010,4,1
71.2,34.5,2010,4,2
71.6,33.8,2010,4,2
71.6,34.3,2010,4,1
72.1,34.7,2010,4,1
72.4,32.9,2010,4,1
72.4,34.1,2010,4,1
73.2,34.3,2010,4,1
73.7,34.4,2010,4,2
73.8,33.7,2010,4,1
74,34.4,2010,4,2
74.1,33.8,2010,4,3
74.7,32.6,2010,4,4
74.8,34.2,2010,4,4
74.9,33.6,2010,4,3
75.2,32,2010,4,1
-16.3,12.6,2010,3,2
-0.5,34.8,2010,3,1
3.8,36.5,2010,3,1
3.9,36.2,2010,3,1
4.5,35.7,2010,3,1
5.5,36.5,2010,3,1
5.5,36.7,2010,3,1
5.6,35.5,2010,3,1
5.8,36.8,2010,3,1
5.9,35.5,2010,3,2
7.5,34.5,2010,3,1
25,13.4,2010,3,1
34.2,31.3,2010,3,1
34.4,31.3,2010,3,2
39.4,40.4,2010,3,2
39.5,39.1,2010,3,1
40,39,2010,3,1
40.6,37.2,2010,3,1
41.2,37.1,2010,3,1
41.8,42.6,2010,3,2
42.6,44.2,2010,3,1
43.3,16.8,2010,3,1
43.4,38.5,2010,3,1
43.5,17.4,2010,3,1
43.7,34.6,2010,3,1
44.2,33.3,2010,3,1
44.4,35.5,2010,3,3
44.5,34.3,2010,3,1
45,34,2010,3,1
45,36.5,2010,3,1
45,43.3,2010,3,3
45.4,15.5,2010,3,1
46.1,43,2010,3,3
46.7,43.9,2010,3,3
46.9,14.3,2010,3,1
46.9,42.7,2010,3,1
47.2,42.8,2010,3,1
47.3,42.6,2010,3,2
47.6,42.6,2010,3,1
61.2,34.2,2010,3,1
62,34.5,2010,3,1
62,35.4,2010,3,1
62.1,32.4,2010,3,1
62.1,34.4,2010,3,2
62.2,34.4,2010,3,1
62.5,32.6,2010,3,2
62.8,34.2,2010,3,1
62.9,32.6,2010,3,1
63.1,34.6,2010,3,1
63.3,32,2010,3,3
63.4,32.1,2010,3,1
63.4,35.1,2010,3,1
63.5,32.4,2010,3,1
63.8,35.7,2010,3,2
64.3,34.1,2010,3,1
64.4,32.4,2010,3,1
64.7,31.9,2010,3,3
64.9,33.7,2010,3,1
65.6,31.5,2010,3,3
65.6,32.6,2010,3,1
65.8,36.7,2010,3,1
65.9,32.5,2010,3,1
65.9,36.2,2010,3,3
66,32.7,2010,3,2
66.3,32.7,2010,3,1
66.4,31,2010,3,2
66.7,36.8,2010,3,1
67.4,32,2010,3,1
67.6,32.2,2010,3,1
67.8,32.8,2010,3,1
68.1,33.7,2010,3,1
68.2,28.6,2010,3,1
68.2,33.7,2010,3,1
68.3,33.4,2010,3,1
68.4,33.6,2010,3,1
68.5,33.4,2010,3,2
68.6,33.9,2010,3,2
68.6,34.1,2010,3,1
68.7,29.7,2010,3,1
68.7,33.7,2010,3,1
68.7,34.1,2010,3,1
68.8,29.6,2010,3,1
68.8,36.6,2010,3,1
68.8,39,2010,3,1
68.9,34.5,2010,3,2
68.9,37.3,2010,3,1
69,36.5,2010,3,1
69.3,37.1,2010,3,1
69.6,37.6,2010,3,1
70.1,33.1,2010,3,2
70.2,32.1,2010,3,1
70.2,37.3,2010,3,1
70.3,34.2,2010,3,1
70.4,32.2,2010,3,2
70.6,40,2010,3,2
70.7,35,2010,3,1
70.8,35.3,2010,3,3
71.3,33.8,2010,3,1
71.3,33.9,2010,3,1
71.3,35,2010,3,1
71.6,33.9,2010,3,1
71.7,33.6,2010,3,1
72.1,34.5,2010,3,1
72.4,34.2,2010,3,1
72.4,35,2010,3,1
72.4,35.1,2010,3,1
72.5,34.4,2010,3,2
72.5,34.6,2010,3,1
72.6,34.8,2010,3,1
72.7,34.8,2010,3,1
74.2,33.6,2010,3,3
74.4,33.6,2010,3,1
74.4,34.2,2010,3,4
74.5,32.7,2010,3,2
74.7,34.1,2010,3,1
74.8,33.7,2010,3,1
74.8,33.8,2010,3,4
75.7,33.3,2010,3,2
75.7,33.6,2010,3,3
-16.3,12.5,2010,2,1
3.5,36.6,2010,2,1
3.5,36.7,2010,2,1
3.8,36.8,2010,2,1
3.9,36.5,2010,2,1
4,36.7,2010,2,1
4.1,36.4,2010,2,1
4.2,36.7,2010,2,1
4.2,36.9,2010,2,1
4.3,36.8,2010,2,3
4.7,36.7,2010,2,1
4.8,36.1,2010,2,1
5.3,36.6,2010,2,1
6.1,36.8,2010,2,1
23.6,15.5,2010,2,1
25.3,12.6,2010,2,1
27.4,11.8,2010,2,1
35.1,31.5,2010,2,1
36.5,36.8,2010,2,1
41.7,37.5,2010,2,1
42.2,37.7,2010,2,2
42.4,36.4,2010,2,2
42.5,37.9,2010,2,1
43.2,14.9,2010,2,1
43.2,36.4,2010,2,1
43.4,38.3,2010,2,2
43.5,43.5,2010,2,1
43.5,43.7,2010,2,5
43.9,43.6,2010,2,2
44.2,15.9,2010,2,1
44.2,33.9,2010,2,1
44.3,37.6,2010,2,2
44.6,43.5,2010,2,4
44.7,13.7,2010,2,1
44.7,43.2,2010,2,1
44.7,43.4,2010,2,1
45.2,43.2,2010,2,2
45.3,15.5,2010,2,1
45.4,43.1,2010,2,2
45.6,43.2,2010,2,1
45.9,42.8,2010,2,2
45.9,43,2010,2,1
46,14.6,2010,2,1
46,43,2010,2,1
46.2,43.1,2010,2,2
47.2,43.2,2010,2,1
47.4,42.6,2010,2,1
47.9,41.8,2010,2,1
61.6,35.1,2010,2,1
62,32.4,2010,2,1
62.1,33.3,2010,2,1
62.1,33.4,2010,2,1
62.2,34.1,2010,2,1
62.3,33.4,2010,2,1
62.5,32.5,2010,2,1
62.6,34.8,2010,2,1
62.9,31.6,2010,2,1
63.1,35.8,2010,2,1
63.2,25.4,2010,2,1
63.5,30.5,2010,2,1
63.6,35,2010,2,1
63.6,35.6,2010,2,1
64.2,31.1,2010,2,1
64.3,35,2010,2,1
64.3,35.9,2010,2,1
64.6,31.6,2010,2,2
64.8,32.4,2010,2,1
65.2,31.5,2010,2,2
65.3,31.4,2010,2,1
65.4,35.7,2010,2,1
65.5,31.9,2010,2,1
65.8,31.8,2010,2,1
65.9,32.8,2010,2,1
66,32.9,2010,2,1
66.1,36.8,2010,2,1
66.3,31.3,2010,2,1
66.5,31,2010,2,1
66.6,27.8,2010,2,1
66.6,36.8,2010,2,1
66.7,32,2010,2,1
66.9,25,2010,2,2
67,36.8,2010,2,1
67.5,32.6,2010,2,1
68.1,32.6,2010,2,1
68.1,33.4,2010,2,1
68.1,36.2,2010,2,1
68.6,32.9,2010,2,1
68.6,33.8,2010,2,1
68.8,34.4,2010,2,1
69.1,34.4,2010,2,1
69.2,29.9,2010,2,1
69.4,30,2010,2,1
69.5,33.7,2010,2,1
69.6,33.3,2010,2,1
70,35,2010,2,1
70.1,38.3,2010,2,1
70.2,34.5,2010,2,1
70.4,32.3,2010,2,1
70.5,34.5,2010,2,1
70.8,34.1,2010,2,1
70.8,34.3,2010,2,1
71,34.1,2010,2,1
71.1,34.7,2010,2,1
71.2,33.9,2010,2,1
71.2,34.3,2010,2,1
71.2,36.8,2010,2,1
71.3,34.8,2010,2,2
71.4,34,2010,2,1
71.4,34.6,2010,2,1
71.7,34.1,2010,2,1
72.3,34.6,2010,2,1
72.3,34.7,2010,2,1
72.4,35.6,2010,2,1
72.5,35,2010,2,1
73.1,31.4,2010,2,1
73.8,33.9,2010,2,2
74.3,33.4,2010,2,1
74.3,34.2,2010,2,1
74.5,33.4,2010,2,1
74.6,32.4,2010,2,1
74.6,34.1,2010,2,1
74.7,33.2,2010,2,1
74.8,33.3,2010,2,1
74.9,33.4,2010,2,1
74.9,33.9,2010,2,1
75,32.5,2010,2,2
75,33.7,2010,2,1
75,34,2010,2,1
75.1,33.7,2010,2,1
75.6,33.3,2010,2,2
75.6,33.7,2010,2,2
76,33.1,2010,2,2
76,33.5,2010,2,1
-16.3,13.1,2010,1,1
-7.3,16.6,2010,1,1
1.7,36.3,2010,1,1
2,36.3,2010,1,1
3.9,36.9,2010,1,1
4.6,36.7,2010,1,1
6.3,37,2010,1,1
6.7,36.5,2010,1,1
11.7,10.9,2010,1,1
23.5,15.4,2010,1,1
29,40.2,2010,1,1
34.3,31.2,2010,1,1
34.4,31.5,2010,1,1
35,31.5,2010,1,1
35.1,32.3,2010,1,1
35.2,32.1,2010,1,1
36.2,37.2,2010,1,1
37,37.9,2010,1,1
39.9,38.7,2010,1,1
40.1,38.4,2010,1,1
40.6,38.5,2010,1,2
40.6,38.8,2010,1,1
41.4,37.6,2010,1,1
41.4,38.3,2010,1,1
41.5,38.2,2010,1,1
41.6,37.7,2010,1,1
41.8,37.6,2010,1,1
42.6,36.4,2010,1,1
42.6,37.9,2010,1,1
42.8,37.1,2010,1,1
43.1,38,2010,1,1
43.1,40.5,2010,1,1
43.2,37.6,2010,1,1
43.8,35.3,2010,1,1
43.9,43.5,2010,1,2
44,33.2,2010,1,1
44,36.2,2010,1,1
44.1,39.5,2010,1,1
44.2,35.6,2010,1,1
44.3,32.8,2010,1,1
44.4,32.5,2010,1,1
44.6,13.2,2010,1,1
44.8,33.9,2010,1,1
44.9,13.1,2010,1,1
45.1,34.2,2010,1,1
45.1,41.3,2010,1,1
45.3,43.2,2010,1,1
45.4,35.6,2010,1,1
45.4,43.4,2010,1,1
45.6,16.7,2010,1,1
45.6,43.6,2010,1,1
45.8,13.7,2010,1,1
45.8,15.5,2010,1,1
45.9,13.8,2010,1,1
46,42.4,2010,1,1
46.2,43.3,2010,1,1
46.6,43.4,2010,1,1
46.8,14.6,2010,1,1
46.9,43.9,2010,1,1
47,39.7,2010,1,1
47,40.2,2010,1,1
47.1,14.3,2010,1,1
47.1,42.7,2010,1,1
47.3,39.6,2010,1,1
47.5,40.5,2010,1,2
47.9,42.6,2010,1,2
48.2,14,2010,1,1
55.3,25.3,2010,1,1
58.4,29.1,2010,1,1
62.1,32.6,2010,1,1
62.7,31.5,2010,1,1
63.1,32.2,2010,1,1
63.1,35,2010,1,1
63.3,35,2010,1,1
63.6,34.8,2010,1,1
63.9,33.7,2010,1,1
64,35.6,2010,1,1
64.1,27,2010,1,1
64.2,31.8,2010,1,1
64.3,35.8,2010,1,1
64.4,33.5,2010,1,1
64.7,35.7,2010,1,1
64.7,36,2010,1,1
64.9,32,2010,1,1
65,31.6,2010,1,1
65.3,34.5,2010,1,1
65.4,32.6,2010,1,1
65.5,31.5,2010,1,1
65.5,32.2,2010,1,1
65.5,33,2010,1,1
65.7,31.4,2010,1,1
65.7,34.5,2010,1,1
65.8,36.1,2010,1,1
65.9,31.6,2010,1,1
65.9,32.2,2010,1,1
65.9,35.4,2010,1,1
65.9,35.9,2010,1,1
65.9,36.4,2010,1,1
66.1,31.2,2010,1,1
66.2,33.8,2010,1,1
66.6,36.5,2010,1,1
66.7,29.8,2010,1,1
66.8,36.7,2010,1,1
67,30.2,2010,1,1
67.1,33.5,2010,1,1
67.5,32.2,2010,1,1
67.7,32.2,2010,1,1
67.8,34.8,2010,1,1
67.9,33,2010,1,1
68.3,32.2,2010,1,1
68.3,33.3,2010,1,1
68.4,32.9,2010,1,1
68.5,33.7,2010,1,1
68.8,34.2,2010,1,1
68.8,34.3,2010,1,1
69,32.7,2010,1,1
69,36,2010,1,1
69.1,33.6,2010,1,1
69.1,33.9,2010,1,1
69.1,35.6,2010,1,1
69.3,33.2,2010,1,1
69.3,34.6,2010,1,1
69.3,36,2010,1,1
69.4,35,2010,1,1
69.5,36.8,2010,1,1
69.6,33.4,2010,1,1
69.7,34.7,2010,1,1
69.8,32.7,2010,1,1
69.9,34.8,2010,1,1
70.1,32.3,2010,1,1
70.1,33.5,2010,1,1
70.1,34.9,2010,1,1
70.2,36.8,2010,1,1
70.2,39,2010,1,1
70.4,34.5,2010,1,1
70.6,34.3,2010,1,1
70.7,32.5,2010,1,1
70.9,34,2010,1,1
71.1,34.1,2010,1,1
71.2,36.7,2010,1,1
72,34.2,2010,1,1
72.1,34.4,2010,1,1
72.2,34.7,2010,1,1
74,33.6,2010,1,1
74.1,33.7,2010,1,2
74.1,34.4,2010,1,1
74.3,33,2010,1,1
74.3,33.5,2010,1,1
74.4,34.5,2010,1,1
74.6,34,2010,1,1
74.8,32.8,2010,1,1
74.8,34.4,2010,1,1
75,33.8,2010,1,1
75,33.9,2010,1,1
75.1,32.6,2010,1,1
75.3,33.2,2010,1,1
75.4,33.2,2010,1,1
75.5,33.1,2010,1,1
75.5,33.3,2010,1,1
75.7,33.5,2010,1,1
79.4,16.2,2010,1,1
79.8,19.9,2010,1,1
8.5,11.5,2010,0,1
11.5,12,2010,0,1
12,11.7,2010,0,1
24.4,13,2010,0,1
38.8,45.5,2010,0,1
40.1,44.6,2010,0,1
41.7,42.6,2010,0,1
41.8,10.2,2010,0,2
41.8,42.7,2010,0,1
43.2,43.9,2010,0,1
43.7,43.5,2010,0,1
43.9,43.7,2010,0,1
44.9,43.3,2010,0,2
45.3,43.3,2010,0,1
46.3,34.8,2010,0,1
46.3,43,2010,0,1
46.5,43.1,2010,0,1
46.6,43.1,2010,0,1
46.7,43.2,2010,0,1
46.7,43.8,2010,0,2
46.8,43.9,2010,0,1
47,42.6,2010,0,1
47,43.9,2010,0,2
47.7,42.5,2010,0,1
48.3,41.6,2010,0,1
63.1,26,2010,0,1
63.9,34.4,2010,0,1
65.2,32.1,2010,0,1
66.6,29,2010,0,1
66.8,30.2,2010,0,1
68.8,35.8,2010,0,1
69,35.5,2010,0,1
69.3,32.4,2010,0,1
69.4,32.3,2010,0,1
69.5,32.8,2010,0,1
69.6,40.3,2010,0,1
69.8,32.4,2010,0,1
69.9,37.5,2010,0,1
70,32.8,2010,0,2
70.1,33.2,2010,0,1
70.2,33.1,2010,0,1
70.3,34.1,2010,0,1
70.4,33.2,2010,0,2
70.5,33.3,2010,0,1
70.9,33.9,2010,0,3
71.2,34.1,2010,0,1
72.5,34.5,2010,0,1
73.9,33.8,2010,0,1
77,20,2010,0,1
79.6,19,2010,0,1
15.1,32.4,2011,1188,66
45.4,13.1,2011,767,99
13.2,32.9,2011,636,20
16.6,31.2,2011,607,28
65,33,2011,279,36
36.7,34.7,2011,257,40
44.2,15.4,2011,250,30
70.8,33.7,2011,242,27
14.6,32.5,2011,203,13
70.3,33.7,2011,196,23
44.4,33.3,2011,180,34
70.9,35,2011,180,15
71,33.7,2011,179,23
64,31,2011,176,99
71.1,35,2011,175,38
12.7,32.8,2011,173,9
43.7,34.6,2011,169,7
71.4,34.5,2011,153,12
19.7,30.4,2011,150,16
65.8,31,2011,138,76
70.4,35.2,2011,138,1
20.1,32.1,2011,134,4
12,11.7,2011,133,6
65.7,31.6,2011,133,38
42.6,36.2,2011,131,3
70.6,33.6,2011,128,10
69.2,34.5,2011,126,16
71.2,34.6,2011,115,26
12.5,31.8,2011,114,3
71.7,34.1,2011,111,4
64.6,31.8,2011,110,53
46.3,35.7,2011,105,5
45.3,13.2,2011,103,12
14.8,32.4,2011,99,13
36.5,35.7,2011,98,14
44,13.6,2011,95,23
45.3,13.1,2011,93,11
13.2,11.8,2011,91,37
71,33.6,2011,89,15
25,11,2011,87,7
43.6,37.2,2011,80,7
71.3,35.2,2011,80,6
67.8,33.3,2011,79,30
70.5,34.4,2011,79,11
44.3,33.5,2011,78,7
20.2,30.8,2011,75,7
65,32.1,2011,75,30
36.2,32.7,2011,73,1
63.9,31.6,2011,73,25
36.5,35.6,2011,70,1
69.3,32.8,2011,66,2
71.1,33.5,2011,66,7
30,11,2011,65,13
64.4,31.6,2011,64,23
69,33.1,2011,64,3
65.4,31.6,2011,62,16
70.7,33.8,2011,61,13
32.2,10.6,2011,60,1
36.7,34.9,2011,60,9
68.7,33.9,2011,58,26
69.3,32.7,2011,58,7
71.4,35.1,2011,57,15
38.3,34.5,2011,55,17
71.6,34,2011,55,16
67.2,32.2,2011,54,20
11,31.9,2011,53,1
44.6,33.7,2011,53,13
62.8,32.8,2011,53,9
71.9,34.9,2011,53,4
64.3,35.6,2011,52,10
65,32.5,2011,52,21
68,34.2,2011,52,26
68.9,36.7,2011,52,7
70.7,33.6,2011,52,11
72.2,36.3,2011,52,2
70.1,33,2011,51,15
71,33.8,2011,50,9
71.3,34.5,2011,50,11
45.9,13.9,2011,49,11
71.3,35.6,2011,49,3
68.9,33.8,2011,48,21
70.9,33.6,2011,48,6
11.3,31.8,2011,47,1
44.4,35.5,2011,47,8
65.9,32.6,2011,47,15
68.8,34,2011,47,2
71,34.5,2011,47,2
34.5,31.5,2011,46,27
45.5,36.2,2011,46,2
64,35.7,2011,46,2
69.2,33,2011,46,3
43.8,16.9,2011,45,2
36.7,35.8,2011,44,24
64.7,32.5,2011,44,22
69.4,34.5,2011,44,13
71,35.2,2011,44,2
70.4,34.3,2011,43,20
69.8,32.6,2011,42,9
18.4,30.6,2011,40,7
45.8,32.5,2011,40,1
69.7,32.9,2011,40,7
63.8,35,2011,39,3
69.1,34,2011,39,15
36.1,32.8,2011,38,5
42.6,37.4,2011,38,2
72.1,34.2,2011,38,2
43.3,33.4,2011,37,6
63.9,30.2,2011,37,5
68.9,37.1,2011,37,3
19.6,30.4,2011,36,5
64.5,32.5,2011,36,10
64.8,36.2,2011,36,7
68.4,33.3,2011,36,12
69.7,34.8,2011,36,16
70.1,34.2,2011,36,9
71.4,35,2011,36,5
12.2,31.9,2011,35,8
36.7,36,2011,35,3
46.8,36.3,2011,35,1
67,24.9,2011,35,5
70.9,34.6,2011,35,5
71.1,34.6,2011,35,9
12.7,32.1,2011,34,2
36.6,34.5,2011,34,13
47.5,43,2011,34,28
64.3,31.7,2011,34,13
68.4,33.5,2011,34,16
68.8,32.4,2011,34,18
70.6,33,2011,34,4
70.8,34,2011,34,1
72,35.3,2011,34,4
22.8,10.1,2011,33,3
44.3,15.6,2011,33,4
69.9,33.3,2011,33,7
36.2,32.9,2011,32,7
64.8,32,2011,32,6
69,33.4,2011,32,8
69.3,36.2,2011,32,3
29.5,14.5,2011,31,1
69.2,35,2011,30,2
69.3,32.6,2011,30,2
69.3,33.7,2011,30,14
69.7,32.3,2011,30,5
69.9,33.4,2011,30,20
14.4,27,2011,29,3
24.4,13.2,2011,29,2
44.4,32.5,2011,29,3
66,32.8,2011,29,12
69.5,32.4,2011,29,4
69.5,36.7,2011,29,2
71.5,33.7,2011,29,5
29.6,12.1,2011,28,1
45,12.8,2011,28,9
46.1,13.8,2011,28,3
62.9,32.2,2011,28,11
65.6,31.8,2011,28,7
71,34.3,2011,28,4
71.2,34.9,2011,28,9
71.3,35.5,2011,28,2
65.7,36.1,2011,27,4
67,30.2,2011,27,4
69.9,33.5,2011,27,9
70.4,33.7,2011,27,6
36.7,35.6,2011,26,4
44.1,37.5,2011,26,6
44.9,32,2011,26,1
65.4,36,2011,26,7
68.7,32.9,2011,26,8
69,34,2011,26,6
69.6,35,2011,26,8
70.4,33.2,2011,26,2
71.1,34.8,2011,26,10
25.4,13.6,2011,25,1
29.7,11,2011,25,9
34.2,31.3,2011,25,7
40.1,35.3,2011,25,3
44.7,43.3,2011,25,5
63.1,34.3,2011,25,2
69.2,33.6,2011,25,9
70.4,39.2,2011,25,3
71.5,35.3,2011,25,5
29.8,11.7,2011,24,1
36.6,35.4,2011,24,2
37.2,35.2,2011,24,11
63.8,35.7,2011,24,9
66.4,31,2011,24,5
67.8,32.9,2011,24,6
69.4,33.4,2011,24,4
69.5,32.6,2011,24,2
62.9,31.7,2011,23,10
64,32.1,2011,23,2
68.8,34.3,2011,23,9
69.2,34,2011,23,15
69.7,34.9,2011,23,9
70.2,36.8,2011,23,1
70.5,33.6,2011,23,3
-6.2,15.2,2011,22,3
43.1,36.3,2011,22,8
43.6,43.5,2011,22,17
45.6,36.3,2011,22,2
46.7,43.9,2011,22,6
62,34.5,2011,22,11
65.8,36.8,2011,22,2
66.7,33,2011,22,7
68.1,32.6,2011,22,2
69,35.8,2011,22,9
70.2,34.2,2011,22,7
71.5,33.9,2011,22,12
3.6,36.6,2011,21,9
18.1,30.8,2011,21,2
24.9,12.1,2011,21,1
43.6,37.3,2011,21,5
63.5,35.5,2011,21,6
64.7,31.8,2011,21,3
66.5,31.9,2011,21,5
66.6,36.8,2011,21,6
69.5,33.3,2011,21,5
69.8,34.9,2011,21,5
71.1,34,2011,21,6
4.4,36.7,2011,20,2
12.7,10.2,2011,20,1
41,38.1,2011,20,1
44.8,16.2,2011,20,1
45.7,13.4,2011,20,4
62.5,32.5,2011,20,9
63.1,31.9,2011,20,1
69.1,35.1,2011,20,1
70,34.1,2011,20,2
70.1,33.4,2011,20,5
71.3,35.8,2011,20,3
2.2,36.6,2011,19,1
31.2,10.4,2011,19,1
62.2,34.3,2011,19,7
62.8,34.2,2011,19,9
64.7,31.9,2011,19,4
65,31.6,2011,19,6
65.4,31.5,2011,19,2
66.1,30.2,2011,19,3
68.3,33.4,2011,19,4
70.3,33.5,2011,19,4
70.7,33.7,2011,19,4
71.2,35,2011,19,3
26,16,2011,18,4
39.5,39.1,2011,18,6
40.1,38.4,2011,18,2
46.1,13.9,2011,18,6
62.3,33.4,2011,18,3
64.8,32.3,2011,18,2
66,32.1,2011,18,7
66.6,36.5,2011,18,7
68.1,32.9,2011,18,2
74.2,34.4,2011,18,9
12.5,32.1,2011,17,2
45.7,43.3,2011,17,7
46.1,15.7,2011,17,2
47,40,2011,17,15
65.4,36.2,2011,17,5
66.3,33.4,2011,17,2
67.8,31.7,2011,17,2
68.6,33,2011,17,2
68.7,36.8,2011,17,4
68.8,36.8,2011,17,7
69,33.9,2011,17,6
69.9,33.8,2011,17,5
70.1,34.9,2011,17,3
23,13,2011,16,2
36.6,35.9,2011,16,2
44,36.2,2011,16,3
44.5,33.6,2011,16,3
44.6,37.3,2011,16,6
62.5,31,2011,16,6
62.5,32.6,2011,16,2
67,32.2,2011,16,4
67.6,32.2,2011,16,3
68.7,34.4,2011,16,5
69.2,37.1,2011,16,3
69.4,37,2011,16,3
70,34.2,2011,16,2
70.2,34.8,2011,16,6
70.9,31.8,2011,16,2
72.3,35.1,2011,16,3
3.7,36.8,2011,15,8
7.8,35,2011,15,6
36.1,32.6,2011,15,2
36.3,32.6,2011,15,1
36.4,35.4,2011,15,2
36.5,35.4,2011,15,4
44.3,37.6,2011,15,3
45.8,13.5,2011,15,2
62.1,30.2,2011,15,2
63.5,35.6,2011,15,3
63.6,34.8,2011,15,3
64.6,32.2,2011,15,1
65.5,31.6,2011,15,3
67,36.8,2011,15,4
68.5,34.1,2011,15,8
68.9,33.9,2011,15,5
69.7,33.4,2011,15,6
71.9,34.6,2011,15,1
79.8,19.9,2011,15,2
3.6,36.8,2011,14,7
9.8,10.3,2011,14,2
34,12,2011,14,6
36,33.1,2011,14,2
42.4,34.1,2011,14,4
43.9,34.2,2011,14,1
44.2,32.9,2011,14,7
44.6,15.8,2011,14,1
64.4,31.7,2011,14,8
64.6,31.7,2011,14,3
65.3,31.5,2011,14,8
67.7,32.8,2011,14,2
69.1,33.5,2011,14,5
69.2,37,2011,14,5
70.1,32.9,2011,14,4
70.2,34.5,2011,14,5
71,34.9,2011,14,6
71.1,33.8,2011,14,2
72.5,34.1,2011,14,1
13.9,25.9,2011,13,1
27.6,10.9,2011,13,1
36.5,34.9,2011,13,3
45.4,15.4,2011,13,4
46.2,13.9,2011,13,1
46.6,43.3,2011,13,12
62.8,31.5,2011,13,3
68.8,36.7,2011,13,6
69.1,36.6,2011,13,2
69.8,34.3,2011,13,3
70,33.5,2011,13,8
70.2,34.7,2011,13,4
71.2,34.7,2011,13,4
72.4,34.8,2011,13,5
36.6,35.2,2011,12,1
40.3,35.2,2011,12,3
42.9,37.4,2011,12,1
43.5,43.7,2011,12,11
44.2,33.3,2011,12,5
44.8,33.7,2011,12,1
62.1,32.8,2011,12,4
62.9,32.6,2011,12,1
64.2,31.3,2011,12,2
65.5,36,2011,12,2
65.9,31.5,2011,12,3
66.1,33.3,2011,12,1
66.2,31,2011,12,4
67.4,32.5,2011,12,8
68.3,32,2011,12,1
68.3,33.6,2011,12,5
68.5,33.4,2011,12,4
68.6,36.3,2011,12,7
68.7,34,2011,12,3
68.9,34.4,2011,12,5
69.6,34.2,2011,12,1
69.6,34.9,2011,12,5
70,33,2011,12,5
70.2,33,2011,12,7
70.3,34.3,2011,12,4
70.4,34.5,2011,12,1
70.7,34.1,2011,12,3
71.4,34.8,2011,12,3
73,34.7,2011,12,2
3.7,36.7,2011,11,6
39,36.7,2011,11,3
44.9,33.7,2011,11,2
65.5,36.3,2011,11,1
65.7,31.7,2011,11,2
66.9,32.1,2011,11,6
68,33.2,2011,11,5
69.2,34.2,2011,11,5
69.8,33.7,2011,11,2
70.7,34.7,2011,11,3
71.7,33.6,2011,11,3
5.5,36.7,2011,10,1
6.4,36.8,2011,10,2
35,29.6,2011,10,1
36.4,33.5,2011,10,3
38.3,34.6,2011,10,1
42.5,33.9,2011,10,2
42.6,37.9,2011,10,2
43.9,43.9,2011,10,1
47.2,42.4,2011,10,2
47.5,14.3,2011,10,2
47.6,42.9,2011,10,7
50.1,12.5,2011,10,1
64,35.6,2011,10,1
64.2,31.5,2011,10,3
65.2,30.1,2011,10,2
65.5,32,2011,10,3
65.6,32.6,2011,10,2
68.2,33.4,2011,10,1
68.6,36,2011,10,2
68.9,33.3,2011,10,4
68.9,34,2011,10,3
69,37.2,2011,10,2
69.2,32.9,2011,10,1
69.2,34.9,2011,10,1
69.3,32.5,2011,10,6
69.4,33,2011,10,3
70.5,33.7,2011,10,2
71.3,33.9,2011,10,4
71.8,35.2,2011,10,1
74.3,31.6,2011,10,1
12.6,32.3,2011,9,4
12.6,32.8,2011,9,1
36.3,35.9,2011,9,2
36.6,34.4,2011,9,1
36.8,35.5,2011,9,1
36.8,35.9,2011,9,4
37.1,35,2011,9,1
42.3,37.4,2011,9,2
43,43.5,2011,9,2
44.4,33.7,2011,9,4
44.8,43.2,2011,9,8
62.1,32.5,2011,9,6
64.1,30.9,2011,9,5
65.2,31.1,2011,9,5
65.5,32.9,2011,9,5
66.8,33.1,2011,9,2
66.9,32.5,2011,9,1
66.9,36.8,2011,9,2
67.8,32.8,2011,9,4
67.9,33.2,2011,9,2
68.8,36.2,2011,9,2
69.7,34.2,2011,9,1
69.8,33.8,2011,9,3
69.9,34.5,2011,9,1
70.3,33,2011,9,3
70.3,34.4,2011,9,4
70.5,33.4,2011,9,2
71.1,34.9,2011,9,5
71.2,33.6,2011,9,1
71.4,33.9,2011,9,2
15.1,32,2011,8,2
36.4,33.6,2011,8,3
36.4,35.3,2011,8,1
38,35,2011,8,4
40,39.1,2011,8,1
41.9,44.4,2011,8,1
42,38.6,2011,8,1
43.2,37.6,2011,8,2
43.8,35.3,2011,8,3
45.5,13.1,2011,8,1
46,42.2,2011,8,2
63.3,35.6,2011,8,4
64,34.4,2011,8,3
64.5,31.6,2011,8,2
65.9,32.7,2011,8,5
66.3,36.7,2011,8,1
66.3,37,2011,8,1
67.1,36.7,2011,8,2
67.3,31.4,2011,8,2
68.3,34.2,2011,8,1
68.4,33.8,2011,8,3
68.6,33.8,2011,8,4
68.8,34.4,2011,8,7
69.3,35,2011,8,1
69.6,33.1,2011,8,1
70,34.3,2011,8,3
70.1,34.7,2011,8,3
72.3,34.8,2011,8,3
74,34.7,2011,8,4
74.2,34.3,2011,8,7
74.5,34.3,2011,8,9
76.7,33.9,2011,8,4
3.6,36.7,2011,7,5
7.4,11.9,2011,7,1
8.5,12,2011,7,1
9.1,35.7,2011,7,1
11.1,11.7,2011,7,1
34.3,31.3,2011,7,6
36.5,36.8,2011,7,1
36.7,36.2,2011,7,1
37.4,33.5,2011,7,7
42.7,43.3,2011,7,1
43.8,33.4,2011,7,3
44.2,15.8,2011,7,1
44.2,34.1,2011,7,1
45.1,36.2,2011,7,1
46.7,43.2,2011,7,2
46.8,44,2011,7,2
46.9,14.1,2011,7,2
49.1,14.5,2011,7,3
62.2,34.2,2011,7,1
63,31.7,2011,7,1
63.3,32,2011,7,3
64.2,32.5,2011,7,1
64.3,32.5,2011,7,1
64.4,32.5,2011,7,2
64.5,31.8,2011,7,3
64.8,36.3,2011,7,3
65.1,33.1,2011,7,1
65.8,32.5,2011,7,1
67.6,32.7,2011,7,5
68.7,33.5,2011,7,5
68.7,36.3,2011,7,3
68.9,32.4,2011,7,3
69.1,34.1,2011,7,2
69.4,32.3,2011,7,4
69.5,34.8,2011,7,3
69.6,30.2,2011,7,1
69.6,33.4,2011,7,1
69.8,30.4,2011,7,1
70,35,2011,7,2
70.1,34.3,2011,7,4
70.2,33.4,2011,7,3
70.4,34.8,2011,7,3
70.6,33.5,2011,7,1
70.6,33.7,2011,7,2
70.8,33.8,2011,7,2
70.8,34.3,2011,7,3
70.9,34.7,2011,7,4
71.5,33.6,2011,7,1
74,34.4,2011,7,2
74.9,33.8,2011,7,5
-16.4,12.8,2011,6,1
-6,15.9,2011,6,1
3.5,36.8,2011,6,3
3.9,36.2,2011,6,2
10.2,11.7,2011,6,1
11.9,12.9,2011,6,1
20,30.5,2011,6,1
30,10.6,2011,6,1
34.3,10.6,2011,6,2
34.3,10.9,2011,6,1
34.4,31.4,2011,6,4
36.1,33.1,2011,6,1
40.5,37.3,2011,6,2
41.4,38.1,2011,6,1
42.3,37.9,2011,6,1
43.6,43.6,2011,6,4
44.1,33.8,2011,6,1
45.3,43.1,2011,6,2
47.8,30.5,2011,6,1
60.9,29.9,2011,6,1
61.6,35.1,2011,6,2
62,34,2011,6,3
62.2,35,2011,6,3
64.3,31.5,2011,6,2
64.9,31.5,2011,6,5
65.1,36.5,2011,6,2
65.5,32.6,2011,6,3
66.1,36.3,2011,6,4
66.2,37,2011,6,1
68.3,35.5,2011,6,1
68.9,33.5,2011,6,1
69.1,32.9,2011,6,1
69.1,33.6,2011,6,1
69.4,35.3,2011,6,1
69.7,33,2011,6,4
69.9,33,2011,6,3
70,32.7,2011,6,1
70.7,33.4,2011,6,1
71.4,33.6,2011,6,1
71.5,35.2,2011,6,3
72,36.8,2011,6,2
74.8,34.1,2011,6,5
74.8,34.2,2011,6,5
2.3,36.1,2011,5,1
3.3,34.7,2011,5,1
3.5,36.7,2011,5,2
4,36.8,2011,5,2
10.5,11.3,2011,5,1
12.1,32.9,2011,5,1
12.6,32,2011,5,1
36.4,32.9,2011,5,2
36.6,35.6,2011,5,2
36.7,34.8,2011,5,2
40.8,39.1,2011,5,2
42.9,43.4,2011,5,5
44.2,15.9,2011,5,2
44.5,33.7,2011,5,2
45.1,37.6,2011,5,1
45.2,43.2,2011,5,3
45.5,43.1,2011,5,5
45.9,36,2011,5,1
47.6,42.6,2011,5,2
49.6,15,2011,5,1
62,32.5,2011,5,2
62.1,26.1,2011,5,1
62.1,33.3,2011,5,2
62.2,33.4,2011,5,2
62.3,35.2,2011,5,2
62.9,34.2,2011,5,1
63,34.3,2011,5,2
63.1,26,2011,5,1
63.1,29.9,2011,5,1
63.1,35,2011,5,3
63.4,32.2,2011,5,1
63.5,35.1,2011,5,2
64.1,31.3,2011,5,3
64.2,31.7,2011,5,2
64.3,31.4,2011,5,3
65,32.2,2011,5,2
65.3,34.5,2011,5,2
65.4,35.9,2011,5,1
66.2,36.9,2011,5,1
66.3,32.9,2011,5,3
66.4,33.1,2011,5,1
67.4,29.8,2011,5,1
67.9,32.3,2011,5,2
68.5,33.3,2011,5,2
68.5,33.6,2011,5,1
68.7,33,2011,5,2
68.8,35,2011,5,3
69.1,34.4,2011,5,2
69.2,33.2,2011,5,2
69.5,32.3,2011,5,1
69.6,34.1,2011,5,3
69.7,33.6,2011,5,2
69.7,34,2011,5,1
69.8,32.7,2011,5,5
70.1,35,2011,5,1
70.3,32.9,2011,5,1
70.3,34.5,2011,5,1
70.9,35.3,2011,5,1
71.3,34.4,2011,5,2
71.5,34.4,2011,5,1
71.5,34.8,2011,5,1
72.5,35.2,2011,5,1
73.2,34.1,2011,5,1
76,33.5,2011,5,5
-15.9,13,2011,4,1
3.8,36.7,2011,4,1
3.9,36.7,2011,4,4
3.9,36.8,2011,4,3
4.2,36.6,2011,4,2
4.7,23.8,2011,4,1
5,36.8,2011,4,2
6.9,34.9,2011,4,1
10.8,31.9,2011,4,1
11.2,10.3,2011,4,1
12.8,11.2,2011,4,1
34.4,11.8,2011,4,1
36.2,37.2,2011,4,2
36.3,34.7,2011,4,1
36.6,35.7,2011,4,1
36.7,35.4,2011,4,4
36.7,36.1,2011,4,1
36.8,35.1,2011,4,2
40.5,35,2011,4,2
41.7,36,2011,4,1
42.2,37.8,2011,4,3
43.2,35.5,2011,4,2
43.5,34.9,2011,4,1
43.6,43.4,2011,4,1
44.1,16.5,2011,4,1
44.2,33.8,2011,4,2
44.7,33.7,2011,4,1
45.8,16.6,2011,4,1
45.8,42.9,2011,4,2
45.9,13.8,2011,4,1
46.1,43,2011,4,2
46.2,42.6,2011,4,2
46.9,43.2,2011,4,4
46.9,43.3,2011,4,2
47.5,15.5,2011,4,2
62.2,33.3,2011,4,1
62.4,33.2,2011,4,4
62.6,34.9,2011,4,2
62.9,34.1,2011,4,1
63.5,30.5,2011,4,1
64,30.6,2011,4,1
64.3,36,2011,4,1
64.6,31.6,2011,4,3
64.6,32.3,2011,4,1
65,32.4,2011,4,2
65.4,33,2011,4,1
65.7,30.6,2011,4,1
66,32.7,2011,4,2
66.3,31.1,2011,4,1
66.5,32.2,2011,4,2
66.7,32.6,2011,4,2
66.7,36.7,2011,4,2
66.8,36.7,2011,4,1
67,36.1,2011,4,1
67.1,29.9,2011,4,1
67.7,35.3,2011,4,1
67.8,31.8,2011,4,2
67.9,33,2011,4,1
68.2,33.2,2011,4,2
68.4,28.4,2011,4,1
68.4,33.4,2011,4,2
68.5,32.7,2011,4,1
68.6,32.9,2011,4,2
68.6,33.5,2011,4,1
68.7,35.6,2011,4,2
68.7,36,2011,4,2
68.8,34.1,2011,4,1
68.9,35,2011,4,3
69,34.1,2011,4,4
69.3,34,2011,4,2
69.3,34.5,2011,4,3
69.4,33.7,2011,4,1
69.6,32.5,2011,4,1
70.1,34.8,2011,4,3
70.4,33.6,2011,4,1
70.8,35,2011,4,2
70.9,33.7,2011,4,1
70.9,33.8,2011,4,2
71,35,2011,4,1
71.3,34.6,2011,4,3
71.4,34.6,2011,4,3
71.5,34.6,2011,4,1
72.3,35.2,2011,4,1
72.5,34.5,2011,4,1
74.4,34.4,2011,4,1
74.8,33.7,2011,4,3
80,19.8,2011,4,1
-16.5,13,2011,3,1
-16.1,13.1,2011,3,2
-16,18.1,2011,3,1
-15.7,13,2011,3,1
3.8,36.5,2011,3,2
4,36.7,2011,3,2
4.2,36.3,2011,3,1
4.3,36.6,2011,3,2
4.4,36.9,2011,3,2
4.6,36.8,2011,3,2
6,36.9,2011,3,1
6.8,36.6,2011,3,1
8.4,21.4,2011,3,1
9.8,26.5,2011,3,1
10.8,30.3,2011,3,1
11.3,32,2011,3,1
14.6,24.9,2011,3,2
29,41,2011,3,1
29.9,10.9,2011,3,1
34.1,11.3,2011,3,2
36.3,32.8,2011,3,2
36.5,36.1,2011,3,1
36.9,36.5,2011,3,1
36.9,37.6,2011,3,1
38.1,39.9,2011,3,1
39.1,39.3,2011,3,1
39.8,39.2,2011,3,2
40.2,37.9,2011,3,2
40.5,38,2011,3,1
40.7,38.5,2011,3,1
41,37.4,2011,3,1
41.3,38.1,2011,3,1
42.5,37.9,2011,3,2
43.2,37,2011,3,1
43.7,37.6,2011,3,2
44,33,2011,3,2
44,38,2011,3,1
44.9,36.3,2011,3,1
45.1,43.1,2011,3,2
45.4,13.2,2011,3,1
45.5,42.9,2011,3,3
45.9,43.1,2011,3,4
46.1,42.5,2011,3,2
46.6,43.2,2011,3,1
46.6,43.4,2011,3,1
46.9,42.7,2011,3,1
47.3,42.6,2011,3,2
48.2,42.1,2011,3,1
61.9,30.3,2011,3,1
62,33.4,2011,3,1
62.2,32.5,2011,3,1
62.3,32.5,2011,3,1
62.5,34.9,2011,3,2
62.6,33.1,2011,3,1
63.2,34.4,2011,3,2
63.4,34.6,2011,3,1
64.2,31.1,2011,3,1
64.2,31.8,2011,3,2
64.5,32.4,2011,3,2
65,36.1,2011,3,1
65.1,33.6,2011,3,1
65.3,32.7,2011,3,1
65.5,36.1,2011,3,1
65.6,31.6,2011,3,3
65.6,33.1,2011,3,1
65.7,36.3,2011,3,1
66,32.2,2011,3,1
66.4,32.3,2011,3,1
66.4,36.8,2011,3,1
66.5,31.2,2011,3,2
66.6,31.5,2011,3,2
66.6,32.7,2011,3,1
66.7,32,2011,3,1
66.9,36.3,2011,3,2
67.2,32.9,2011,3,2
67.7,30.2,2011,3,1
67.7,33.8,2011,3,1
68.2,28.6,2011,3,1
68.2,33.7,2011,3,1
68.3,33.1,2011,3,3
68.4,33.7,2011,3,2
68.4,35.3,2011,3,3
68.4,36.9,2011,3,2
68.5,35.8,2011,3,2
68.6,34.1,2011,3,1
68.8,33.2,2011,3,2
68.8,35.8,2011,3,1
69,33.8,2011,3,1
69.1,33.4,2011,3,1
69.6,33.8,2011,3,3
69.7,33.2,2011,3,1
69.8,36.7,2011,3,2
69.9,32.5,2011,3,1
70.1,33.5,2011,3,2
70.1,34.5,2011,3,2
70.4,34.9,2011,3,2
70.9,34.9,2011,3,1
71.1,34.5,2011,3,2
71.4,34,2011,3,2
71.6,33.8,2011,3,2
72,34,2011,3,2
72,34.1,2011,3,1
72.8,34.9,2011,3,1
74.1,33.8,2011,3,2
74.3,34.3,2011,3,1
74.4,34.2,2011,3,2
74.7,32.6,2011,3,1
75,33.6,2011,3,1
75.1,33.4,2011,3,1
75.1,33.9,2011,3,2
75.6,33.1,2011,3,2
-16.2,12.6,2011,2,1
-16,12.9,2011,2,1
1.2,36.2,2011,2,1
1.3,36.2,2011,2,1
1.9,36.6,2011,2,2
2.3,35.9,2011,2,1
3,28,2011,2,1
3.1,36.6,2011,2,1
4,36.6,2011,2,1
4.8,36.2,2011,2,1
5.7,21,2011,2,1
7.4,10.5,2011,2,1
10.3,10.3,2011,2,1
12.2,10.6,2011,2,2
13.6,11.9,2011,2,1
20.1,30.9,2011,2,1
34.3,31.2,2011,2,1
34.4,31.3,2011,2,1
35.9,35.1,2011,2,1
36,35.6,2011,2,2
36.1,33.7,2011,2,3
36.5,35.5,2011,2,1
36.6,35.8,2011,2,2
37.3,37.5,2011,2,2
38.8,39.9,2011,2,2
38.9,39.1,2011,2,2
40.1,44.5,2011,2,2
40.9,37.4,2011,2,2
41,38.8,2011,2,2
41,39.3,2011,2,2
41.2,37.1,2011,2,2
42,44.2,2011,2,2
42.2,37.7,2011,2,1
42.5,37.2,2011,2,1
43.1,38,2011,2,1
43.9,43.7,2011,2,2
44.1,37.4,2011,2,1
44.2,35.2,2011,2,1
44.4,43.1,2011,2,1
44.8,43.4,2011,2,1
44.9,13.1,2011,2,1
45.4,14,2011,2,1
46.5,14.5,2011,2,1
46.7,43.7,2011,2,1
46.8,43.6,2011,2,2
47.5,40.5,2011,2,3
47.6,42.7,2011,2,1
47.7,42.7,2011,2,1
47.9,42.6,2011,2,2
48.3,42.1,2011,2,2
49.6,14.8,2011,2,2
62,32.6,2011,2,1
62.1,32.6,2011,2,2
62.2,33.2,2011,2,1
62.2,33.8,2011,2,1
62.4,34.2,2011,2,1
62.9,31.6,2011,2,1
62.9,33,2011,2,1
63.2,35.5,2011,2,1
63.3,34.4,2011,2,1
64.3,35.9,2011,2,1
64.4,33.5,2011,2,2
64.5,35.7,2011,2,1
64.6,31.9,2011,2,1
64.7,31.7,2011,2,2
64.8,32.1,2011,2,1
64.8,35.9,2011,2,1
64.9,32.1,2011,2,1
65,32.3,2011,2,1
65.3,32.6,2011,2,1
65.5,31.5,2011,2,1
65.5,36.2,2011,2,1
65.7,31.2,2011,2,1
65.8,31.8,2011,2,1
65.8,37.5,2011,2,1
65.9,35.4,2011,2,1
66.2,32.9,2011,2,2
66.2,37.3,2011,2,1
66.3,31.3,2011,2,1
66.3,32.4,2011,2,1
66.4,36.2,2011,2,2
66.5,36.1,2011,2,1
66.7,32.8,2011,2,1
67.2,32.3,2011,2,1
67.4,31.7,2011,2,1
68,33.1,2011,2,1
68.2,28.3,2011,2,1
68.5,28.5,2011,2,1
68.5,33.2,2011,2,1
68.5,33.5,2011,2,2
68.6,33.4,2011,2,2
68.6,33.9,2011,2,2
68.7,33.2,2011,2,1
68.7,36.1,2011,2,1
68.8,32.9,2011,2,1
68.8,36.3,2011,2,1
69,36.7,2011,2,2
69,36.8,2011,2,1
69.1,34.2,2011,2,1
69.2,31.4,2011,2,1
69.2,34.8,2011,2,1
69.2,36.7,2011,2,1
69.3,34.3,2011,2,1
69.3,37.5,2011,2,1
69.4,30.2,2011,2,1
69.4,33.5,2011,2,2
69.4,34.8,2011,2,1
69.4,36.4,2011,2,2
69.7,34.6,2011,2,1
69.8,32.2,2011,2,1
69.8,32.5,2011,2,1
69.9,33.6,2011,2,1
70,33.2,2011,2,1
70,33.3,2011,2,1
70.1,32.3,2011,2,1
70.3,31.7,2011,2,1
70.3,34.7,2011,2,1
70.4,32.3,2011,2,1
70.6,34.7,2011,2,1
70.7,34.3,2011,2,2
70.8,35.3,2011,2,1
70.8,35.4,2011,2,1
70.9,34.4,2011,2,1
70.9,35.2,2011,2,1
71,34.6,2011,2,1
71,34.7,2011,2,1
71,34.8,2011,2,1
71.1,36.9,2011,2,1
71.2,34.1,2011,2,1
71.2,35.8,2011,2,1
71.3,34.7,2011,2,2
71.4,34.3,2011,2,1
71.5,33.4,2011,2,1
71.5,34.5,2011,2,1
71.6,34.4,2011,2,1
71.6,35.4,2011,2,1
71.7,33.7,2011,2,1
74.1,34.3,2011,2,2
74.3,33.7,2011,2,1
74.8,33.8,2011,2,1
74.8,34.3,2011,2,1
74.9,33.9,2011,2,1
74.9,34.3,2011,2,1
75.1,33.3,2011,2,1
75.2,33.3,2011,2,1
-16.4,12.5,2011,1,1
-16.2,13,2011,1,1
-14.7,18,2011,1,1
-13.4,17.6,2011,1,1
-9,24,2011,1,1
-7.3,54.6,2011,1,1
-0.8,34.5,2011,1,1
1.9,36.1,2011,1,1
2.1,36,2011,1,1
3.5,36.6,2011,1,1
3.9,36.4,2011,1,1
4,36.4,2011,1,1
4,36.5,2011,1,1
4.1,36.6,2011,1,1
4.7,36.1,2011,1,1
4.7,36.4,2011,1,1
4.8,36.1,2011,1,1
5.2,13.1,2011,1,1
6.4,36.7,2011,1,1
6.5,37,2011,1,1
6.6,27.9,2011,1,1
6.8,36.8,2011,1,1
6.9,33.3,2011,1,1
7.5,35.2,2011,1,1
8.7,10.4,2011,1,1
10.2,36.3,2011,1,1
10.5,12.1,2011,1,1
12.5,32,2011,1,1
24,19.5,2011,1,1
27.6,37.1,2011,1,1
30,10.9,2011,1,1
34.6,31.7,2011,1,1
35.1,31.5,2011,1,1
35.2,32.4,2011,1,1
35.9,40.7,2011,1,1
36.2,33.8,2011,1,1
36.2,37.1,2011,1,1
36.3,33.5,2011,1,1
36.5,35.8,2011,1,1
36.7,33.6,2011,1,1
37,37.9,2011,1,1
37.2,36.2,2011,1,1
37.3,37,2011,1,1
37.4,38,2011,1,1
37.6,36.2,2011,1,1
37.8,40.5,2011,1,1
39.2,39.4,2011,1,1
39.8,38.3,2011,1,1
39.9,39.5,2011,1,1
40.7,37.8,2011,1,1
41,38.6,2011,1,1
41.3,37.4,2011,1,1
41.7,37.9,2011,1,1
41.9,37.3,2011,1,1
42.8,33.6,2011,1,1
42.8,41.1,2011,1,1
43.4,38.3,2011,1,1
43.4,43.6,2011,1,1
43.5,33.4,2011,1,1
43.5,43.5,2011,1,2
43.9,17.1,2011,1,1
43.9,33.4,2011,1,1
43.9,35.3,2011,1,1
44,34.4,2011,1,1
44,35.2,2011,1,1
44,38.1,2011,1,1
44,43.8,2011,1,1
44.2,38.7,2011,1,1
44.5,36.6,2011,1,1
44.6,43.5,2011,1,2
44.9,34,2011,1,1
44.9,36.6,2011,1,1
45,36.5,2011,1,1
45,43,2011,1,1
45,43.1,2011,1,1
45,43.3,2011,1,2
45.1,33.7,2011,1,1
45.3,43.3,2011,1,1
45.3,43.6,2011,1,1
45.4,43.1,2011,1,1
45.9,42.2,2011,1,2
45.9,43,2011,1,1
46.1,42.7,2011,1,1
46.3,35.2,2011,1,1
46.3,42.2,2011,1,1
46.5,43.2,2011,1,1
46.6,40,2011,1,1
46.7,43.8,2011,1,3
46.9,40,2011,1,1
47,43.9,2011,1,1
47.1,42.8,2011,1,1
47.7,42.4,2011,1,2
47.7,42.5,2011,1,2
48.1,42.1,2011,1,1
48.8,15.9,2011,1,1
60.9,29.5,2011,1,1
61.2,34.2,2011,1,1
61.3,33,2011,1,1
61.6,34.4,2011,1,1
61.8,34.4,2011,1,1
61.9,33.3,2011,1,1
62,33.7,2011,1,1
62,34.6,2011,1,1
62.1,32.4,2011,1,1
62.2,32.6,2011,1,1
62.3,34.3,2011,1,1
62.6,32.7,2011,1,1
63,35.2,2011,1,1
63.1,35.1,2011,1,1
63.7,34.3,2011,1,1
63.9,35.6,2011,1,1
64.1,31.5,2011,1,1
64.3,31.6,2011,1,2
64.5,31.7,2011,1,1
64.8,35.8,2011,1,1
65,36.8,2011,1,1
65.2,32,2011,1,1
65.3,31.4,2011,1,1
65.6,31.5,2011,1,1
65.6,31.7,2011,1,1
65.6,33.2,2011,1,1
65.6,36,2011,1,1
65.7,31.5,2011,1,2
65.8,36.1,2011,1,1
65.8,36.4,2011,1,1
65.8,36.7,2011,1,1
65.9,36.3,2011,1,1
65.9,36.4,2011,1,1
66,32.9,2011,1,1
66.1,36.2,2011,1,1
66.2,35.8,2011,1,1
66.4,31.9,2011,1,1
66.5,36.7,2011,1,1
66.6,36.6,2011,1,1
66.7,31.7,2011,1,1
66.9,36,2011,1,1
67.2,31.6,2011,1,1
67.6,31.6,2011,1,1
67.7,36,2011,1,1
68,36.3,2011,1,1
68.1,33.7,2011,1,1
68.3,33.7,2011,1,1
68.3,33.8,2011,1,1
68.4,33.2,2011,1,1
68.4,33.6,2011,1,1
68.6,33.7,2011,1,1
68.6,34.5,2011,1,1
68.6,36.7,2011,1,1
68.7,34.5,2011,1,1
68.7,35.9,2011,1,1
68.8,34.2,2011,1,1
68.9,33.7,2011,1,1
68.9,36.8,2011,1,1
69,32.7,2011,1,1
69,32.8,2011,1,1
69,33.5,2011,1,1
69,36,2011,1,1
69,36.6,2011,1,1
69.1,33,2011,1,1
69.1,35,2011,1,1
69.1,35.9,2011,1,1
69.2,32.5,2011,1,1
69.2,33.7,2011,1,1
69.2,34.4,2011,1,1
69.2,36.2,2011,1,1
69.3,32.1,2011,1,1
69.3,34.7,2011,1,1
69.3,36.3,2011,1,1
69.4,33.8,2011,1,1
69.4,35,2011,1,1
69.4,35.7,2011,1,1
69.5,33.7,2011,1,1
69.5,37.5,2011,1,1
69.6,32.3,2011,1,2
69.6,33.3,2011,1,1
69.6,35.4,2011,1,1
69.7,33.9,2011,1,1
69.7,37.4,2011,1,1
69.8,33.3,2011,1,1
69.8,34.2,2011,1,1
70,33.4,2011,1,1
70.1,33.6,2011,1,1
70.4,32.2,2011,1,1
70.4,33,2011,1,1
70.4,34.4,2011,1,1
70.4,37.1,2011,1,1
70.5,34.5,2011,1,1
70.7,35,2011,1,1
70.8,39.2,2011,1,1
71.1,34.7,2011,1,1
71.2,34.4,2011,1,1
71.3,34.8,2011,1,1
71.3,35,2011,1,1
71.4,33.7,2011,1,1
71.5,34,2011,1,1
71.8,35,2011,1,1
71.8,35.9,2011,1,1
72.1,34,2011,1,1
72.1,34.3,2011,1,1
72.2,34,2011,1,1
72.5,34.8,2011,1,1
73.1,33.7,2011,1,1
73.2,31.2,2011,1,1
73.9,34.6,2011,1,1
74,33.6,2011,1,1
74.1,33.2,2011,1,1
74.4,33.5,2011,1,1
74.4,34.3,2011,1,2
74.4,34.5,2011,1,1
74.7,34.4,2011,1,1
74.8,32.8,2011,1,1
74.8,34.6,2011,1,1
75,33.3,2011,1,1
75,33.9,2011,1,1
75.1,32.9,2011,1,1
75.4,13,2011,1,1
75.5,33.1,2011,1,1
75.5,33.5,2011,1,1
75.6,33.3,2011,1,1
76,33.1,2011,1,1
-15.5,12.8,2011,0,1
4.6,12.4,2011,0,1
10.4,11,2011,0,1
12.6,11.8,2011,0,1
13,11.5,2011,0,2
13.8,12,2011,0,1
25,13,2011,0,2
36.1,33,2011,0,1
36.2,36.6,2011,0,1
41.5,43,2011,0,1
42.4,38.3,2011,0,1
42.5,43.9,2011,0,1
43.5,44.7,2011,0,1
43.9,43.6,2011,0,2
44.1,43.6,2011,0,1
44.7,43.2,2011,0,1
44.8,43.7,2011,0,1
45.1,43.2,2011,0,1
45.3,15.5,2011,0,2
45.4,35.6,2011,0,1
45.7,43,2011,0,1
45.8,43.4,2011,0,1
46.1,42.9,2011,0,1
46.6,43.8,2011,0,1
46.7,43.3,2011,0,2
47.6,42.3,2011,0,1
47.6,42.8,2011,0,1
47.9,41.8,2011,0,1
48,42,2011,0,1
48,42.4,2011,0,1
48.1,42.2,2011,0,1
61.9,31,2011,0,1
62,25.3,2011,0,1
62,25.6,2011,0,1
62.6,32.8,2011,0,1
63.8,35.8,2011,0,1
66.7,32.2,2011,0,1
68.8,29.6,2011,0,1
69.3,34.9,2011,0,1
69.5,32.2,2011,0,1
69.5,32.8,2011,0,1
69.6,32.6,2011,0,1
69.6,33,2011,0,1
69.8,33,2011,0,1
70,32.5,2011,0,1
70.1,33.9,2011,0,1
70.2,34.3,2011,0,1
70.3,34.1,2011,0,1
70.6,31.9,2011,0,1
70.6,34,2011,0,1
71.2,33.9,2011,0,1
38,35,2012,10070,106
37.2,36.2,2012,3338,309
36.7,34.7,2012,2722,405
36.3,33.5,2012,2623,564
36.4,33.5,2012,1884,632
36.4,33.6,2012,1711,446
36.2,33.5,2012,1508,283
40.1,35.3,2012,1286,235
36.7,35.8,2012,1231,281
37.6,36.2,2012,1153,251
40.3,35.2,2012,870,244
37.4,33.5,2012,851,211
38.3,34.5,2012,811,210
36.7,35.6,2012,794,221
65,33,2012,712,73
45.4,13.1,2012,683,55
36.3,32.8,2012,675,83
36.2,32.9,2012,667,209
30,11,2012,600,36
36.7,34.9,2012,578,170
36.3,33.4,2012,573,189
36.6,34.5,2012,518,210
36.8,35.1,2012,518,174
45.9,13.9,2012,496,34
37.2,35.2,2012,470,164
36.6,35.8,2012,434,158
36.1,32.6,2012,424,158
36.7,34.8,2012,360,139
45.3,13.2,2012,343,30
36.6,35.9,2012,341,97
36.8,35.9,2012,340,113
36.6,35.6,2012,310,87
64,31,2012,308,139
40.5,35,2012,298,73
36.6,35.3,2012,291,71
36.5,35.7,2012,279,90
36.3,33.6,2012,271,43
36.5,33.5,2012,270,95
36.7,35.4,2012,265,90
36.1,32.7,2012,260,101
36.1,33.7,2012,251,118
44.6,37.3,2012,234,20
65.8,31,2012,222,102
40.9,34.5,2012,221,62
8.5,12,2012,220,25
13.2,11.8,2012,214,66
71.5,34.9,2012,213,13
37.5,36.4,2012,212,42
37.4,36.1,2012,204,37
36.5,34.9,2012,192,72
67.8,33.3,2012,190,75
36.9,36.3,2012,186,47
70.7,33.8,2012,186,16
12,11.7,2012,185,18
36.5,36.2,2012,185,40
36.8,36,2012,183,39
36.2,33.4,2012,182,69
71,33.6,2012,182,24
37,36.6,2012,180,46
36.8,36.1,2012,172,58
36,35.6,2012,171,65
69.2,34,2012,171,64
70.6,33.6,2012,164,8
36.5,35.3,2012,160,8
71.1,35,2012,155,40
69.4,34.5,2012,153,46
44.4,33.3,2012,149,32
38.9,36,2012,146,48
45.7,13.4,2012,146,13
36.4,35.4,2012,144,60
37.1,36.5,2012,143,29
34.5,31.5,2012,142,82
70.8,33.7,2012,141,14
70.4,34.3,2012,140,48
0.9,19.5,2012,139,5
37.2,36.3,2012,138,21
24.9,13.5,2012,137,1
36.5,32.5,2012,137,63
36.2,32.8,2012,134,49
36.5,36.1,2012,134,48
71.5,33.9,2012,134,13
37.1,36.3,2012,131,71
44.2,15.4,2012,130,13
66,32.8,2012,126,39
36.2,32.6,2012,124,74
71.6,34,2012,124,28
25.5,16,2012,121,8
36.7,34,2012,120,51
36.4,33.4,2012,119,54
67.2,32.2,2012,118,50
36.6,35.7,2012,117,51
69.3,33.7,2012,117,41
36.7,35.3,2012,115,40
68,34.2,2012,115,47
70.7,33.6,2012,115,10
36.4,33.8,2012,114,45
36.7,36,2012,112,62
37,36.2,2012,112,55
35.9,33.1,2012,107,36
68.8,36.8,2012,107,38
69.9,33.4,2012,105,40
71,33.7,2012,105,13
36.2,33.6,2012,103,17
36.6,34.6,2012,103,41
65.7,31.6,2012,102,27
36.3,35.9,2012,101,45
36.5,35.4,2012,101,46
36.1,32.8,2012,99,53
36.1,33,2012,98,45
36.1,35.7,2012,98,51
44.8,43.7,2012,98,6
37,36.3,2012,95,40
34.4,11.8,2012,93,2
72,35.3,2012,93,11
36.1,35.6,2012,92,11
36.7,35.9,2012,92,31
36.8,35.8,2012,92,21
40.1,36.9,2012,92,6
70.7,33.7,2012,92,11
36.3,32.6,2012,91,43
70.1,33,2012,84,15
68.8,32.4,2012,83,27
36.1,33.4,2012,81,42
36.7,33.6,2012,79,42
36.6,35.5,2012,76,28
64.6,31.8,2012,76,33
70.2,34.8,2012,75,24
40.4,35,2012,74,9
36,32.7,2012,73,31
42.6,36.2,2012,73,3
25.4,14.2,2012,72,3
36.4,35.7,2012,71,19
36.6,33.5,2012,71,27
36.2,35.8,2012,69,22
36.7,34.6,2012,69,24
36.8,35.5,2012,69,32
71.3,35.5,2012,69,6
36.2,32.7,2012,67,40
40.4,35.2,2012,67,17
64.7,32.5,2012,67,8
36.1,33.1,2012,66,17
47.5,43,2012,66,31
62.5,32.5,2012,66,27
36.3,34.8,2012,65,19
36.2,35.6,2012,64,22
36.4,35.9,2012,64,16
36.3,35.7,2012,63,9
35.8,33.2,2012,62,7
36.3,32.7,2012,62,26
36.8,34.9,2012,62,31
71.2,34.9,2012,62,10
36.9,36.1,2012,61,18
70.3,33.7,2012,61,10
36.5,35.8,2012,60,35
36.6,35.2,2012,60,19
36.6,35.4,2012,60,27
36.4,32.9,2012,59,21
36.1,33.6,2012,58,16
36.9,36.2,2012,58,37
63.6,32.6,2012,58,5
35.9,32.8,2012,57,24
43.6,37.3,2012,57,7
69,35.8,2012,57,20
38.9,36.4,2012,56,3
64.8,35.9,2012,56,4
36.2,35.9,2012,55,5
36.6,33.4,2012,55,18
47.5,14.3,2012,53,4
36.7,35.5,2012,52,24
36.5,35.6,2012,51,16
61.9,31,2012,51,4
71.2,36.8,2012,51,8
36.3,34.7,2012,50,31
36.5,35.9,2012,50,11
38,36.5,2012,50,11
40.2,35.4,2012,50,17
41.2,37.1,2012,50,4
43.2,37.6,2012,50,7
70.2,33,2012,50,10
71.5,34.8,2012,50,3
34.4,31.4,2012,49,26
38.5,35.8,2012,49,15
64.8,32.2,2012,48,6
36.5,33.6,2012,47,20
38.6,34.4,2012,47,11
42.6,37.4,2012,47,10
69.5,32.6,2012,47,8
29.7,11,2012,46,8
37,35.7,2012,46,7
63.8,35.7,2012,46,7
36,32.9,2012,45,17
44.1,37.4,2012,45,2
45,12.8,2012,45,9
63.9,31.6,2012,45,23
64,32.1,2012,45,7
69.6,32.3,2012,45,11
69.6,35,2012,45,13
69.9,33.3,2012,45,6
36.4,32.5,2012,44,17
36.3,35.8,2012,43,21
36.8,36.2,2012,43,14
40.8,39.1,2012,43,6
44.6,33.7,2012,43,20
45.6,14,2012,43,4
64.8,36.2,2012,43,16
70.9,33.6,2012,43,3
70.9,35,2012,43,11
71.4,33.9,2012,43,3
36,35.7,2012,42,11
44.4,35.5,2012,42,12
62.5,31,2012,42,19
69.7,34.8,2012,42,10
70.9,33.9,2012,42,8
24.7,11.5,2012,41,6
36.4,36,2012,41,11
36.8,35.4,2012,41,6
36.2,33,2012,40,19
44.8,13.4,2012,40,2
62,34.5,2012,40,18
63.2,32.4,2012,40,3
69.7,32.3,2012,40,4
70.2,34.7,2012,40,12
70.5,34.4,2012,40,7
36.4,35.8,2012,39,22
44.3,33.5,2012,38,3
45.2,13.2,2012,38,1
64.7,35.7,2012,38,2
65.9,31.5,2012,38,3
66.2,35.8,2012,38,16
69.2,34.5,2012,38,6
36,35.8,2012,37,21
36.8,35.6,2012,37,9
37,36.5,2012,37,19
40.4,35.1,2012,37,14
46.1,13.8,2012,37,2
64.4,31.6,2012,37,13
68.7,33.9,2012,37,10
71,33.8,2012,37,8
36.5,35.5,2012,36,15
36.7,36.1,2012,36,17
37.2,36.5,2012,36,22
49.1,14.5,2012,36,7
69,34,2012,36,10
36,33.1,2012,35,13
36.7,36.2,2012,35,13
62.5,32.6,2012,35,9
36.1,35.8,2012,34,4
36.2,35.7,2012,34,17
46.6,14.2,2012,34,4
33.4,11.4,2012,33,1
36.4,33.1,2012,33,4
37.1,36.6,2012,33,4
42.4,34.1,2012,33,2
62.8,32.8,2012,33,6
69.5,32.2,2012,33,3
29.5,14.5,2012,32,3
36.4,35.5,2012,32,19
37.6,33.4,2012,32,19
40.6,34.9,2012,32,12
11.1,11.7,2012,31,8
36.6,34.4,2012,31,17
40.1,35.4,2012,31,13
40.5,35.1,2012,31,12
7.6,10.8,2012,30,1
36.7,35.7,2012,30,14
38.2,35.8,2012,30,7
65.9,32.6,2012,30,12
67,30.2,2012,30,13
69.8,32.6,2012,30,8
72,36.8,2012,30,10
35.9,33,2012,29,9
36,32.8,2012,29,15
36.5,34.5,2012,29,17
36.9,35.3,2012,29,3
37.3,36.2,2012,29,9
44.1,37.5,2012,29,5
49,16,2012,29,5
64.7,31.9,2012,29,8
70.9,33.7,2012,29,7
71.1,34,2012,29,6
34.3,31.3,2012,28,16
41,34.4,2012,28,3
45.3,15.5,2012,28,2
36.3,36.6,2012,27,3
40.2,35.3,2012,27,18
42.3,37.4,2012,27,3
46.4,43.2,2012,27,5
65,32.2,2012,27,2
65.5,32,2012,27,6
66,32.1,2012,27,4
30,10.6,2012,26,3
31.4,12.2,2012,26,3
34,11.5,2012,26,1
40.1,36.8,2012,26,2
62.9,32.2,2012,26,6
66.6,31.5,2012,26,4
70.3,33.5,2012,26,2
70.9,34,2012,26,1
3.6,36.7,2012,25,6
34,11.2,2012,25,1
36.3,36,2012,25,4
36.7,35.2,2012,25,8
36.7,36.4,2012,25,3
43.3,33.4,2012,25,4
45.3,13.3,2012,25,3
65.4,31.6,2012,25,15
67,36.8,2012,25,11
68,33.2,2012,25,4
70.1,32.9,2012,25,4
71.3,35.2,2012,25,6
3.7,36.8,2012,24,9
30.9,10.5,2012,24,1
33.6,11.9,2012,24,1
36.2,33.1,2012,24,13
36.4,35.6,2012,24,20
37.3,36.1,2012,24,8
38.2,36.4,2012,24,6
40.9,36.5,2012,24,10
67.4,32.5,2012,24,3
68.4,33.3,2012,24,10
68.8,34.4,2012,24,6
70.1,34.2,2012,24,10
70.3,33,2012,24,5
70.5,33.2,2012,24,2
70.8,34.3,2012,24,7
31.3,12.2,2012,23,1
36.6,34.9,2012,23,7
37.1,36.1,2012,23,9
47,15,2012,23,2
65,32.1,2012,23,12
65,32.4,2012,23,3
65,34,2012,23,7
67.8,32.9,2012,23,5
68,36.3,2012,23,1
70,32.6,2012,23,2
34.2,31.3,2012,22,11
37.3,36.5,2012,22,8
39.5,39.1,2012,22,6
40.3,34.9,2012,22,17
68.9,33.9,2012,22,8
70.1,34.8,2012,22,5
71.7,33.7,2012,22,1
-3,20,2012,21,2
36.3,33.7,2012,21,9
37.5,36.3,2012,21,17
39,36,2012,21,11
44.4,32.5,2012,21,1
68.7,34,2012,21,2
68.7,36.3,2012,21,3
69.1,28.9,2012,21,25
69.2,33.2,2012,21,1
71.3,34,2012,21,6
74.1,34.3,2012,21,7
2.2,22.6,2012,20,1
36.2,33.3,2012,20,6
36.3,35.5,2012,20,8
37.1,35.3,2012,20,3
38.9,35.9,2012,20,1
40.8,34.6,2012,20,4
42.9,37.4,2012,20,4
43.1,36.3,2012,20,7
43.6,43.5,2012,20,17
44.1,34,2012,20,3
61.3,31.7,2012,20,2
62,34,2012,20,3
64.2,31.9,2012,20,1
64.8,36.3,2012,20,2
65.8,36.8,2012,20,6
68.5,34.1,2012,20,7
69.7,32.9,2012,20,5
70.8,33.9,2012,20,3
71,34.5,2012,20,1
36.7,34.2,2012,19,15
37.3,36.3,2012,19,3
38,36.8,2012,19,10
49.2,11,2012,19,2
62.1,32.5,2012,19,2
63.8,35,2012,19,8
64.6,31.7,2012,19,5
64.7,32.3,2012,19,3
64.8,32.4,2012,19,5
64.8,35.8,2012,19,3
66.7,37,2012,19,1
68.4,33.5,2012,19,7
69.9,33.8,2012,19,5
70,33,2012,19,4
71.2,34.6,2012,19,3
71.3,35.8,2012,19,4
37,36,2012,18,7
40.1,35.5,2012,18,2
40.7,35.5,2012,18,3
65.2,31.1,2012,18,13
68.7,32.9,2012,18,3
68.8,33.9,2012,18,1
68.9,36.7,2012,18,2
70,33.4,2012,18,3
71,34.3,2012,18,3
36.8,35.3,2012,17,12
37.4,36.6,2012,17,1
37.7,36.2,2012,17,9
40.7,35.6,2012,17,3
42.4,38.3,2012,17,2
44.2,34.1,2012,17,2
44.4,33.7,2012,17,4
45,15.5,2012,17,1
46.6,43.3,2012,17,14
70.6,33,2012,17,2
71.5,35.3,2012,17,6
71.9,34.9,2012,17,3
36.5,33.4,2012,16,9
37,35.8,2012,16,4
37.5,35.8,2012,16,3
40.7,34.8,2012,16,3
43.9,34.2,2012,16,8
62.1,32.4,2012,16,5
64.3,35.6,2012,16,3
64.8,32.1,2012,16,6
65,34.1,2012,16,2
65.1,32.3,2012,16,1
65.5,32.6,2012,16,4
65.6,28.5,2012,16,6
67,24.9,2012,16,9
67.5,30.4,2012,16,2
69.7,33.6,2012,16,1
69.8,31.9,2012,16,4
70.2,34.2,2012,16,4
39,36.7,2012,15,8
40.6,38.8,2012,15,4
48.6,15.9,2012,15,4
64,32.3,2012,15,2
64.1,30.9,2012,15,3
65.4,31.5,2012,15,6
68.8,34.3,2012,15,5
69.2,33.6,2012,15,3
70.1,33.4,2012,15,2
70.4,37.1,2012,15,2
74.2,34.4,2012,15,5
-8,12.7,2012,14,1
36.6,33.9,2012,14,2
36.9,34.9,2012,14,10
36.9,36.5,2012,14,3
37,36.4,2012,14,10
40.2,35.2,2012,14,5
40.8,34.7,2012,14,6
44.8,14.4,2012,14,5
46.1,13.9,2012,14,4
62.7,26.4,2012,14,1
64.1,31.3,2012,14,7
64.3,31.6,2012,14,3
64.6,32.3,2012,14,1
65,32.5,2012,14,11
68.8,33.2,2012,14,2
69.7,34,2012,14,4
71,35.2,2012,14,5
71.1,36.9,2012,14,1
71.3,33.9,2012,14,3
71.7,33.6,2012,14,3
74.5,34.3,2012,14,8
-8.1,12.7,2012,13,1
35.9,32.7,2012,13,3
36,33.4,2012,13,10
36.3,33,2012,13,8
36.4,35.3,2012,13,6
36.7,34.1,2012,13,10
37.4,35,2012,13,8
39.9,35.5,2012,13,4
40,35.5,2012,13,6
40.6,35.3,2012,13,1
44,32.6,2012,13,1
44.6,43.5,2012,13,5
62.1,32.8,2012,13,5
62.2,33.2,2012,13,6
63,35.2,2012,13,3
63.3,34.4,2012,13,2
69.3,34.9,2012,13,4
69.9,33.5,2012,13,6
71.3,35,2012,13,2
4.7,23.8,2012,12,4
11.2,10.3,2012,12,1
25.5,13.3,2012,12,2
36.5,35.2,2012,12,2
36.9,36,2012,12,4
37.9,36.1,2012,12,8
39.2,36.5,2012,12,8
40.8,35.8,2012,12,2
44.8,14.5,2012,12,1
44.8,43.2,2012,12,5
62.4,33.2,2012,12,6
64.3,36,2012,12,3
64.5,31.8,2012,12,3
64.7,31.7,2012,12,1
66.3,32.9,2012,12,5
68.1,32.6,2012,12,3
68.9,33.7,2012,12,4
69.8,34.9,2012,12,2
71.4,34.3,2012,12,2
-4,15.9,2012,11,1
4.2,36.8,2012,11,8
5.2,13.1,2012,11,2
34,11.4,2012,11,2
36.4,32.7,2012,11,5
36.9,35,2012,11,7
39.1,36.6,2012,11,2
40.3,35.3,2012,11,7
40.5,34.5,2012,11,12
40.7,36.1,2012,11,4
43.6,43.4,2012,11,6
45,34,2012,11,4
45.4,14.3,2012,11,4
46.2,43,2012,11,4
46.7,16,2012,11,2
46.7,43.2,2012,11,3
62.9,31.7,2012,11,4
64.1,31.5,2012,11,7
64.3,31.4,2012,11,1
67.3,31.4,2012,11,4
68.6,36.3,2012,11,6
68.9,35,2012,11,5
69.1,34,2012,11,5
69.3,34.5,2012,11,2
69.6,33,2012,11,2
69.8,36.7,2012,11,5
70.4,34.8,2012,11,5
70.4,34.9,2012,11,2
71.3,34.8,2012,11,1
72.4,33.9,2012,11,1
35.9,33.2,2012,10,5
37.2,34.2,2012,10,8
37.4,35.1,2012,10,2
37.4,37.1,2012,10,1
39,36.5,2012,10,5
40.7,34.7,2012,10,1
41,34.5,2012,10,3
41.8,37,2012,10,1
44.1,16.5,2012,10,1
44.8,14.6,2012,10,3
45.1,43,2012,10,3
45.4,15.5,2012,10,2
47.6,42.7,2012,10,2
62.4,32.6,2012,10,1
63.3,35.6,2012,10,3
64.2,31.5,2012,10,4
64.3,31.5,2012,10,3
65.6,31.6,2012,10,1
65.8,36.7,2012,10,3
67.2,36.4,2012,10,1
67.7,36,2012,10,2
68.1,32.9,2012,10,2
68.7,33.5,2012,10,2
68.9,37.1,2012,10,3
69.6,32.7,2012,10,2
69.6,34.9,2012,10,3
69.8,34.3,2012,10,4
70.4,33.7,2012,10,2
70.5,33.8,2012,10,2
3.7,36.7,2012,9,7
7,35,2012,9,1
8.4,11.2,2012,9,1
24.8,13.2,2012,9,2
35.9,33.3,2012,9,2
36,33,2012,9,6
36.1,33.3,2012,9,4
36.4,32.8,2012,9,3
36.6,36.1,2012,9,9
36.8,34.4,2012,9,5
36.8,34.8,2012,9,4
36.8,35.7,2012,9,6
37,35.4,2012,9,4
37.1,34.2,2012,9,3
37.6,36.4,2012,9,5
38,36,2012,9,6
38.3,35.5,2012,9,2
39.3,36.4,2012,9,1
40.8,34.9,2012,9,1
41,39.3,2012,9,1
43.5,34.9,2012,9,3
44.3,37.6,2012,9,4
45.2,40.9,2012,9,5
45.7,43.3,2012,9,4
46.8,43.9,2012,9,1
47,43.9,2012,9,1
47.8,42.4,2012,9,2
64.3,34.4,2012,9,1
64.4,31.8,2012,9,3
64.6,31.6,2012,9,1
64.7,31.8,2012,9,4
64.9,31.6,2012,9,3
65.3,35.6,2012,9,1
65.4,33,2012,9,1
65.5,32.9,2012,9,6
67.6,32.7,2012,9,4
68.4,33.6,2012,9,4
68.5,33.3,2012,9,1
68.6,32.9,2012,9,1
68.6,33.9,2012,9,3
68.7,34.5,2012,9,2
68.9,34,2012,9,2
69,34.6,2012,9,1
69.1,34.1,2012,9,3
69.2,37,2012,9,4
69.4,33.4,2012,9,4
69.5,32.8,2012,9,1
69.9,33,2012,9,2
70,34.2,2012,9,4
70.6,33.7,2012,9,3
71.1,33.5,2012,9,3
71.3,34.4,2012,9,4
74.3,31.5,2012,9,1
74.3,34.4,2012,9,5
3.5,36.6,2012,8,2
4.3,36.7,2012,8,2
6.3,36.8,2012,8,2
35.9,35.7,2012,8,6
36.9,35.8,2012,8,4
37.1,36.2,2012,8,4
39.3,35.8,2012,8,4
39.9,35.6,2012,8,2
41.8,37.2,2012,8,2
43.6,34.5,2012,8,2
44.3,37.2,2012,8,1
45.4,15.4,2012,8,5
46.2,42.7,2012,8,1
48.5,15.8,2012,8,2
62,25.6,2012,8,3
62.1,25.1,2012,8,1
62.2,33.8,2012,8,2
62.6,34.9,2012,8,2
62.7,32.6,2012,8,1
63.3,32,2012,8,3
63.4,35.5,2012,8,1
64.2,31.7,2012,8,3
64.4,33.5,2012,8,2
64.4,36,2012,8,1
64.5,32.5,2012,8,4
65.1,36.5,2012,8,2
66,32,2012,8,2
68.5,32.7,2012,8,3
68.6,33.8,2012,8,2
68.6,34.1,2012,8,4
68.7,36.1,2012,8,2
68.9,29.1,2012,8,4
68.9,32.4,2012,8,3
68.9,34.4,2012,8,3
69.1,36.7,2012,8,2
69.3,33.8,2012,8,1
69.4,33.3,2012,8,1
69.5,32.4,2012,8,1
69.5,35,2012,8,1
69.8,32.5,2012,8,1
69.9,34.6,2012,8,2
70,32.7,2012,8,1
70.2,34.5,2012,8,2
70.7,34.1,2012,8,3
70.9,31.8,2012,8,1
71.4,33.6,2012,8,2
71.4,34,2012,8,2
71.6,33.8,2012,8,2
74.1,32.4,2012,8,1
-16.3,12.6,2012,7,2
3.5,36.8,2012,7,2
12.2,10.6,2012,7,2
24.3,13.1,2012,7,1
35.9,35.2,2012,7,3
35.9,35.8,2012,7,3
36.2,35,2012,7,3
36.4,36.2,2012,7,1
36.5,34.4,2012,7,6
37.2,36.1,2012,7,4
37.5,35,2012,7,2
40.2,36.7,2012,7,6
40.6,38.5,2012,7,2
43.5,43.7,2012,7,6
43.8,33.4,2012,7,3
44.7,43.1,2012,7,2
45,13,2012,7,2
45.5,13.1,2012,7,1
46.6,43.4,2012,7,3
47.6,42.6,2012,7,3
47.6,42.9,2012,7,4
64.4,31.7,2012,7,2
65.6,36,2012,7,2
65.9,31.8,2012,7,1
65.9,36.3,2012,7,2
66.3,32.4,2012,7,1
66.5,31,2012,7,1
66.9,32.1,2012,7,4
68.1,28.6,2012,7,7
69,33.1,2012,7,2
69.1,36.6,2012,7,3
69.6,32.1,2012,7,1
69.7,34.9,2012,7,3
70.1,37.5,2012,7,1
70.8,34.2,2012,7,6
70.8,35.3,2012,7,4
71.1,34.8,2012,7,3
71.3,34.5,2012,7,4
71.4,34.5,2012,7,1
72,34,2012,7,1
74,34.1,2012,7,2
76,33.5,2012,7,4
-0,16.3,2012,6,2
3.7,36.9,2012,6,3
3.9,36.7,2012,6,3
4.1,36.9,2012,6,2
11.2,10.2,2012,6,1
34.4,31.5,2012,6,3
36.2,33.2,2012,6,3
36.3,32.5,2012,6,4
36.3,33.1,2012,6,1
36.3,55.5,2012,6,1
36.4,34,2012,6,4
36.5,34.6,2012,6,5
36.9,35.6,2012,6,5
37.2,34.1,2012,6,1
37.2,36.4,2012,6,2
37.4,36.3,2012,6,3
37.5,35.6,2012,6,2
39.2,39.4,2012,6,3
40.7,36.5,2012,6,3
40.7,38.5,2012,6,3
42.2,37.7,2012,6,2
44.3,17.2,2012,6,2
44.6,33.1,2012,6,1
44.6,34.9,2012,6,4
45.2,14.3,2012,6,1
45.5,14.9,2012,6,1
45.6,44.7,2012,6,1
45.8,42.2,2012,6,1
46.1,43,2012,6,1
46.4,14.5,2012,6,1
46.7,43.9,2012,6,2
47.5,40.5,2012,6,2
49.6,14.8,2012,6,2
62,33.7,2012,6,4
62.1,33.3,2012,6,3
63.1,26,2012,6,8
63.6,34.8,2012,6,2
63.6,35.6,2012,6,2
64.8,31.7,2012,6,1
64.9,32.1,2012,6,3
65,31.6,2012,6,5
65.1,35.1,2012,6,2
65.3,31.5,2012,6,3
65.9,32.2,2012,6,2
66.4,33.1,2012,6,1
66.5,31.9,2012,6,2
66.6,31.2,2012,6,1
66.7,31.2,2012,6,1
67.2,31.6,2012,6,1
67.6,35.1,2012,6,1
68.3,33.1,2012,6,3
68.4,33.8,2012,6,3
68.8,32.9,2012,6,2
68.9,33.3,2012,6,2
68.9,33.8,2012,6,4
69,33.4,2012,6,3
69,36,2012,6,2
69.2,34.1,2012,6,1
69.6,32.5,2012,6,1
69.7,34.6,2012,6,1
70,33.3,2012,6,2
70.1,34.9,2012,6,2
70.4,34.1,2012,6,1
70.5,34.1,2012,6,2
70.9,34.7,2012,6,2
72.5,34.5,2012,6,1
74.9,34.3,2012,6,2
1,20.2,2012,5,4
3.6,36.6,2012,5,3
4.4,34.2,2012,5,1
11,12.9,2012,5,2
13.9,12,2012,5,1
14.5,12,2012,5,1
14.5,12.3,2012,5,1
36,35.9,2012,5,4
36.2,34.7,2012,5,2
36.3,35.4,2012,5,4
36.4,32.6,2012,5,5
36.4,33.7,2012,5,3
36.4,33.9,2012,5,5
36.6,33.7,2012,5,4
36.7,33.8,2012,5,2
36.7,33.9,2012,5,2
36.7,34.5,2012,5,4
36.9,32.8,2012,5,5
37,35,2012,5,3
37.1,34.9,2012,5,1
37.2,35.9,2012,5,3
37.5,34.9,2012,5,1
37.8,35.4,2012,5,2
38,36.2,2012,5,1
38.3,34.6,2012,5,4
38.9,36.7,2012,5,1
39.2,36.4,2012,5,3
40.5,35.3,2012,5,3
41.5,38.2,2012,5,1
42.3,38.5,2012,5,1
42.9,43.4,2012,5,1
43.1,44.2,2012,5,1
43.6,34.8,2012,5,1
43.6,37.2,2012,5,1
43.9,43.7,2012,5,2
44,35.6,2012,5,1
44.2,35.2,2012,5,1
44.4,35.1,2012,5,1
44.7,43.2,2012,5,3
44.8,13.9,2012,5,2
44.8,43.4,2012,5,1
46.7,43.3,2012,5,3
46.8,14,2012,5,1
46.9,14.3,2012,5,1
46.9,43.3,2012,5,2
47.4,14.4,2012,5,1
47.7,16,2012,5,1
49.1,55.8,2012,5,2
60.9,29.5,2012,5,1
61.3,35.4,2012,5,1
62.5,34.9,2012,5,1
62.7,32.7,2012,5,1
63.1,35,2012,5,2
64.9,34.4,2012,5,1
65,32.3,2012,5,2
65.1,32,2012,5,1
65.3,32.5,2012,5,1
65.4,36,2012,5,2
65.5,33.5,2012,5,1
65.9,36.4,2012,5,2
66.3,31.1,2012,5,1
66.4,31,2012,5,2
67.2,34.8,2012,5,1
67.6,32.6,2012,5,1
68.3,33.8,2012,5,2
68.6,36,2012,5,2
68.6,36.7,2012,5,2
69.2,31.4,2012,5,1
69.2,34.2,2012,5,4
69.3,32.6,2012,5,2
69.4,36.4,2012,5,1
69.8,33.8,2012,5,3
70,33.2,2012,5,2
70,34.3,2012,5,1
70.3,34.1,2012,5,2
70.4,35,2012,5,1
70.6,32.9,2012,5,2
70.8,34.1,2012,5,1
71.1,34.1,2012,5,3
71.1,34.9,2012,5,2
71.3,34.6,2012,5,1
71.4,35,2012,5,3
74.1,33.7,2012,5,2
74.8,34.1,2012,5,5
74.9,33.9,2012,5,3
-6.4,13.7,2012,4,1
-1.3,34.9,2012,4,1
3,36.6,2012,4,1
4,36.7,2012,4,2
7.4,10.5,2012,4,7
11.3,11.7,2012,4,1
12.8,12.5,2012,4,1
25.1,12.9,2012,4,1
34.3,10.6,2012,4,2
35.8,35.5,2012,4,3
36.3,32.9,2012,4,6
36.5,34.8,2012,4,4
36.5,36,2012,4,2
36.7,33.7,2012,4,3
36.7,35,2012,4,2
37,34.8,2012,4,1
37,36.1,2012,4,4
37.1,35,2012,4,7
37.1,35.7,2012,4,2
37.1,36.4,2012,4,4
38.2,35.9,2012,4,1
39,36.6,2012,4,1
39.5,38.5,2012,4,1
39.6,35,2012,4,2
39.8,35.6,2012,4,1
40.6,35.2,2012,4,2
41.2,36.4,2012,4,1
41.7,36,2012,4,1
42.2,37.8,2012,4,2
43.5,33.4,2012,4,1
43.9,33.4,2012,4,3
43.9,43.6,2012,4,3
44.5,33.6,2012,4,1
44.8,44.6,2012,4,1
45.7,13.9,2012,4,1
45.8,32.5,2012,4,1
46.2,42.6,2012,4,2
46.4,35,2012,4,1
46.4,43.3,2012,4,1
47.6,42.5,2012,4,1
61.2,34.2,2012,4,1
62.1,30.2,2012,4,1
62.2,34.3,2012,4,3
62.3,27.4,2012,4,1
62.3,33.4,2012,4,2
62.4,31.3,2012,4,2
62.7,31.5,2012,4,1
63.1,35.2,2012,4,2
63.5,35.5,2012,4,1
64,34.4,2012,4,1
64.1,27,2012,4,6
64.8,32,2012,4,3
64.9,31.5,2012,4,5
65.2,32,2012,4,1
65.5,31.5,2012,4,1
65.6,31.5,2012,4,1
65.7,34.9,2012,4,1
65.9,32.7,2012,4,3
66.6,36.5,2012,4,3
66.7,33,2012,4,2
66.9,36.3,2012,4,1
67.8,35.4,2012,4,1
67.9,32.9,2012,4,1
68,35,2012,4,1
68.2,28.6,2012,4,2
68.6,33,2012,4,1
68.8,35,2012,4,3
68.8,36.7,2012,4,2
68.9,35.1,2012,4,1
69,32.8,2012,4,1
69.1,33.1,2012,4,1
69.2,33,2012,4,1
69.2,34.4,2012,4,2
69.6,34.6,2012,4,1
69.8,33.3,2012,4,2
69.9,33.2,2012,4,1
70.1,34.1,2012,4,1
70.1,34.3,2012,4,1
70.5,33.6,2012,4,1
70.7,34.3,2012,4,2
70.7,34.7,2012,4,1
70.9,34.3,2012,4,1
70.9,37,2012,4,1
71.1,34.3,2012,4,1
71.2,37,2012,4,1
71.9,34,2012,4,2
72.5,35.2,2012,4,2
74,34.7,2012,4,1
74.9,33.6,2012,4,2
74.9,33.8,2012,4,2
-16.6,12.4,2012,3,1
2.2,36.3,2012,3,1
3.8,36.5,2012,3,2
3.9,36.2,2012,3,2
3.9,36.4,2012,3,2
4.1,36.7,2012,3,2
4.4,36.7,2012,3,1
4.4,36.9,2012,3,2
4.5,36.7,2012,3,1
6,36.8,2012,3,3
7.7,11.1,2012,3,2
9.9,11.7,2012,3,1
10.1,10.3,2012,3,1
13.5,10.8,2012,3,1
13.5,10.9,2012,3,1
29,41,2012,3,2
34.1,11.3,2012,3,1
34.3,10.7,2012,3,1
34.3,31.4,2012,3,3
35.5,38.7,2012,3,1
35.8,35.6,2012,3,1
36,33.3,2012,3,3
36.1,34.7,2012,3,1
36.2,33.8,2012,3,3
36.2,36.9,2012,3,1
36.3,35.6,2012,3,1
36.5,33.8,2012,3,2
36.6,33.8,2012,3,1
36.6,34,2012,3,3
36.8,34.1,2012,3,3
36.8,35,2012,3,1
36.9,35.7,2012,3,3
36.9,37.6,2012,3,1
37,35.1,2012,3,2
37.2,35,2012,3,2
37.2,35.5,2012,3,2
37.3,35.5,2012,3,3
37.4,36.2,2012,3,1
37.6,35.1,2012,3,2
37.7,36.5,2012,3,3
37.9,35.1,2012,3,1
38.3,35.8,2012,3,4
38.9,34.9,2012,3,3
39,39.6,2012,3,1
39.2,35.9,2012,3,2
39.3,35.9,2012,3,1
39.6,35.8,2012,3,4
42.1,38.4,2012,3,1
43.4,43.6,2012,3,2
43.7,34.6,2012,3,2
44.1,35.7,2012,3,2
45.3,15.8,2012,3,1
45.6,16.7,2012,3,1
46,13.7,2012,3,1
46.9,43.2,2012,3,4
46.9,44.1,2012,3,2
53,32,2012,3,1
62.1,33.1,2012,3,1
62.2,34.2,2012,3,1
62.7,34.5,2012,3,1
63.5,35.6,2012,3,1
63.9,30.2,2012,3,1
64,30.6,2012,3,1
64.3,31.7,2012,3,1
64.4,35.9,2012,3,1
64.7,32.1,2012,3,1
65.3,26.3,2012,3,1
65.9,31.6,2012,3,1
65.9,36.2,2012,3,2
66.1,32.7,2012,3,1
66.2,33.2,2012,3,1
66.6,36.8,2012,3,1
66.7,37.3,2012,3,1
66.8,33.1,2012,3,1
67,30.1,2012,3,3
67,32.2,2012,3,2
67.7,35.3,2012,3,1
67.8,32.8,2012,3,1
68.5,33.2,2012,3,1
68.7,33.2,2012,3,1
68.7,34.1,2012,3,2
68.9,36.8,2012,3,1
69,33.5,2012,3,1
69.2,35.1,2012,3,1
69.3,37.1,2012,3,1
69.5,33.3,2012,3,1
69.6,35.1,2012,3,1
69.7,33,2012,3,1
70.1,33.6,2012,3,2
70.1,34.7,2012,3,1
70.1,36.8,2012,3,1
70.2,34.1,2012,3,1
70.2,34.4,2012,3,1
70.4,35.2,2012,3,1
70.7,32.3,2012,3,1
70.7,32.4,2012,3,1
70.9,32.6,2012,3,1
71,35.6,2012,3,1
71.2,34.8,2012,3,2
71.2,35,2012,3,1
71.5,33.7,2012,3,1
71.6,35,2012,3,3
74.1,33.6,2012,3,3
74.1,34,2012,3,1
74.1,34.4,2012,3,1
74.6,32.8,2012,3,3
74.6,34.1,2012,3,2
-15.5,12.8,2012,2,1
1.4,36.2,2012,2,1
1.7,36.2,2012,2,1
2.3,36.3,2012,2,1
2.8,36.3,2012,2,1
3,19.9,2012,2,1
3.3,36.6,2012,2,1
3.5,36.5,2012,2,1
3.8,36.8,2012,2,1
3.9,36.8,2012,2,2
4.2,36.5,2012,2,1
4.3,36.6,2012,2,1
4.9,36.7,2012,2,2
5.3,32,2012,2,1
6,35,2012,2,1
7.3,35,2012,2,1
7.6,36.9,2012,2,1
7.8,10.3,2012,2,2
7.8,35,2012,2,2
10.8,34.7,2012,2,1
13.8,12.8,2012,2,1
14.2,11.4,2012,2,1
25.4,13.6,2012,2,1
26.5,11.2,2012,2,1
27.5,38.2,2012,2,1
34.1,11.1,2012,2,1
35.9,35.4,2012,2,3
36.1,35.1,2012,2,1
36.3,35.1,2012,2,2
36.4,36.1,2012,2,2
36.4,36.5,2012,2,1
36.5,37.1,2012,2,1
36.6,34.8,2012,2,2
36.6,36,2012,2,1
36.7,35.1,2012,2,2
36.7,36.3,2012,2,2
36.8,33.9,2012,2,2
36.8,34.2,2012,2,2
36.9,35.5,2012,2,2
37,35.6,2012,2,2
37.4,35.4,2012,2,2
37.4,36,2012,2,2
37.5,34.6,2012,2,1
37.5,36.1,2012,2,1
37.5,36.2,2012,2,1
38,36.3,2012,2,1
38.1,35.9,2012,2,1
38.2,36.2,2012,2,2
39,37.2,2012,2,2
39.2,39.1,2012,2,1
39.8,35.7,2012,2,1
40.1,38.6,2012,2,1
40.2,37.9,2012,2,1
40.4,36.7,2012,2,2
40.4,38.4,2012,2,1
40.5,38,2012,2,2
40.6,37.2,2012,2,1
41,36.2,2012,2,1
41.2,36.9,2012,2,1
41.8,33,2012,2,1
42.3,37.9,2012,2,1
42.8,33.6,2012,2,2
43,44.1,2012,2,1
43.2,38.4,2012,2,2
43.4,38.5,2012,2,1
43.7,43.4,2012,2,1
43.9,17.1,2012,2,1
43.9,38.6,2012,2,1
44,38.5,2012,2,1
44.2,33.3,2012,2,1
44.4,14.5,2012,2,1
44.5,33.7,2012,2,1
44.5,34.3,2012,2,1
44.9,34,2012,2,2
45,43.1,2012,2,1
45,43.3,2012,2,3
45.1,41.3,2012,2,1
45.9,42.3,2012,2,2
46.9,40,2012,2,2
47,40,2012,2,2
47.1,42.8,2012,2,7
47.4,42.6,2012,2,2
48.1,14.1,2012,2,1
49.4,14.8,2012,2,2
49.6,10.3,2012,2,1
62.1,26.1,2012,2,6
62.2,32.5,2012,2,2
63,32.5,2012,2,2
63.4,32.2,2012,2,1
63.4,35.1,2012,2,1
63.5,35.1,2012,2,1
64.1,30.7,2012,2,1
64.6,31.9,2012,2,1
64.8,36.1,2012,2,1
64.9,32.4,2012,2,2
64.9,33.6,2012,2,1
65,33.6,2012,2,1
65.1,31.7,2012,2,1
65.1,33.6,2012,2,1
65.2,31.5,2012,2,1
65.2,32.1,2012,2,1
65.3,34.5,2012,2,1
65.4,36.1,2012,2,1
65.6,26.3,2012,2,1
65.6,31.8,2012,2,1
65.7,31.2,2012,2,1
65.7,37.3,2012,2,1
65.9,37.1,2012,2,1
66,32.2,2012,2,1
66.2,35.9,2012,2,1
66.9,36.8,2012,2,1
67,32.5,2012,2,2
67.3,32.2,2012,2,1
67.5,33.1,2012,2,1
67.8,31.8,2012,2,1
67.8,36.7,2012,2,1
68.1,33.2,2012,2,1
68.2,28.3,2012,2,2
68.3,32.3,2012,2,1
68.3,32.7,2012,2,1
68.3,33.4,2012,2,1
68.5,32.8,2012,2,1
68.7,35,2012,2,2
68.7,35.6,2012,2,2
68.7,36.8,2012,2,1
69,33.3,2012,2,1
69,34.1,2012,2,1
69,37.1,2012,2,1
69.1,33.5,2012,2,2
69.1,37,2012,2,1
69.3,32.1,2012,2,1
69.3,32.7,2012,2,1
69.3,34,2012,2,1
69.4,33.8,2012,2,1
69.7,36.9,2012,2,1
69.8,33.7,2012,2,1
69.9,32.9,2012,2,1
70,33.5,2012,2,1
70,35,2012,2,1
70.1,32.4,2012,2,1
70.3,32.9,2012,2,1
70.3,34.2,2012,2,2
70.3,34.4,2012,2,2
70.4,32.2,2012,2,1
70.4,33.2,2012,2,1
70.5,33,2012,2,2
70.6,34.3,2012,2,2
70.6,37.1,2012,2,1
71.2,34.1,2012,2,1
71.4,34.4,2012,2,1
71.4,35.4,2012,2,1
71.5,33.8,2012,2,1
71.5,34.6,2012,2,1
71.5,35.2,2012,2,1
71.6,34.1,2012,2,2
71.6,34.2,2012,2,1
71.8,33.9,2012,2,1
72.1,34.3,2012,2,1
72.5,34.2,2012,2,2
73.9,34.4,2012,2,1
74,33.6,2012,2,1
74.1,34.1,2012,2,1
74.4,34.2,2012,2,2
74.6,34.4,2012,2,1
75,33.7,2012,2,2
75.2,33.6,2012,2,1
-16.4,12.6,2012,1,1
-16.4,12.9,2012,1,1
-16.1,13.1,2012,1,1
-0.3,17,2012,1,1
1.4,18.4,2012,1,1
1.7,36.5,2012,1,1
1.8,36.5,2012,1,1
2.1,36.3,2012,1,1
2.2,36.1,2012,1,1
2.4,15.9,2012,1,1
2.5,36.4,2012,1,1
3.6,36.8,2012,1,1
3.7,36.3,2012,1,1
3.8,36.7,2012,1,1
4.1,36.8,2012,1,1
4.3,36.3,2012,1,1
4.7,36.7,2012,1,1
5.8,36.6,2012,1,1
6.1,31.7,2012,1,1
6.5,36.6,2012,1,1
7.4,37,2012,1,1
7.5,18.5,2012,1,1
7.7,11,2012,1,1
7.8,36.9,2012,1,1
8.4,35.2,2012,1,1
10.2,12.8,2012,1,1
11.5,12,2012,1,2
11.9,11.5,2012,1,1
13.3,10.3,2012,1,3
13.7,11.5,2012,1,2
20.1,32.1,2012,1,1
24.3,11,2012,1,1
29.8,10.8,2012,1,1
33.9,10.5,2012,1,1
34.3,31.1,2012,1,1
34.4,31.3,2012,1,1
35.8,33.1,2012,1,1
35.9,35.6,2012,1,1
36,33.7,2012,1,1
36.1,33.2,2012,1,1
36.2,33.7,2012,1,1
36.2,36.5,2012,1,1
36.3,32.4,2012,1,2
36.4,32.4,2012,1,1
36.4,34.9,2012,1,1
36.7,32.5,2012,1,1
36.7,36.5,2012,1,1
36.8,36.5,2012,1,1
36.9,34.5,2012,1,1
36.9,34.8,2012,1,1
37.1,34.1,2012,1,3
37.2,34.7,2012,1,1
37.3,34.8,2012,1,1
37.3,36.4,2012,1,1
37.4,35.3,2012,1,1
37.5,36,2012,1,1
37.7,36.1,2012,1,1
38.1,35.1,2012,1,1
38.4,35.6,2012,1,1
39,36.2,2012,1,1
39.1,34.5,2012,1,1
39.1,36.5,2012,1,1
39.7,35.1,2012,1,1
39.7,35.8,2012,1,1
40.1,35.2,2012,1,1
40.1,38.4,2012,1,1
40.5,35.2,2012,1,1
40.8,36.4,2012,1,1
40.9,34.7,2012,1,1
40.9,36.4,2012,1,1
41,37.4,2012,1,1
41,38.8,2012,1,1
41.1,37,2012,1,1
41.5,39.2,2012,1,1
41.8,38.6,2012,1,1
42,38.6,2012,1,1
42.5,43.9,2012,1,1
42.8,41.1,2012,1,1
43.2,43.7,2012,1,1
43.5,44.7,2012,1,1
43.8,35.3,2012,1,1
44,35.2,2012,1,1
44,43.8,2012,1,1
44.1,37.6,2012,1,1
44.3,14.7,2012,1,1
44.4,32.7,2012,1,1
44.8,43.9,2012,1,1
44.9,13.1,2012,1,1
44.9,34.1,2012,1,1
45,43,2012,1,2
45,43.2,2012,1,1
45.1,33.7,2012,1,1
45.2,13.9,2012,1,1
45.2,43.1,2012,1,1
45.3,43,2012,1,1
45.3,43.4,2012,1,1
45.5,39.3,2012,1,1
45.5,40.9,2012,1,1
45.8,42.9,2012,1,1
46.3,31.1,2012,1,1
46.6,40,2012,1,1
46.9,40.3,2012,1,1
47.3,42.6,2012,1,1
47.7,42.3,2012,1,1
47.9,41.9,2012,1,1
48,41.9,2012,1,1
48,42,2012,1,1
48,42.2,2012,1,1
48.2,42,2012,1,1
50.8,12,2012,1,1
51.2,11.8,2012,1,1
61.3,26.6,2012,1,1
61.5,32.3,2012,1,1
61.8,29.2,2012,1,2
62.3,33.7,2012,1,1
62.3,35.1,2012,1,1
62.7,34,2012,1,1
62.9,32.6,2012,1,1
63.1,34.3,2012,1,1
63.3,33.8,2012,1,1
63.5,35.3,2012,1,1
63.8,33.2,2012,1,1
64,35.7,2012,1,1
64.3,34.1,2012,1,1
64.5,31.6,2012,1,1
64.5,32.4,2012,1,1
64.7,36,2012,1,1
64.8,32.3,2012,1,1
64.9,31.7,2012,1,1
65,32.7,2012,1,1
65.3,36.7,2012,1,1
65.3,36.9,2012,1,1
65.9,32.8,2012,1,1
66.1,30.2,2012,1,1
66.2,31,2012,1,1
66.2,33.8,2012,1,1
66.2,36.9,2012,1,1
66.5,28.9,2012,1,5
66.7,32.9,2012,1,1
66.8,37.1,2012,1,1
67.1,33.5,2012,1,2
67.1,36.7,2012,1,1
67.6,32.8,2012,1,1
67.7,32.7,2012,1,1
67.7,32.8,2012,1,1
67.8,33,2012,1,1
68.3,33.5,2012,1,1
68.6,28.6,2012,1,1
69,28.6,2012,1,1
69,35,2012,1,1
69.1,34.2,2012,1,1
69.1,35.1,2012,1,1
69.2,34.8,2012,1,1
69.3,32.8,2012,1,1
69.3,33.2,2012,1,1
69.3,35.1,2012,1,1
69.3,36,2012,1,1
69.4,32.1,2012,1,1
69.5,33,2012,1,1
69.6,33.8,2012,1,1
69.7,33.4,2012,1,1
69.7,33.9,2012,1,1
69.9,34.8,2012,1,1
70,32.5,2012,1,1
70,33.1,2012,1,1
70.1,32.3,2012,1,1
70.1,34.5,2012,1,1
70.2,32.3,2012,1,1
70.2,36.8,2012,1,1
70.3,32.5,2012,1,1
70.3,34.3,2012,1,1
70.3,34.7,2012,1,1
70.4,33.5,2012,1,1
70.7,33.4,2012,1,1
70.8,35.2,2012,1,1
70.9,34.9,2012,1,1
71,35,2012,1,1
71.2,33.9,2012,1,1
71.2,34.3,2012,1,1
71.2,34.7,2012,1,1
71.3,35.7,2012,1,1
71.4,35.1,2012,1,1
71.5,33.5,2012,1,1
71.5,34,2012,1,1
71.5,34.5,2012,1,1
71.8,34,2012,1,1
72,34.1,2012,1,1
72,35,2012,1,1
72.1,34.2,2012,1,1
72.5,34.1,2012,1,1
72.6,34.1,2012,1,1
74,34,2012,1,1
74.1,33.5,2012,1,1
74.4,34.3,2012,1,1
74.5,32.8,2012,1,1
74.7,32.9,2012,1,1
74.7,34.7,2012,1,1
74.8,32.8,2012,1,1
75,34.2,2012,1,1
75.1,32.4,2012,1,1
75.1,33.3,2012,1,1
75.1,33.8,2012,1,1
75.2,34.3,2012,1,1
75.5,33.1,2012,1,1
75.7,12.7,2012,1,1
75.7,33.5,2012,1,1
75.7,33.6,2012,1,1
75.8,33.5,2012,1,1
76.2,33.9,2012,1,1
79.8,19.9,2012,1,1
80,18.8,2012,1,1
80,19,2012,1,1
80,19.8,2012,1,1
-0.8,34.5,2012,0,1
-0.4,34.6,2012,0,1
0.2,15,2012,0,1
3,28,2012,0,1
9.8,10.3,2012,0,1
10.4,11.6,2012,0,1
11.3,11.3,2012,0,1
11.5,10.8,2012,0,1
12,11.3,2012,0,1
12.5,13.1,2012,0,1
12.8,11.1,2012,0,1
12.9,10.6,2012,0,1
13,11.5,2012,0,1
13.6,11.9,2012,0,1
13.9,12.2,2012,0,1
14.2,11.3,2012,0,1
14.2,12.4,2012,0,1
34,12,2012,0,2
34.1,11.2,2012,0,1
36.6,32.7,2012,0,1
37,35.3,2012,0,1
37.5,33.5,2012,0,1
40.2,36.6,2012,0,1
42.1,37.2,2012,0,1
43.2,43.6,2012,0,1
43.4,43.8,2012,0,1
44.6,43.2,2012,0,1
45.2,43.2,2012,0,1
46.6,42.8,2012,0,1
46.8,43.6,2012,0,1
46.9,14.1,2012,0,1
46.9,42.7,2012,0,1
47.2,43.2,2012,0,1
47.3,39.6,2012,0,1
47.6,42.8,2012,0,1
47.7,44,2012,0,1
47.9,41.8,2012,0,1
47.9,42,2012,0,1
47.9,42.6,2012,0,2
62.3,33.5,2012,0,1
62.4,25.4,2012,0,1
64.2,26.7,2012,0,2
64.6,27,2012,0,1
65.5,36.1,2012,0,1
65.5,36.2,2012,0,2
65.9,35.4,2012,0,1
67.2,36.7,2012,0,1
67.4,31.7,2012,0,1
67.9,32.3,2012,0,1
68.7,34.2,2012,0,1
68.8,35.6,2012,0,1
69,35.1,2012,0,1
69.1,29.1,2012,0,8
69.5,34.8,2012,0,1
69.9,33.7,2012,0,1
70,34.1,2012,0,1
70.8,35,2012,0,1
71,34.2,2012,0,1
74.8,34.2,2012,0,1
38,35,2013,19472,520
37.2,36.2,2013,5191,1072
36.3,33.5,2013,4622,1436
36.4,33.5,2013,3098,937
37.6,36.2,2013,2620,534
36.4,33.6,2013,1579,641
38.3,34.5,2013,1469,394
37.4,33.5,2013,1331,436
36.2,33.5,2013,1231,499
36.2,32.9,2013,1216,360
37.2,35.2,2013,1153,376
36.7,34.7,2013,1047,351
36.7,35.8,2013,1035,311
40.1,35.3,2013,904,362
36.6,34.5,2013,830,166
36.6,35.8,2013,744,215
65,33,2013,743,28
36.3,33.4,2013,676,285
40.3,35.2,2013,668,258
39,36,2013,657,169
36.2,33.4,2013,655,76
36.1,32.6,2013,638,355
37,36.2,2013,633,86
36.5,33.6,2013,568,148
36.5,33.5,2013,564,258
37.4,36.1,2013,482,139
36.7,34,2013,441,174
38.9,36,2013,437,172
36.7,34.8,2013,432,203
44.4,33.3,2013,382,44
36.1,33.6,2013,374,72
36.4,33.8,2013,364,126
36.7,35.6,2013,355,177
35.9,33.1,2013,352,108
40.2,35.3,2013,315,110
36.1,33,2013,305,136
37.1,34.2,2013,304,36
36.1,33.7,2013,277,173
13.7,11.5,2013,276,9
37.5,35.8,2013,274,60
36.7,34.9,2013,253,133
36.8,35.1,2013,253,129
36,35.6,2013,250,81
36.6,33.5,2013,250,116
36.5,35.4,2013,242,93
37.1,36.3,2013,232,81
37.5,36.4,2013,229,46
36.1,33.4,2013,227,107
36.6,35.9,2013,227,72
37,36.5,2013,227,96
36.4,33.4,2013,224,84
36.9,34.3,2013,223,10
36.1,32.7,2013,220,136
40.9,36.5,2013,218,71
36,32.9,2013,215,90
70.7,33.8,2013,211,16
36.7,36,2013,206,89
36.2,32.6,2013,203,94
36.3,32.8,2013,198,114
46.9,43.1,2013,196,97
13.2,11.8,2013,187,24
43.1,36.3,2013,186,38
40.7,36.1,2013,185,19
13.8,13.1,2013,183,1
37.1,35,2013,183,23
65.8,31,2013,183,56
64,31,2013,182,60
37.3,36.1,2013,178,52
36.5,35.7,2013,177,68
36.8,35.9,2013,172,74
36,33.1,2013,168,50
13.1,12.5,2013,166,1
36.6,34.6,2013,162,69
1.2,19.9,2013,161,9
36.6,35.3,2013,159,65
69.3,33.7,2013,152,29
38,35.2,2013,150,65
71.2,36.8,2013,147,12
36.5,34.9,2013,146,93
36.7,33.6,2013,136,52
36,32.8,2013,135,57
69.2,34.5,2013,135,24
36.3,35.8,2013,134,48
44.4,35.5,2013,133,22
69.8,34.3,2013,131,12
36.5,33.8,2013,128,25
36.7,33.7,2013,128,29
36.7,35.3,2013,124,54
36.7,35.9,2013,123,67
63.9,31.6,2013,123,30
38.5,35.8,2013,122,44
37,36.4,2013,121,54
36.7,35.4,2013,118,54
13.4,11.2,2013,117,6
35.9,32.8,2013,117,53
69.2,34,2013,115,35
36.6,35.7,2013,113,52
70.8,33.7,2013,113,12
36.6,35.6,2013,112,66
68.4,33.3,2013,108,20
36.1,32.8,2013,105,53
36.5,32.5,2013,105,69
36.6,35.5,2013,105,60
70.4,34.3,2013,105,38
-0,16.3,2013,104,10
24.7,11.5,2013,104,9
37.2,36.3,2013,104,50
67.8,33.3,2013,103,35
36.1,35.7,2013,102,20
71,33.8,2013,102,9
36.8,36,2013,101,23
67,30.2,2013,100,10
70,34.2,2013,100,3
-3.9,14.9,2013,99,8
35.9,33.2,2013,99,19
36.2,32.8,2013,99,69
-3,20,2013,98,3
37.1,36.1,2013,98,43
69.6,34.1,2013,98,2
66,32.8,2013,97,30
36.2,33.1,2013,95,39
38.3,34.6,2013,95,49
35.9,35.2,2013,94,8
64.3,35.6,2013,93,4
68,34.2,2013,93,38
36.1,35.6,2013,91,21
44.6,34.9,2013,91,12
44.8,14.6,2013,91,7
36.6,34.9,2013,90,20
35.9,33,2013,88,15
71.6,34,2013,88,16
36.6,33.4,2013,86,37
43.7,34.6,2013,86,15
36,33.3,2013,83,11
44.2,15.4,2013,83,8
36.3,34.8,2013,82,38
71.1,34,2013,82,8
12.5,11.6,2013,81,2
24.5,13.1,2013,80,3
44.2,33.1,2013,80,3
67.2,32.2,2013,80,26
36.7,35.5,2013,79,18
68.8,36.8,2013,78,24
36.7,34.6,2013,77,25
36.8,34.1,2013,77,24
36.8,34.9,2013,77,28
36.2,32.7,2013,76,44
71,33.6,2013,76,9
36.5,35.8,2013,74,27
35.9,32.9,2013,73,31
69,35.8,2013,73,20
69.6,35,2013,73,18
44.3,33.5,2013,72,8
64.6,31.8,2013,72,17
36.6,35.4,2013,71,51
40.7,36.5,2013,71,18
30,11,2013,70,9
38.9,34.9,2013,70,29
64.7,32.5,2013,70,12
70.2,33,2013,70,12
34.3,10.6,2013,69,2
37.1,36.5,2013,69,26
67.8,32.9,2013,69,10
37.2,34.2,2013,67,19
41.1,36.7,2013,67,5
36.3,32.6,2013,66,39
37,36.3,2013,65,27
37.3,36.2,2013,65,39
44.4,33.7,2013,64,8
36.4,35.4,2013,63,26
37,36.6,2013,63,15
65,32.1,2013,63,14
36.3,34.7,2013,62,30
71,33.7,2013,62,6
36.4,35.5,2013,61,28
41.4,36.8,2013,61,15
68.8,32.4,2013,61,15
36.8,35,2013,60,1
71.1,35,2013,60,23
44.6,33.7,2013,59,14
36.5,34.6,2013,57,19
36.5,36.1,2013,56,19
36.7,33.8,2013,56,22
62.1,32.4,2013,56,3
43.4,43.6,2013,55,31
64.9,32.1,2013,55,14
69.2,37,2013,55,16
24.3,13.1,2013,54,6
36.5,35.3,2013,54,24
38,36.5,2013,53,12
47,15,2013,53,6
36.1,33.1,2013,52,26
36.4,36,2013,52,10
68.9,35,2013,52,5
70.1,33,2013,52,14
70.2,34.8,2013,52,19
13,11.6,2013,51,2
25,13,2013,51,1
36.9,36.1,2013,51,8
71.1,33.5,2013,51,5
36.2,33.6,2013,50,31
65.2,31.1,2013,50,12
37.5,36.3,2013,49,16
37.7,36.2,2013,49,19
43.3,33.4,2013,49,9
70.3,33.7,2013,49,3
70.3,33.9,2013,49,4
36.5,33.4,2013,48,20
43.8,33.4,2013,48,13
0.7,16.3,2013,47,1
36.2,34.8,2013,46,3
37.1,36,2013,46,9
40.2,35.4,2013,46,27
62.5,32.5,2013,46,19
71.3,35.5,2013,46,6
37.4,36.2,2013,45,18
62.9,32.2,2013,45,6
64,29.4,2013,45,1
-3,16.8,2013,44,5
0.9,19.5,2013,44,2
64,35.6,2013,44,3
68.4,33.5,2013,44,11
71.8,35,2013,44,2
36.2,33.3,2013,43,22
36.3,32.7,2013,43,27
36.7,34.2,2013,43,19
62.4,33.2,2013,43,11
37.1,35.7,2013,42,16
39.9,35.6,2013,42,4
63.3,34.4,2013,42,5
67,24.9,2013,42,12
68.6,36.3,2013,42,8
40.5,35,2013,41,28
62.8,32.8,2013,41,7
67,36.8,2013,41,13
68.7,33.7,2013,41,4
71.6,33.8,2013,41,6
-2.9,15,2013,40,3
12,11.4,2013,40,1
12.5,11.5,2013,40,1
13,11.5,2013,40,3
36.3,35.9,2013,40,20
40.3,33,2013,40,3
47.8,30.5,2013,40,5
35.9,33.3,2013,39,14
62.5,31,2013,39,15
66.9,32.1,2013,39,9
69.7,34.8,2013,39,6
70.8,34.3,2013,39,10
36,35.7,2013,38,13
36.2,35.6,2013,38,23
36.8,35.3,2013,38,9
64.2,31.5,2013,38,9
68.9,36.7,2013,38,10
35.8,33.2,2013,37,17
36.3,33.6,2013,37,29
70.9,36.7,2013,37,5
12,11.7,2013,36,2
25.4,13.6,2013,36,3
36.5,34.8,2013,36,23
42.6,36.2,2013,36,10
44.2,33.3,2013,36,7
64.4,31.6,2013,36,18
65.8,36.8,2013,36,10
69,34,2013,36,6
62,34.5,2013,35,14
70.9,31.8,2013,35,2
70.9,32.6,2013,35,1
71.9,34.2,2013,35,1
2,20,2013,34,7
8.5,12,2013,34,9
65.7,31.6,2013,34,11
36.2,35.8,2013,33,16
37.1,36.2,2013,33,16
39.6,35.8,2013,33,8
37.5,35,2013,32,15
41.2,37.1,2013,32,14
43.5,34.9,2013,32,7
70.9,33.9,2013,32,3
71.1,36.8,2013,32,3
36.7,35.7,2013,31,13
45.7,43.4,2013,31,15
68.7,33.9,2013,31,8
12.8,11.2,2013,30,2
36,33,2013,30,21
37.3,34.8,2013,30,3
40.1,35.4,2013,30,17
41.9,34.5,2013,30,3
67.4,32.5,2013,30,7
69.9,33.4,2013,30,13
70.3,34.7,2013,30,7
71.5,33.9,2013,30,1
8,17,2013,29,4
13.7,11.1,2013,29,6
36.1,33.3,2013,29,11
36.8,35.8,2013,29,14
36.9,32.8,2013,29,8
43.6,34.5,2013,29,9
44.8,14.4,2013,29,6
64.2,31,2013,29,1
64.5,32.5,2013,29,3
68.8,33.9,2013,29,1
69,33.4,2013,29,11
71.5,33.7,2013,29,4
72,36.8,2013,29,9
36.4,32.7,2013,28,7
36.9,34.9,2013,28,21
38,36,2013,28,7
45.7,13.4,2013,28,2
46.8,14,2013,28,5
63.1,35.8,2013,28,5
66.1,32.7,2013,28,2
70.5,34.4,2013,28,8
13.3,13.7,2013,27,1
36.5,35.5,2013,27,14
36.7,36.2,2013,27,8
37.5,36,2013,27,10
45,43.2,2013,27,17
70.7,33.7,2013,27,4
70.8,35,2013,27,2
71.4,35,2013,27,6
35.9,35.1,2013,26,8
37,35.6,2013,26,9
65,31.6,2013,26,9
65.5,32.9,2013,26,4
71.3,35,2013,26,3
71.6,35.4,2013,26,2
-6,14.7,2013,25,2
11,12.9,2013,25,1
14.3,11.4,2013,25,1
36.4,35.7,2013,25,15
36.9,36.3,2013,25,10
47.9,14,2013,25,2
62.1,32.5,2013,25,5
64.8,35.8,2013,25,8
65,32.5,2013,25,6
70.1,34.2,2013,25,8
71.2,35,2013,25,5
12.8,12.5,2013,24,1
36.4,32.6,2013,24,6
36.4,35.9,2013,24,13
37.5,36.1,2013,24,8
38.8,36.4,2013,24,13
43.9,34.2,2013,24,7
44.4,32.5,2013,24,4
45.1,33.7,2013,24,2
45.4,15.5,2013,24,4
49.4,14.8,2013,24,7
63.1,35.2,2013,24,3
20.1,32.1,2013,23,8
36.2,33,2013,23,15
36.8,36.1,2013,23,19
37,36.1,2013,23,4
37.2,36.1,2013,23,12
37.5,36.2,2013,23,6
66.2,35.8,2013,23,6
67.6,32.7,2013,23,6
70,33,2013,23,9
11.4,11.7,2013,22,1
36.2,33.7,2013,22,14
36.6,34.4,2013,22,12
36.7,35.2,2013,22,10
36.9,35.5,2013,22,2
36.9,35.6,2013,22,12
37.2,36,2013,22,13
41.7,36.9,2013,22,1
64.1,31.5,2013,22,8
67.3,31.4,2013,22,4
68.8,34.3,2013,22,6
74.8,34.1,2013,22,8
36.5,36.2,2013,21,7
36.6,36.1,2013,21,4
37,35.7,2013,21,11
37.3,35.7,2013,21,1
37.6,36.4,2013,21,1
64.1,31.3,2013,21,2
65,34,2013,21,6
69.2,34.2,2013,21,5
70.2,34.2,2013,21,8
13.6,12.7,2013,20,1
14.2,12.4,2013,20,1
29.5,14.5,2013,20,3
36.6,33.7,2013,20,12
36.9,35.4,2013,20,12
38.8,34,2013,20,2
39.1,34.5,2013,20,9
40.9,34.5,2013,20,12
49.6,14.8,2013,20,6
62.2,33.2,2013,20,4
68.6,36.9,2013,20,1
68.7,33.5,2013,20,5
68.9,37.1,2013,20,4
-3.5,18.9,2013,19,1
36,32.7,2013,19,16
36.5,34.5,2013,19,12
36.6,34,2013,19,12
36.9,36,2013,19,5
37.3,35,2013,19,8
40.1,36.9,2013,19,12
41.8,33,2013,19,7
45,34,2013,19,7
65.5,32.7,2013,19,1
68.9,34.4,2013,19,6
71.1,34.9,2013,19,2
12.8,11.1,2013,18,2
36.2,33.2,2013,18,9
36.2,35.7,2013,18,11
36.4,32.9,2013,18,15
36.8,34.2,2013,18,14
39.5,35,2013,18,3
39.6,35.4,2013,18,3
46.9,14.1,2013,18,3
63.5,35.5,2013,18,5
64.1,30.7,2013,18,2
64.8,32.1,2013,18,6
65.9,32.6,2013,18,6
70.2,34.7,2013,18,4
70.7,34.1,2013,18,6
70.8,34.2,2013,18,3
71.1,36.9,2013,18,4
8.7,35.2,2013,17,6
36.3,33.8,2013,17,11
36.8,33.9,2013,17,8
36.8,35.4,2013,17,6
37,35.8,2013,17,7
37.4,36,2013,17,8
37.9,36.1,2013,17,8
43.8,35.3,2013,17,3
62.6,34.9,2013,17,1
63.2,32.5,2013,17,1
64.5,31.8,2013,17,6
64.8,32.3,2013,17,4
66.3,27.1,2013,17,3
68.6,33.3,2013,17,2
68.7,35.9,2013,17,2
69,34.1,2013,17,4
69.1,34,2013,17,9
70.7,33.2,2013,17,1
70.7,33.6,2013,17,2
36.4,35.6,2013,16,10
39.9,35.5,2013,16,10
44,33,2013,16,6
63.3,35.6,2013,16,3
63.4,32.2,2013,16,2
63.6,32.6,2013,16,1
67.7,32.7,2013,16,1
70.8,33.9,2013,16,2
71.3,34,2013,16,3
-0,16.2,2013,15,1
0.4,16.7,2013,15,1
24.4,13.3,2013,15,1
35.9,33.4,2013,15,3
37.3,36.5,2013,15,4
43.6,37.3,2013,15,1
45.4,15.4,2013,15,4
48.2,14,2013,15,3
63.8,35,2013,15,5
64.7,31.8,2013,15,5
66.1,30.2,2013,15,3
67,32.5,2013,15,4
68.1,33.2,2013,15,3
68.9,33.9,2013,15,5
69.8,33.8,2013,15,2
70.8,35.9,2013,15,1
70.9,36.9,2013,15,2
71.5,35.2,2013,15,2
8.6,11.9,2013,14,1
13.3,10.3,2013,14,1
36.3,32.9,2013,14,7
36.3,35.1,2013,14,6
36.6,32.7,2013,14,1
36.8,35.7,2013,14,5
37.2,33.1,2013,14,7
37.2,36.5,2013,14,11
38.9,33.8,2013,14,4
40,35.5,2013,14,9
40.3,35.3,2013,14,9
42.3,32,2013,14,1
42.4,36.4,2013,14,3
42.9,34.5,2013,14,1
49.1,14.5,2013,14,6
49.4,10.9,2013,14,1
65.2,32,2013,14,2
69.4,34.5,2013,14,6
71.3,34.9,2013,14,1
71.5,35.4,2013,14,1
71.7,33.7,2013,14,2
24.9,12.1,2013,13,4
36,33.4,2013,13,4
37,34.8,2013,13,2
37.1,35.3,2013,13,7
37.4,34.9,2013,13,4
38.3,35.5,2013,13,6
39.3,35.9,2013,13,3
42.1,36.8,2013,13,7
44,36.2,2013,13,1
44.2,35.2,2013,13,6
44.6,33.1,2013,13,4
44.9,34,2013,13,3
45.9,13.9,2013,13,1
49.2,11.3,2013,13,3
62.2,34.3,2013,13,4
63.5,35.1,2013,13,4
64.1,35.6,2013,13,2
64.3,31.5,2013,13,4
65.4,31.6,2013,13,4
66.1,32.2,2013,13,2
66.3,36.7,2013,13,1
69,32.8,2013,13,2
69.6,34.9,2013,13,3
70.7,37.7,2013,13,2
71.2,34.8,2013,13,4
74,34.7,2013,13,6
0.9,16.5,2013,12,1
2.2,22.6,2013,12,2
23.4,12.3,2013,12,1
36.4,32.5,2013,12,9
36.5,33.7,2013,12,12
38.6,35.8,2013,12,10
39,36.7,2013,12,6
40.5,35.2,2013,12,1
43.2,35.5,2013,12,4
45.3,13.3,2013,12,2
64,35.7,2013,12,1
64.3,31.6,2013,12,2
66.8,31.3,2013,12,1
67.8,32.8,2013,12,4
68.5,32.9,2013,12,5
70.7,35,2013,12,4
70.8,34.1,2013,12,3
71.9,34.7,2013,12,1
12,11.3,2013,11,1
36,35.8,2013,11,7
36.9,35,2013,11,7
37,36,2013,11,5
37.2,35.5,2013,11,2
37.3,35.3,2013,11,3
37.4,36.3,2013,11,3
37.5,36.6,2013,11,11
37.6,35.7,2013,11,2
38.7,35.8,2013,11,5
39.4,35.8,2013,11,1
40.6,34.9,2013,11,4
44.4,33.1,2013,11,3
44.7,34.8,2013,11,2
62.9,34.5,2013,11,1
64.4,35.8,2013,11,1
64.9,31.7,2013,11,2
65.5,32,2013,11,1
68.3,33.1,2013,11,1
68.3,33.3,2013,11,2
68.4,33.4,2013,11,1
68.8,36.3,2013,11,3
69.7,34,2013,11,1
70,33.4,2013,11,1
70.6,32.9,2013,11,5
70.7,33.9,2013,11,1
70.8,35.3,2013,11,4
70.9,35.1,2013,11,2
71.2,33.3,2013,11,2
-3.2,17.6,2013,10,1
1,20.2,2013,10,2
12.9,11.4,2013,10,1
36.6,34.7,2013,10,6
36.7,35.1,2013,10,3
37.2,35,2013,10,5
37.3,36.3,2013,10,6
41,36.8,2013,10,1
45.4,14.3,2013,10,8
46.3,31.1,2013,10,4
46.8,13.6,2013,10,2
62.1,33.2,2013,10,2
64.7,32.1,2013,10,3
66.2,36.9,2013,10,3
67.9,33,2013,10,1
68.4,33.8,2013,10,3
68.5,34.1,2013,10,4
68.8,32.3,2013,10,1
69.3,37.1,2013,10,2
69.8,32.6,2013,10,2
70,33.1,2013,10,1
70.1,34.7,2013,10,2
70.1,34.8,2013,10,4
71.3,35.2,2013,10,5
-4.8,25,2013,9,1
0.9,21.3,2013,9,3
3.4,36.6,2013,9,1
11.8,12.1,2013,9,1
30.9,12.1,2013,9,1
36.4,32.8,2013,9,4
36.6,35.2,2013,9,6
36.9,34.5,2013,9,5
37.1,35.2,2013,9,4
39.7,35.1,2013,9,6
44.5,33.8,2013,9,2
44.8,33,2013,9,1
62,33.7,2013,9,2
62.1,33.3,2013,9,3
62.2,32.5,2013,9,2
62.5,32.6,2013,9,4
63.9,30.2,2013,9,2
64.2,26.7,2013,9,1
64.2,31.3,2013,9,3
64.5,35.8,2013,9,3
65.4,36.2,2013,9,3
66.2,35.9,2013,9,1
66.7,33,2013,9,4
68.6,33.5,2013,9,2
69.4,33.4,2013,9,2
69.9,33,2013,9,1
70.9,35,2013,9,2
71.4,35.2,2013,9,2
71.6,33.7,2013,9,1
74.2,34.4,2013,9,4
-0.8,23.9,2013,8,1
3.8,36.7,2013,8,1
9.1,34.8,2013,8,1
35.8,32.8,2013,8,3
36.8,35.6,2013,8,6
36.9,36.2,2013,8,4
37.3,35.8,2013,8,2
37.4,35.8,2013,8,3
37.5,34.6,2013,8,2
39,35.9,2013,8,1
44,32.6,2013,8,3
62.1,32.6,2013,8,1
62.3,34.2,2013,8,1
62.4,32.6,2013,8,3
62.7,34.5,2013,8,4
64.6,31.7,2013,8,4
65.3,31.4,2013,8,2
65.5,31.6,2013,8,2
65.8,36.7,2013,8,4
66.3,32.4,2013,8,3
66.4,31,2013,8,2
66.6,31.5,2013,8,4
68,33.2,2013,8,2
68.6,33.8,2013,8,3
68.6,33.9,2013,8,2
68.6,36.7,2013,8,2
68.9,27.7,2013,8,1
69.2,34.6,2013,8,2
69.5,34.9,2013,8,1
69.5,35.3,2013,8,1
70,33.3,2013,8,1
70,34.7,2013,8,1
70,35,2013,8,2
71.1,34.1,2013,8,3
71.3,35.1,2013,8,3
71.3,35.8,2013,8,2
71.5,34.8,2013,8,3
73.9,34.4,2013,8,2
75.1,32.6,2013,8,2
-4.9,15.7,2013,7,4
0.6,18,2013,7,1
2.8,36.4,2013,7,1
3.9,36.7,2013,7,4
11.2,10.3,2013,7,2
14,13.2,2013,7,1
14.1,11.5,2013,7,1
29.6,12.1,2013,7,3
35.8,33.1,2013,7,3
35.8,35.5,2013,7,4
36,33.2,2013,7,4
36.3,33.7,2013,7,4
36.3,35.7,2013,7,3
36.7,34.1,2013,7,5
36.8,34.5,2013,7,2
36.8,36.2,2013,7,4
37,35.3,2013,7,4
37.1,34.6,2013,7,2
37.2,35.4,2013,7,6
37.3,34.7,2013,7,2
37.4,35,2013,7,2
37.5,35.9,2013,7,4
39.1,35.9,2013,7,2
39.7,35.8,2013,7,1
40.4,35.1,2013,7,4
40.4,35.2,2013,7,7
40.4,36.7,2013,7,2
40.5,35.1,2013,7,6
41.3,36.9,2013,7,2
43.2,37,2013,7,3
44.5,34.9,2013,7,1
44.9,14.3,2013,7,1
62,25.5,2013,7,1
62.7,32.7,2013,7,1
63.8,35.7,2013,7,2
65.3,31.5,2013,7,3
65.5,31.9,2013,7,2
66.2,31.5,2013,7,1
66.6,29.3,2013,7,1
67,31.9,2013,7,1
68.8,34,2013,7,2
68.8,34.5,2013,7,2
68.9,33.8,2013,7,3
68.9,36.8,2013,7,1
69.1,36.6,2013,7,4
69.3,34.9,2013,7,4
69.4,33,2013,7,1
69.8,33.3,2013,7,2
70,34.1,2013,7,2
70.3,35.2,2013,7,1
70.6,34.1,2013,7,2
72,33.4,2013,7,1
74,33.8,2013,7,4
74,34.4,2013,7,2
1.4,18.4,2013,6,2
16.6,31.2,2013,6,4
36.1,33.2,2013,6,3
36.4,35.8,2013,6,3
36.5,35.6,2013,6,4
36.5,35.9,2013,6,4
36.7,33,2013,6,1
36.7,36.1,2013,6,6
36.8,34.4,2013,6,4
36.8,35.5,2013,6,2
37.3,35.1,2013,6,5
37.5,35.4,2013,6,2
38.5,35.9,2013,6,1
38.9,36.4,2013,6,4
39.1,36.3,2013,6,1
42.7,35.6,2013,6,1
44.8,16.2,2013,6,1
46.1,13.8,2013,6,2
48.8,15.9,2013,6,6
49,16,2013,6,3
61.3,32.4,2013,6,2
61.9,35,2013,6,1
62.3,32.5,2013,6,2
62.3,33.6,2013,6,1
62.6,32.8,2013,6,1
63.3,35,2013,6,1
63.4,35.6,2013,6,1
63.5,30.5,2013,6,2
64.2,31.9,2013,6,2
64.3,31.4,2013,6,2
64.3,36,2013,6,3
64.6,31.9,2013,6,1
64.7,31.9,2013,6,2
64.7,36,2013,6,1
65.3,32.5,2013,6,2
65.9,31.5,2013,6,4
66.1,36.8,2013,6,1
66.2,31,2013,6,2
66.3,32.9,2013,6,3
67.7,34.4,2013,6,1
68,33.1,2013,6,2
68.5,32.7,2013,6,2
69.5,33,2013,6,1
70,32.5,2013,6,2
70.1,34.3,2013,6,3
70.3,34.4,2013,6,1
70.4,34.8,2013,6,4
70.5,33.4,2013,6,1
70.9,33,2013,6,1
71.4,33.6,2013,6,1
72,35.3,2013,6,2
72.5,34.1,2013,6,2
74.3,34.4,2013,6,3
-0.1,16.6,2013,5,1
1,21.2,2013,5,1
1.1,36.1,2013,5,1
2.4,36.6,2013,5,2
3.7,36.8,2013,5,4
3.8,36.5,2013,5,3
3.9,36.8,2013,5,3
3.9,36.9,2013,5,1
4,36.8,2013,5,1
4.4,36.7,2013,5,4
11.1,11.7,2013,5,1
13.4,10.3,2013,5,1
24.4,11.2,2013,5,1
35.9,32.7,2013,5,4
36.3,35.6,2013,5,4
36.4,33,2013,5,2
36.4,33.7,2013,5,4
36.5,36,2013,5,4
36.7,34.5,2013,5,3
36.8,36.3,2013,5,1
36.9,35.1,2013,5,5
37,33,2013,5,2
37,35.4,2013,5,6
37,35.9,2013,5,4
37.1,34.3,2013,5,3
37.4,35.9,2013,5,2
37.5,35.3,2013,5,1
37.5,36.5,2013,5,4
38.2,36.2,2013,5,2
39.6,35,2013,5,3
40.4,35.3,2013,5,4
41.5,37,2013,5,1
43.5,33.4,2013,5,1
43.7,34.5,2013,5,1
44.1,34,2013,5,1
44.2,32.9,2013,5,1
44.2,33.8,2013,5,1
44.6,13.2,2013,5,2
44.9,13.1,2013,5,4
45,12.8,2013,5,4
45.6,16.7,2013,5,1
45.9,36,2013,5,1
61.6,35.1,2013,5,2
62.1,32.8,2013,5,2
62.1,34.3,2013,5,1
62.2,35,2013,5,2
64,30.6,2013,5,2
65.4,36,2013,5,2
65.6,32.9,2013,5,2
65.6,33.2,2013,5,3
65.8,32.5,2013,5,1
66,36.3,2013,5,1
66.1,35.9,2013,5,1
67,30.6,2013,5,1
67.3,32,2013,5,1
68,33,2013,5,1
68.1,33.3,2013,5,1
68.2,33.2,2013,5,1
68.4,33.2,2013,5,1
68.5,33.2,2013,5,1
68.5,33.7,2013,5,2
68.5,36.2,2013,5,1
68.6,36,2013,5,3
68.8,34.2,2013,5,2
69,36,2013,5,2
69.1,33.1,2013,5,3
69.2,34.8,2013,5,1
69.2,37.1,2013,5,1
69.4,34,2013,5,1
69.7,32.3,2013,5,3
69.8,32.3,2013,5,1
69.8,32.5,2013,5,2
70.1,34.1,2013,5,1
70.1,37.3,2013,5,1
70.5,32.8,2013,5,1
70.8,34,2013,5,1
70.9,34.2,2013,5,3
71,34.9,2013,5,3
71.9,34.6,2013,5,1
73.2,34.3,2013,5,1
74.1,34.6,2013,5,1
74.2,33.2,2013,5,3
74.9,34.3,2013,5,1
75.1,33.9,2013,5,1
75.3,32.5,2013,5,1
-16.7,12.9,2013,4,1
-1.3,15.8,2013,4,1
-1.2,15.9,2013,4,1
1.7,36.5,2013,4,1
3,28,2013,4,2
3.7,36.1,2013,4,1
4.3,36.8,2013,4,1
4.4,36.9,2013,4,1
8.8,35.2,2013,4,1
11,10.5,2013,4,1
11.9,12.9,2013,4,1
13.4,11.7,2013,4,1
13.8,11.4,2013,4,1
14.2,12.2,2013,4,1
24.9,12.7,2013,4,1
25.4,12.1,2013,4,1
29.7,11,2013,4,5
34.3,31.3,2013,4,2
34.8,10.8,2013,4,1
35.9,35.4,2013,4,3
36.2,35.9,2013,4,2
36.4,35.3,2013,4,3
36.8,34.8,2013,4,3
37.3,35.2,2013,4,1
37.4,35.4,2013,4,2
37.5,34.5,2013,4,3
37.6,34.2,2013,4,1
37.6,35.5,2013,4,1
37.7,35.3,2013,4,2
37.9,36.5,2013,4,1
38.9,35.2,2013,4,3
39.8,35.6,2013,4,4
40,35.3,2013,4,4
40.1,36.8,2013,4,1
40.3,36.7,2013,4,1
40.7,35.6,2013,4,1
40.9,36.4,2013,4,1
41.1,36.4,2013,4,2
41.1,37,2013,4,1
42.8,33.6,2013,4,1
43.8,14.3,2013,4,1
43.8,16.9,2013,4,1
43.8,34.5,2013,4,1
43.9,35.3,2013,4,1
44.1,35.7,2013,4,1
44.6,32.7,2013,4,2
45.4,14.7,2013,4,1
47,40,2013,4,3
47.1,31.8,2013,4,2
48.2,16,2013,4,3
48.7,14.4,2013,4,1
61.6,31.7,2013,4,1
62,35.4,2013,4,1
62.1,30.2,2013,4,1
62.1,33,2013,4,1
62.2,33.3,2013,4,1
62.3,33.4,2013,4,2
62.7,34.2,2013,4,1
62.8,32.9,2013,4,1
63.5,35.3,2013,4,1
63.6,34.8,2013,4,2
63.8,33.2,2013,4,1
64,32.1,2013,4,2
64,34.4,2013,4,1
64.2,31.1,2013,4,1
64.2,31.7,2013,4,1
64.5,31.6,2013,4,2
64.5,34.1,2013,4,1
65.1,36.5,2013,4,1
65.4,32.6,2013,4,1
65.4,32.8,2013,4,1
65.4,36.1,2013,4,3
65.5,33,2013,4,1
65.7,36.7,2013,4,1
65.8,36.1,2013,4,1
65.9,35.3,2013,4,1
66,31.1,2013,4,1
66,32.1,2013,4,3
66.2,33.8,2013,4,1
66.5,32.8,2013,4,1
66.5,32.9,2013,4,1
66.6,32.9,2013,4,2
66.7,31.7,2013,4,2
66.9,36.1,2013,4,1
67.1,32,2013,4,1
67.7,29.2,2013,4,1
68,33.5,2013,4,2
68.1,32.9,2013,4,1
68.3,33.6,2013,4,1
68.4,32.2,2013,4,1
68.7,36.3,2013,4,2
68.8,33.2,2013,4,2
69,33.1,2013,4,3
69,35.1,2013,4,2
69.1,34.1,2013,4,4
69.2,33.6,2013,4,1
69.3,34.5,2013,4,2
69.3,36.2,2013,4,1
69.3,36.4,2013,4,2
69.5,33.3,2013,4,2
69.7,33.9,2013,4,1
69.9,33.3,2013,4,4
69.9,34.3,2013,4,2
69.9,34.6,2013,4,1
70.2,34.5,2013,4,2
70.3,32.9,2013,4,1
70.3,34.2,2013,4,2
70.4,33.2,2013,4,2
70.4,37.3,2013,4,1
70.6,37,2013,4,1
70.7,32.8,2013,4,1
70.7,34.3,2013,4,2
70.8,33,2013,4,1
70.8,37.2,2013,4,1
70.9,37,2013,4,1
71,35.6,2013,4,1
71.4,35.4,2013,4,1
72.4,34.3,2013,4,1
74.5,34.2,2013,4,1
74.8,33.9,2013,4,2
74.9,33.7,2013,4,1
74.9,33.8,2013,4,3
75,33.8,2013,4,3
75.2,33.9,2013,4,1
3.9,36.2,2013,3,1
4.1,36.9,2013,3,1
4.2,36.2,2013,3,1
4.3,36.6,2013,3,2
5.1,13,2013,3,1
5.7,34.8,2013,3,1
9.8,26.5,2013,3,2
10.6,12.6,2013,3,1
10.7,24.6,2013,3,1
11.5,12,2013,3,1
12.5,10.2,2013,3,1
13.9,11.4,2013,3,1
24.6,14.6,2013,3,1
25.8,14.4,2013,3,1
29.2,13,2013,3,3
30.5,11.2,2013,3,1
36.1,32.9,2013,3,3
36.3,33.1,2013,3,1
36.3,36,2013,3,2
36.6,33.8,2013,3,3
36.8,35.2,2013,3,2
36.9,36.5,2013,3,3
37.1,35.1,2013,3,1
37.3,35.5,2013,3,2
37.3,35.9,2013,3,2
37.5,34.9,2013,3,1
38.2,35.8,2013,3,1
39.7,35.4,2013,3,3
40,35.9,2013,3,1
40.7,36.3,2013,3,2
44.3,32.9,2013,3,1
44.8,13.2,2013,3,1
45.2,34.3,2013,3,1
45.3,31.3,2013,3,2
45.8,35.9,2013,3,1
48.6,15.9,2013,3,1
49,14.9,2013,3,1
61.3,33,2013,3,1
61.8,32.3,2013,3,1
62,34,2013,3,2
63,35.2,2013,3,2
63.3,32,2013,3,1
64.1,30.8,2013,3,1
64.6,36.1,2013,3,2
64.7,31.7,2013,3,2
64.7,35.9,2013,3,1
64.8,32.4,2013,3,2
64.8,36.2,2013,3,2
65,31.8,2013,3,1
65,36.8,2013,3,1
65.1,33.6,2013,3,2
65.4,31.5,2013,3,2
65.5,32.6,2013,3,1
65.5,36.2,2013,3,1
65.6,35,2013,3,1
65.7,35.6,2013,3,1
65.9,36.4,2013,3,1
66,32.2,2013,3,1
66.1,33,2013,3,1
66.1,36.2,2013,3,1
66.1,37,2013,3,1
66.3,31.6,2013,3,1
66.3,35.8,2013,3,2
66.5,33.2,2013,3,1
66.8,30.2,2013,3,1
67.1,36.7,2013,3,2
68.6,33.4,2013,3,1
68.7,32.9,2013,3,1
68.7,33.6,2013,3,1
68.7,34.3,2013,3,1
68.7,36.7,2013,3,1
68.8,35,2013,3,2
68.9,33.7,2013,3,1
69.1,36.7,2013,3,2
69.2,32.6,2013,3,1
69.6,32.3,2013,3,2
69.7,33.4,2013,3,2
69.8,35.4,2013,3,1
70,33.5,2013,3,2
70.1,33.4,2013,3,1
70.4,34.1,2013,3,3
70.5,33.2,2013,3,1
70.5,33.8,2013,3,1
70.6,37.1,2013,3,1
71,35.2,2013,3,2
71.1,33.8,2013,3,1
71.1,34.8,2013,3,2
71.2,34.5,2013,3,1
71.2,36.7,2013,3,1
71.5,33.4,2013,3,1
71.5,35.3,2013,3,2
71.5,35.5,2013,3,1
72.3,34.2,2013,3,1
74,34.1,2013,3,1
74.1,35.4,2013,3,1
74.4,34.5,2013,3,3
74.5,32.5,2013,3,2
74.5,34.3,2013,3,3
-16.1,13.1,2013,2,1
-8,12.7,2013,2,1
-2.4,15.1,2013,2,1
-0.9,35,2013,2,1
2.1,13.5,2013,2,2
2.2,36.2,2013,2,1
2.7,16.7,2013,2,1
3.6,36.4,2013,2,2
4.3,36.9,2013,2,1
7.1,35.4,2013,2,1
8.5,12.1,2013,2,1
12.5,11.8,2013,2,1
22.6,32.8,2013,2,1
24.6,12.9,2013,2,2
25.1,13.3,2013,2,1
30.6,11.1,2013,2,1
30.8,12.1,2013,2,5
31.4,12.2,2013,2,2
33.9,10.4,2013,2,1
33.9,10.5,2013,2,1
34.5,31.5,2013,2,2
35.3,32.5,2013,2,2
36.1,35.8,2013,2,3
36.2,33.8,2013,2,4
36.3,33,2013,2,2
36.3,33.2,2013,2,1
36.4,33.1,2013,2,3
36.4,33.9,2013,2,2
36.5,34.4,2013,2,3
36.5,35,2013,2,1
36.6,33.9,2013,2,1
36.6,34.1,2013,2,2
36.6,35,2013,2,1
36.8,32.8,2013,2,1
36.8,33.3,2013,2,2
36.9,34.8,2013,2,2
37.1,34.1,2013,2,2
37.1,35.4,2013,2,2
37.1,35.9,2013,2,1
37.2,35.3,2013,2,1
37.3,36,2013,2,2
37.5,33.5,2013,2,2
37.6,35.1,2013,2,2
37.6,36.3,2013,2,2
38,36.7,2013,2,2
38.1,35.5,2013,2,1
38.3,36.6,2013,2,1
38.7,35.7,2013,2,1
38.7,35.9,2013,2,1
38.7,36.1,2013,2,1
38.8,35.6,2013,2,1
38.9,35.1,2013,2,1
39,36.3,2013,2,1
39,55.8,2013,2,1
39.1,36,2013,2,1
39.8,35.7,2013,2,1
40.8,36.4,2013,2,1
41.4,37.4,2013,2,1
41.7,36.7,2013,2,1
43.2,44,2013,2,1
43.5,44.7,2013,2,3
43.8,33.3,2013,2,2
44.8,14.5,2013,2,1
44.8,43.3,2013,2,1
45.1,13.6,2013,2,1
45.5,36.2,2013,2,1
45.8,32.5,2013,2,2
46.7,42.8,2013,2,1
46.8,14.5,2013,2,1
46.9,40.3,2013,2,2
47,39.7,2013,2,1
49,11.2,2013,2,1
61.5,32.3,2013,2,1
61.5,34.4,2013,2,1
61.6,34.4,2013,2,1
61.8,31,2013,2,1
61.9,32.1,2013,2,1
62.3,31.2,2013,2,1
62.5,34.3,2013,2,1
62.6,32.6,2013,2,1
62.6,32.7,2013,2,1
62.7,32.6,2013,2,1
62.8,34.2,2013,2,1
62.9,34.9,2013,2,1
63.7,34.3,2013,2,1
64.2,31.6,2013,2,2
64.3,31.7,2013,2,1
64.6,31.6,2013,2,2
64.9,32.2,2013,2,1
64.9,36.3,2013,2,1
64.9,37,2013,2,1
65,36.1,2013,2,1
65.2,31.5,2013,2,1
65.3,32.9,2013,2,1
65.3,34.5,2013,2,1
65.4,35.9,2013,2,1
65.5,31.5,2013,2,1
65.5,33.5,2013,2,1
65.6,27,2013,2,1
65.6,33,2013,2,1
65.9,35.5,2013,2,1
66,31.7,2013,2,1
66,32.6,2013,2,1
66.2,36,2013,2,2
66.3,36.8,2013,2,1
66.6,36.7,2013,2,1
67.1,29.6,2013,2,1
68,36.3,2013,2,1
68.2,33.5,2013,2,1
68.3,32.3,2013,2,1
68.4,36.9,2013,2,1
68.7,34,2013,2,2
68.7,35.6,2013,2,1
68.8,35.6,2013,2,1
68.8,36.7,2013,2,2
68.9,33.5,2013,2,1
69.1,32.8,2013,2,2
69.1,33.5,2013,2,2
69.1,34.2,2013,2,1
69.2,32.9,2013,2,1
69.2,36.2,2013,2,1
69.3,34,2013,2,2
69.4,32.9,2013,2,1
69.6,33.4,2013,2,1
69.7,33,2013,2,1
69.7,34.6,2013,2,2
69.8,36.7,2013,2,1
69.9,33.8,2013,2,1
70,34.3,2013,2,1
70.1,32.3,2013,2,1
70.3,40.3,2013,2,1
70.6,34.4,2013,2,1
70.6,34.5,2013,2,1
70.9,35.3,2013,2,1
71,34.2,2013,2,1
71.2,34.9,2013,2,2
71.3,36.4,2013,2,1
71.5,34,2013,2,1
71.6,34.8,2013,2,1
72.1,34.2,2013,2,2
72.1,34.4,2013,2,1
73.8,33.9,2013,2,2
74,33.7,2013,2,2
74.1,33.5,2013,2,1
74.1,33.6,2013,2,1
74.4,34.1,2013,2,2
74.6,34.2,2013,2,1
74.7,32.6,2013,2,1
75,33.9,2013,2,1
-16.5,12.8,2013,1,1
-16.2,13,2013,1,1
-0.3,27.9,2013,1,1
1.3,36.5,2013,1,1
2,30.6,2013,1,1
2.3,20,2013,1,1
2.4,15.9,2013,1,1
2.8,36.3,2013,1,1
4.2,36.5,2013,1,1
4.2,36.8,2013,1,2
4.3,36.4,2013,1,1
5.2,13.1,2013,1,1
6.2,35.6,2013,1,1
7.1,34.9,2013,1,1
8.6,12,2013,1,1
9.2,11.1,2013,1,1
11,11.6,2013,1,1
11.7,11,2013,1,1
12.6,11.8,2013,1,1
13.8,11.2,2013,1,1
24.8,13.2,2013,1,1
32.7,10,2013,1,2
34.4,31.4,2013,1,1
35,32.2,2013,1,1
35.1,31.9,2013,1,1
35.2,31.9,2013,1,1
35.8,32.7,2013,1,1
35.8,33.3,2013,1,1
35.9,35.9,2013,1,1
36,33.7,2013,1,1
36,35.9,2013,1,1
36.1,35.3,2013,1,1
36.2,32.5,2013,1,1
36.2,35,2013,1,1
36.2,35.5,2013,1,1
36.3,32.5,2013,1,1
36.3,35.5,2013,1,1
36.4,34.6,2013,1,1
36.5,33.9,2013,1,2
36.6,32.5,2013,1,2
36.6,34.8,2013,1,1
36.7,32.4,2013,1,1
36.7,35,2013,1,1
36.9,33.7,2013,1,1
36.9,34.7,2013,1,1
36.9,35.7,2013,1,1
36.9,35.8,2013,1,1
37,34.9,2013,1,1
37.1,35.6,2013,1,1
37.1,36.4,2013,1,1
37.2,34.1,2013,1,1
37.2,36.6,2013,1,1
37.2,36.7,2013,1,1
37.3,36.4,2013,1,1
37.3,36.6,2013,1,1
37.4,35.3,2013,1,1
37.5,35.2,2013,1,1
37.5,35.6,2013,1,1
37.6,36.1,2013,1,1
37.6,36.7,2013,1,1
37.8,36.2,2013,1,2
37.9,34.5,2013,1,1
38,36.3,2013,1,1
38,36.9,2013,1,1
38.1,35.9,2013,1,1
38.1,36.8,2013,1,1
38.4,35.6,2013,1,1
38.6,35.3,2013,1,1
39,36.2,2013,1,1
39.2,35.9,2013,1,1
39.3,35.8,2013,1,1
39.8,35.2,2013,1,1
40,36.8,2013,1,1
40.2,36.7,2013,1,1
40.5,34.9,2013,1,1
40.5,35.3,2013,1,1
40.7,34.8,2013,1,1
40.7,36.2,2013,1,1
40.7,37.3,2013,1,1
40.8,35.8,2013,1,1
41,34.4,2013,1,1
41,34.5,2013,1,1
41,36.7,2013,1,1
42,36.9,2013,1,1
42.1,37.2,2013,1,1
42.2,37.3,2013,1,1
42.7,37.3,2013,1,1
44.3,32,2013,1,1
44.5,39.3,2013,1,1
45.2,43.2,2013,1,1
46.1,13.9,2013,1,1
46.2,38.9,2013,1,1
46.8,40.4,2013,1,1
47.3,39.6,2013,1,1
47.5,40.5,2013,1,2
47.5,43,2013,1,1
49.1,11,2013,1,1
61.2,34.2,2013,1,1
61.3,34.6,2013,1,1
62.2,34.8,2013,1,1
62.3,34.3,2013,1,1
62.3,35.2,2013,1,1
63.1,34.8,2013,1,1
63.1,35,2013,1,1
63.2,34.4,2013,1,1
63.2,35.5,2013,1,1
63.4,35.5,2013,1,1
64.2,31.8,2013,1,1
64.3,32.1,2013,1,1
64.5,31.7,2013,1,1
64.6,32.1,2013,1,1
64.8,31.7,2013,1,1
65.1,31.6,2013,1,1
65.3,35.6,2013,1,1
65.5,32.2,2013,1,1
65.6,31.6,2013,1,1
65.6,31.7,2013,1,1
65.6,31.8,2013,1,1
65.6,32,2013,1,1
65.8,36.6,2013,1,1
65.9,32.7,2013,1,1
65.9,36.2,2013,1,1
65.9,36.3,2013,1,1
66,32.7,2013,1,1
66.1,33.7,2013,1,1
66.1,36.9,2013,1,1
66.4,30.8,2013,1,1
66.4,30.9,2013,1,1
66.5,32.2,2013,1,1
66.5,36.1,2013,1,1
66.6,33.7,2013,1,1
67.2,32.3,2013,1,1
67.5,32.6,2013,1,1
67.7,36,2013,1,1
67.8,31.8,2013,1,1
67.9,32.9,2013,1,1
68.1,33.1,2013,1,1
68.4,25.4,2013,1,1
68.5,33.4,2013,1,1
68.7,34.4,2013,1,1
68.8,34.1,2013,1,1
68.8,37.2,2013,1,1
68.9,34,2013,1,1
68.9,34.3,2013,1,1
69.1,34.7,2013,1,1
69.2,35.6,2013,1,1
69.3,32.5,2013,1,1
69.3,33.2,2013,1,1
69.3,35,2013,1,1
69.4,33.5,2013,1,1
69.5,36.7,2013,1,1
69.5,36.8,2013,1,1
69.6,33.3,2013,1,1
69.6,33.8,2013,1,1
69.7,33.3,2013,1,1
69.7,34.2,2013,1,1
69.7,34.3,2013,1,1
69.9,33.5,2013,1,1
70.3,34.8,2013,1,1
70.5,34.2,2013,1,1
70.6,33,2013,1,1
70.6,33.1,2013,1,1
70.7,35.1,2013,1,1
70.8,36.8,2013,1,1
70.9,34.3,2013,1,1
71,34.7,2013,1,1
71,34.8,2013,1,1
71,37.2,2013,1,1
71,39,2013,1,1
71.4,34.8,2013,1,1
72.5,34.5,2013,1,1
72.6,34.1,2013,1,1
73.9,33.4,2013,1,1
73.9,33.6,2013,1,1
74.1,33.8,2013,1,1
74.1,33.9,2013,1,1
74.1,34,2013,1,1
74.1,34.4,2013,1,1
74.2,33.1,2013,1,1
74.3,34,2013,1,1
74.4,34.4,2013,1,1
74.5,34.4,2013,1,1
74.6,32.6,2013,1,1
74.7,32.9,2013,1,1
74.8,32.8,2013,1,1
74.8,33.7,2013,1,1
74.8,34.6,2013,1,1
74.9,32.5,2013,1,1
74.9,33.9,2013,1,1
75.1,33.7,2013,1,1
75.2,33.8,2013,1,1
75.6,35.3,2013,1,1
79.8,19.9,2013,1,1
3.5,36.6,2013,0,1
8.3,13,2013,0,1
8.5,11.7,2013,0,1
9.8,10.3,2013,0,1
12.3,11.5,2013,0,1
12.4,10.1,2013,0,1
13.2,12.5,2013,0,1
13.3,11.9,2013,0,3
13.7,32.1,2013,0,1
13.8,12.4,2013,0,1
20.5,32.5,2013,0,1
24.1,12.9,2013,0,1
24.3,12.5,2013,0,1
24.4,13.2,2013,0,1
24.5,13,2013,0,1
25,12.4,2013,0,1
25.5,16,2013,0,2
25.6,14.1,2013,0,1
30,10.6,2013,0,1
30.9,12.3,2013,0,1
31,11.9,2013,0,1
34.1,11.2,2013,0,3
34.1,11.3,2013,0,1
34.1,11.4,2013,0,1
36.3,35.4,2013,0,1
37.3,34.9,2013,0,1
38.6,36.6,2013,0,1
41.7,43.9,2013,0,1
43.1,44,2013,0,1
44,13.6,2013,0,3
44.2,43.2,2013,0,1
44.4,14.5,2013,0,1
45,13,2013,0,1
45.6,14,2013,0,1
48.5,15.8,2013,0,3
62.7,34,2013,0,1
66.2,32.4,2013,0,2
67.3,32.9,2013,0,1
68.1,36.2,2013,0,1
68.7,35.7,2013,0,1
69.1,33.9,2013,0,1
69.3,36.3,2013,0,1
69.5,32.6,2013,0,1
69.7,32.9,2013,0,2
70.1,34.5,2013,0,1
71,35,2013,0,1
38,35,2014,18477,195
37.2,36.2,2014,6965,1421
65,33,2014,3652,91
36.4,33.5,2014,3120,1014
36.3,33.5,2014,2335,850
37.6,36.2,2014,1506,328
43.6,34.7,2014,1503,2
36.4,33.6,2014,1299,538
38.6,48.1,2014,1260,51
37.4,33.5,2014,1216,353
36.7,34.7,2014,1076,288
39,36,2014,998,82
37.9,34.9,2014,923,32
34.5,31.5,2014,918,330
36.7,35.4,2014,863,280
40.2,35.3,2014,779,137
37.2,35.2,2014,746,202
13.2,11.8,2014,737,5
36.7,35.6,2014,725,191
44.4,33.3,2014,724,47
43.1,36.3,2014,706,32
43.3,33.4,2014,702,58
36.4,33.8,2014,698,260
36.2,32.9,2014,662,226
43.5,34.9,2014,640,27
44.2,32.9,2014,631,10
43.8,33.4,2014,629,55
37.2,36.3,2014,615,116
40.1,35.3,2014,587,243
38.6,35.8,2014,586,28
36.1,32.6,2014,564,246
35.9,33.1,2014,560,161
34.3,31.3,2014,558,188
36,35.9,2014,554,98
44.4,35.5,2014,526,16
36.1,35.7,2014,518,141
41.8,33,2014,500,15
36.7,35.8,2014,493,184
36.7,34.8,2014,456,201
38.3,34.5,2014,445,167
36,32.9,2014,442,137
36.7,34.9,2014,440,151
42.8,36.6,2014,419,3
34.2,31.3,2014,408,134
36.7,34,2014,405,110
38.2,47.9,2014,405,64
36.5,33.6,2014,404,139
43.9,16.2,2014,397,13
37.1,36.3,2014,396,131
37.7,48.1,2014,395,93
14.2,12.4,2014,383,11
44,33,2014,376,5
37.3,36.3,2014,372,118
36.6,35.9,2014,368,113
36.2,32.8,2014,365,151
36.2,33.5,2014,359,146
42.8,33.6,2014,359,9
36.1,33,2014,358,131
43.7,34.6,2014,346,28
44.6,34.7,2014,342,9
64,31,2014,325,65
37.5,36.4,2014,322,36
34.4,31.4,2014,315,129
69.7,32.9,2014,307,27
36.1,32.7,2014,295,105
42.6,36.2,2014,292,16
37.8,48,2014,284,57
36.6,35.3,2014,282,134
70.7,33.8,2014,281,18
14.1,11.2,2014,273,5
36,35.8,2014,271,36
13.3,10.3,2014,268,4
45.2,34.3,2014,263,26
36.3,34.7,2014,259,51
70.4,34.3,2014,257,58
36.7,36,2014,255,99
13.4,11.7,2014,242,6
13.3,10.6,2014,234,4
39,48.9,2014,233,23
43.6,34.5,2014,228,12
36.1,33.7,2014,224,146
12.9,11.4,2014,221,5
38.5,48.6,2014,214,11
42.1,36.3,2014,213,3
67,24.9,2014,212,53
36.5,32.5,2014,211,109
38.5,35.8,2014,211,11
36.6,33.5,2014,210,19
71.4,35,2014,210,12
36.7,35.3,2014,209,74
65.8,31,2014,205,47
65,32.1,2014,204,22
40.3,35.2,2014,201,86
36.2,32.6,2014,200,73
44.2,34.1,2014,199,10
70,33,2014,198,16
36,33.1,2014,197,54
69.5,32.6,2014,197,14
36.7,35.2,2014,196,62
40.7,36.5,2014,191,46
71.1,35,2014,189,35
43.6,35.8,2014,188,10
13.4,11.2,2014,186,5
67.1,33.5,2014,185,7
67.8,33.3,2014,183,41
70.2,33,2014,183,16
14.5,11,2014,174,9
69.2,34,2014,167,37
12.8,11.2,2014,166,5
69.9,33,2014,163,5
64.5,32.5,2014,162,11
69.2,34.5,2014,162,35
71.1,34,2014,162,11
43.7,33.4,2014,161,1
36.6,35.4,2014,160,83
67.2,32.2,2014,159,40
44.7,34.8,2014,157,18
38.1,47.7,2014,155,142
36.5,33.5,2014,152,74
41.2,34.4,2014,151,8
12,11.7,2014,150,1
69.3,33.7,2014,148,31
35.8,33.2,2014,145,32
13.7,11.5,2014,144,3
36.2,33.3,2014,143,66
68,34.2,2014,142,28
68.8,36.8,2014,140,32
35.9,33,2014,138,43
36.5,35.3,2014,137,38
36.4,34.2,2014,136,11
44.2,15.4,2014,136,21
71.5,33.9,2014,135,12
42.4,36.4,2014,134,5
36.5,36.1,2014,133,24
43.9,34.2,2014,133,11
36.1,33.4,2014,128,62
36.6,34,2014,128,43
35.8,33.1,2014,124,34
66,32.8,2014,124,31
36.1,32.8,2014,123,52
12.7,32.1,2014,121,7
38.8,48,2014,119,9
25,11.9,2014,118,2
36.3,35.8,2014,118,39
36.5,35.4,2014,118,38
36.8,35.1,2014,118,63
39.3,48.6,2014,118,18
36,32.8,2014,117,53
40.5,35,2014,116,27
36.8,36.1,2014,114,27
36.6,35.2,2014,113,37
44.6,33.7,2014,113,13
44.9,34,2014,112,10
37.5,35.8,2014,110,21
45,34,2014,109,9
36.4,33.7,2014,108,20
36.5,34.9,2014,108,77
13.5,10.9,2014,107,3
35.9,33.2,2014,107,29
37.1,36.2,2014,107,31
44.3,34,2014,107,2
36.6,35.8,2014,104,47
36,35.7,2014,103,25
37,36.3,2014,103,34
70.2,34.8,2014,102,21
41.2,37.1,2014,100,10
42.6,36.8,2014,100,8
44,35.7,2014,100,1
1.4,18.4,2014,98,4
35.9,32.8,2014,98,24
36.6,35.7,2014,98,27
43.8,35.3,2014,98,12
36.6,35.6,2014,95,43
36.1,33.2,2014,94,21
36.2,33.4,2014,94,51
37.2,36.1,2014,94,36
44.9,34.4,2014,94,3
48.8,15.9,2014,93,8
43,33.4,2014,92,1
68.8,32.4,2014,92,22
13.2,32.9,2014,91,7
32.8,11.7,2014,90,1
69.9,33.4,2014,90,21
30.5,50.5,2014,88,6
37,36.4,2014,88,39
36.7,35.9,2014,87,34
34.3,31.4,2014,86,51
36.2,35.6,2014,84,23
36.3,33.4,2014,84,38
40.9,34.5,2014,82,18
36.8,35.9,2014,81,40
38.9,36,2014,81,32
64.6,31.8,2014,81,17
68.4,33.3,2014,81,16
70.1,33,2014,81,11
37.6,36.4,2014,80,7
37.6,48.9,2014,80,25
47.6,14.3,2014,80,5
36,33,2014,79,18
71.6,34,2014,78,29
11.4,10.9,2014,77,1
36.2,33.7,2014,77,24
41.9,36.3,2014,77,7
36.3,34.8,2014,76,22
13.7,11.1,2014,75,6
37.3,36,2014,75,11
34.4,31.3,2014,74,43
69.8,34.3,2014,74,7
37.2,36,2014,73,15
42.1,36.8,2014,73,6
64.8,36.2,2014,73,12
70.9,33.8,2014,73,5
44.1,35.5,2014,71,2
36.3,35.4,2014,70,8
36.5,33.9,2014,70,4
36.7,35.5,2014,70,17
36.8,34.9,2014,70,39
38,48.3,2014,70,15
70.5,34.4,2014,70,20
72,36.8,2014,70,17
36.1,33.1,2014,69,11
36.7,36.2,2014,69,14
36.9,36.3,2014,69,31
25.6,14.1,2014,68,1
37.1,36.5,2014,68,33
44.1,15.4,2014,68,2
43.4,36.4,2014,67,4
44.3,33.1,2014,67,4
45.3,32.7,2014,67,1
70.1,34.2,2014,67,10
38,36.5,2014,66,16
36.3,32.8,2014,65,36
37.1,36.1,2014,65,19
45.1,34.2,2014,65,9
67.6,32.7,2014,65,5
39.5,48.4,2014,64,9
43.9,33.4,2014,64,7
62.4,33.2,2014,64,10
10,11.2,2014,63,2
36,33.4,2014,63,8
44.6,34.9,2014,63,9
36,33.2,2014,62,14
37.4,36.1,2014,62,23
39.3,48.7,2014,62,42
23.3,13.5,2014,61,2
37.2,36.5,2014,61,25
74.6,31.6,2014,61,1
36.6,35.5,2014,60,34
40.7,36.1,2014,60,9
44.7,16.1,2014,60,4
38.2,47.8,2014,59,59
62,34.5,2014,59,15
38.8,47.9,2014,58,32
37.5,36.3,2014,57,15
65.7,31.6,2014,57,16
68.4,33.5,2014,57,11
14.1,11.5,2014,56,2
36,32.7,2014,56,15
44.5,34.3,2014,56,3
48.5,15.8,2014,56,7
13.5,11.6,2014,55,2
43.2,35.5,2014,55,4
65,31.6,2014,54,12
67,36.8,2014,54,9
38.8,36.4,2014,53,2
66.6,36.5,2014,53,2
71,33.8,2014,53,8
36.7,33.6,2014,52,26
37.2,35.4,2014,52,19
39.8,35.6,2014,52,5
46.9,14.1,2014,52,8
36.1,32.9,2014,51,12
36.6,34.1,2014,51,12
37.3,36.5,2014,51,17
40.4,35.2,2014,51,19
44.4,32.5,2014,51,1
64.9,32.1,2014,51,7
12.6,11.8,2014,50,3
13.4,10.6,2014,50,1
13.6,10.9,2014,50,1
25.5,16,2014,50,1
37,36.6,2014,50,13
37.5,48.6,2014,50,1
13.9,12.4,2014,49,3
27.1,11.9,2014,49,2
37.1,35.7,2014,49,17
64.4,31.6,2014,49,13
69,35.8,2014,49,12
70.8,33.8,2014,49,3
12,11.3,2014,48,2
13,11.5,2014,48,10
36.4,33,2014,48,8
69.2,32.9,2014,48,3
44.2,35.2,2014,47,6
12.8,10.8,2014,46,1
36.8,36,2014,46,21
36.8,36.2,2014,46,14
37,36.2,2014,46,16
37.5,47.1,2014,46,19
40.8,36.4,2014,46,8
13.7,11,2014,45,2
13.8,11.2,2014,45,3
43.3,33.5,2014,45,2
44.6,33.1,2014,45,3
65.1,33.6,2014,45,1
68.6,36.7,2014,45,10
68.9,37.1,2014,45,5
36.5,35.7,2014,44,23
36.5,36.2,2014,44,10
36.8,35.8,2014,44,16
64.8,32.1,2014,44,7
66.2,35.8,2014,44,11
69.6,33,2014,44,4
71.3,35.2,2014,44,5
71.5,35.3,2014,44,6
13,11.7,2014,43,1
36.2,33.6,2014,43,22
36.5,35.5,2014,43,10
37.2,36.4,2014,43,10
37.3,36.2,2014,43,16
37.7,36.2,2014,43,17
39.1,34.5,2014,43,9
39.5,48.5,2014,43,19
42.4,34.1,2014,43,4
45.4,14.3,2014,43,9
47,15,2014,43,14
12.2,10.8,2014,42,1
36.8,35.4,2014,42,13
39,36.7,2014,42,2
46.9,14.3,2014,42,5
36.4,35.5,2014,41,22
36.6,34.5,2014,41,20
37.1,35,2014,41,15
44.8,14.4,2014,41,7
65,32.5,2014,41,3
68.7,33.9,2014,41,12
70,33.1,2014,41,3
70.8,34.3,2014,41,11
36.3,32.6,2014,40,24
37.1,36,2014,40,19
37.6,48.7,2014,40,2
38,36.8,2014,40,2
44.6,16.1,2014,40,1
45,12.8,2014,40,14
65.2,28.9,2014,40,1
69.2,37,2014,40,13
36,35.6,2014,39,27
36.4,33.9,2014,39,13
44.7,33.7,2014,39,2
47.5,14.3,2014,39,5
71.4,34,2014,39,7
31.2,10.4,2014,38,1
31.5,10.6,2014,38,1
36.2,32.7,2014,38,23
36.4,35.4,2014,38,15
39.2,48.6,2014,38,5
65,34,2014,38,7
34.1,31.2,2014,37,7
24,13.1,2014,36,2
33.7,30.5,2014,36,5
39.5,47.9,2014,36,1
42.5,33.9,2014,36,2
45.6,16.7,2014,36,4
71.2,36.8,2014,36,1
13.2,10.3,2014,35,1
43.9,35.3,2014,35,3
62.5,32.5,2014,35,11
70,34.2,2014,35,5
26.6,12,2014,34,1
33.8,31.1,2014,34,2
36.5,33.8,2014,34,12
36.9,35.2,2014,34,3
37.4,35,2014,34,9
37.4,35.4,2014,34,6
40.1,35.4,2014,34,16
40.3,35.3,2014,34,8
44.1,34,2014,34,5
45.7,43.3,2014,34,5
68,33.2,2014,34,5
13.9,11.2,2014,33,1
24.7,14.2,2014,33,4
43.9,33.2,2014,33,3
62.1,33.3,2014,33,5
69.6,35,2014,33,9
-3,20,2014,32,5
13.6,13,2014,32,1
13.7,10.7,2014,32,1
14,11.2,2014,32,1
36.9,35,2014,32,12
37.1,36.4,2014,32,10
37.4,35.3,2014,32,10
65.2,31.5,2014,32,6
70.1,33.2,2014,32,1
71.5,34.8,2014,32,7
14.2,11.2,2014,31,1
36.3,35.5,2014,31,21
36.9,36.1,2014,31,14
38.4,48.3,2014,31,27
62.5,31,2014,31,8
65.4,31.6,2014,31,7
68.3,33.1,2014,31,4
68.9,36.7,2014,31,9
69,36.8,2014,31,5
26.5,12.3,2014,30,1
36.2,33.8,2014,30,6
36.2,35.8,2014,30,18
36.3,33.6,2014,30,26
38.7,47.9,2014,30,18
39.5,48.7,2014,30,14
64.3,36,2014,30,4
64.4,31.7,2014,30,6
69.2,29,2014,30,1
69.8,32.9,2014,30,1
32.8,11.6,2014,29,1
34.4,31.5,2014,29,16
36.6,34.9,2014,29,14
37.6,35.1,2014,29,7
39.4,48.4,2014,29,17
43.3,35.8,2014,29,3
62.5,32.6,2014,29,3
64.1,35.6,2014,29,4
68.8,36.7,2014,29,9
69.3,33.2,2014,29,2
70.4,33.2,2014,29,5
71,33.7,2014,29,2
71.4,34.5,2014,29,2
12.1,10.9,2014,28,3
36.6,35,2014,28,4
36.8,35.5,2014,28,7
39.8,35.2,2014,28,6
68.8,34.3,2014,28,6
68.9,33.9,2014,28,9
35.8,35.5,2014,27,7
36.4,35.9,2014,27,15
37.4,36.2,2014,27,7
38.5,48,2014,27,4
39,35.9,2014,27,3
39.2,48.4,2014,27,15
40.9,36.5,2014,27,14
43.5,33.4,2014,27,3
43.8,34.5,2014,27,1
48.6,15.9,2014,27,5
70.2,34.2,2014,27,8
70.6,33,2014,27,2
70.8,35.3,2014,27,5
36.4,33.4,2014,26,17
37.8,35.4,2014,26,2
39.3,48.4,2014,26,19
43,33.5,2014,26,2
44,15.6,2014,26,1
44.4,34.5,2014,26,2
44.9,13.1,2014,26,10
49,14.4,2014,26,2
67,30.2,2014,26,5
69,33.4,2014,26,2
70.7,34.3,2014,26,5
71.3,34,2014,26,5
24.4,13.2,2014,25,7
29.7,11,2014,25,3
36.7,33.7,2014,25,19
38.1,47.8,2014,25,21
47,14.1,2014,25,1
49.1,14.5,2014,25,8
62.2,33.2,2014,25,4
66.2,31,2014,25,6
68.9,33.8,2014,25,8
69.4,37,2014,25,3
70.3,33,2014,25,2
12.7,10.9,2014,24,1
13.3,13.6,2014,24,1
13.3,13.7,2014,24,1
30,10.5,2014,24,2
35.9,32.9,2014,24,11
36.4,35.7,2014,24,11
36.7,33.8,2014,24,13
36.7,36.1,2014,24,9
37,35.7,2014,24,10
37.7,36.3,2014,24,8
40.6,34.9,2014,24,5
44.8,16.2,2014,24,1
47.5,43,2014,24,11
69.1,36.7,2014,24,4
74.8,32.5,2014,24,7
12.9,10.2,2014,23,2
24.1,13.7,2014,23,1
25.2,13,2014,23,1
36.3,35.7,2014,23,3
36.4,35.2,2014,23,6
36.9,35.8,2014,23,2
37.1,34.6,2014,23,5
37.1,35.3,2014,23,9
37.7,35.5,2014,23,3
47,40,2014,23,16
64.7,32.5,2014,23,5
66.1,35.9,2014,23,1
68.5,34.1,2014,23,6
70.1,33.6,2014,23,1
71.1,34.9,2014,23,7
28.9,24.8,2014,22,1
36.5,34.8,2014,22,6
36.9,34.9,2014,22,13
43.5,14.1,2014,22,1
44.3,35.2,2014,22,4
50.5,15,2014,22,1
65.5,32.6,2014,22,3
66.1,36,2014,22,1
8.7,35.2,2014,21,7
35.8,33.3,2014,21,11
36.4,32.9,2014,21,16
36.4,35.3,2014,21,8
36.4,35.8,2014,21,10
37,34.9,2014,21,7
37.2,35,2014,21,8
37.3,35.8,2014,21,11
39.3,35.9,2014,21,1
41.9,34.5,2014,21,2
44.4,33.1,2014,21,3
44.4,33.7,2014,21,4
45.7,14.8,2014,21,2
47.3,14.4,2014,21,1
62.3,32.5,2014,21,1
68.9,35,2014,21,6
68.9,35.1,2014,21,1
69.8,36.7,2014,21,4
71.2,35.8,2014,21,1
71.3,35.5,2014,21,4
13.6,11.9,2014,20,1
14.2,11.3,2014,20,3
16.6,31.2,2014,20,4
36.3,32.7,2014,20,13
36.7,35.1,2014,20,14
36.9,34.7,2014,20,8
36.9,36.2,2014,20,8
38.4,48.9,2014,20,11
38.5,48.2,2014,20,16
39.1,35.9,2014,20,2
40.2,36.6,2014,20,1
64.3,35.6,2014,20,5
65.1,31.6,2014,20,4
66.2,36.9,2014,20,6
68.2,33.4,2014,20,5
70.9,33.9,2014,20,4
36.9,35.1,2014,19,6
37,34.7,2014,19,1
37.3,36.1,2014,19,4
37.4,47.7,2014,19,2
38,35.2,2014,19,8
39.1,49,2014,19,19
40.7,35.6,2014,19,1
43.2,36,2014,19,1
62.8,32.8,2014,19,6
62.9,32.2,2014,19,5
63.3,34.4,2014,19,5
65.8,36.8,2014,19,6
69.3,35,2014,19,2
11.6,33.2,2014,18,2
12.3,11.5,2014,18,2
36.1,33.8,2014,18,5
36.2,32.5,2014,18,2
37.3,35.9,2014,18,8
37.4,36.3,2014,18,6
37.5,48.8,2014,18,3
38.9,48.7,2014,18,14
43.8,34.3,2014,18,1
44.2,34,2014,18,2
48.2,16,2014,18,3
63.9,31.6,2014,18,10
68.4,33.4,2014,18,3
68.6,36.3,2014,18,4
69.2,33.6,2014,18,8
70.3,34.7,2014,18,5
70.8,34.2,2014,18,4
71.3,33.9,2014,18,3
12.8,10.9,2014,17,2
24.9,13.5,2014,17,1
36.2,33,2014,17,9
36.8,35.7,2014,17,5
37.5,48.1,2014,17,3
37.8,49,2014,17,2
38.3,34.6,2014,17,8
38.3,47.8,2014,17,16
44.8,15.8,2014,17,1
45.6,14,2014,17,4
47.7,14.4,2014,17,2
62.1,30.2,2014,17,2
62.1,32.5,2014,17,5
62.2,32.5,2014,17,5
66.5,31.9,2014,17,4
68.5,34,2014,17,1
69.4,34.5,2014,17,4
70,34.1,2014,17,2
70.4,34.8,2014,17,7
71.1,34.1,2014,17,5
71.4,34.8,2014,17,2
71.4,34.9,2014,17,3
71.5,35,2014,17,3
11.1,11.7,2014,16,1
36.4,35.6,2014,16,9
36.5,35,2014,16,2
36.7,33.9,2014,16,7
36.8,35.6,2014,16,9
36.9,32.8,2014,16,7
36.9,35.7,2014,16,4
38.8,34,2014,16,4
38.9,33.4,2014,16,1
39.4,48.5,2014,16,12
44,36.2,2014,16,2
46.8,14,2014,16,2
63.3,32,2014,16,6
64.1,31.5,2014,16,5
64.2,31.5,2014,16,6
69.2,36.2,2014,16,3
69.6,34.2,2014,16,1
69.7,34.2,2014,16,1
4.2,36.5,2014,15,1
12.3,11.8,2014,15,1
13.7,11.6,2014,15,1
36.1,33.6,2014,15,14
36.4,34,2014,15,7
36.5,36,2014,15,4
36.6,33.9,2014,15,7
37,36.1,2014,15,6
37.6,34.5,2014,15,1
37.9,35.1,2014,15,7
38,36.7,2014,15,1
38.5,47.8,2014,15,11
38.6,34.4,2014,15,3
38.9,48,2014,15,2
40.5,34.5,2014,15,3
42.4,36.7,2014,15,2
43.5,36,2014,15,1
44.8,14.6,2014,15,2
44.9,34.1,2014,15,2
63.3,34.2,2014,15,1
64.2,31.9,2014,15,3
67.8,32.9,2014,15,2
69.2,37.1,2014,15,4
69.8,32.7,2014,15,1
69.9,33.3,2014,15,9
70,32.5,2014,15,1
70.1,34.8,2014,15,5
70.8,36.4,2014,15,3
30,11,2014,14,3
34.6,31.5,2014,14,1
36,33.3,2014,14,8
36.8,35.3,2014,14,7
38.6,48.6,2014,14,3
40.2,35.2,2014,14,8
40.4,35.3,2014,14,4
41.7,36.5,2014,14,1
43.5,33.5,2014,14,1
43.7,34.4,2014,14,1
44.4,33,2014,14,2
44.8,32.9,2014,14,1
45.4,15.5,2014,14,4
63.7,34.4,2014,14,1
64,34.4,2014,14,1
64.5,36.3,2014,14,1
69.3,35.2,2014,14,1
69.7,32.3,2014,14,2
70.8,36.8,2014,14,3
71,34.8,2014,14,3
73.1,33.6,2014,14,1
73.1,33.7,2014,14,1
2,20,2014,13,2
36.4,32.5,2014,13,9
36.5,35.6,2014,13,7
36.7,35.7,2014,13,6
36.8,34.8,2014,13,10
36.9,34.8,2014,13,4
37,35.6,2014,13,3
37.3,34.8,2014,13,6
37.3,35.7,2014,13,1
37.5,47.9,2014,13,10
38,36,2014,13,8
40,35.5,2014,13,8
41,34.4,2014,13,1
44.4,35.1,2014,13,2
44.8,13,2014,13,1
46.4,14.5,2014,13,1
46.8,14.5,2014,13,6
48.3,42.1,2014,13,6
62.9,32.6,2014,13,3
63.4,32.2,2014,13,2
63.6,32.6,2014,13,5
63.8,35.7,2014,13,6
65.5,32.9,2014,13,4
68.8,36.3,2014,13,3
69.8,32.6,2014,13,3
70.5,33.4,2014,13,2
70.7,34.2,2014,13,3
70.8,33.9,2014,13,2
70.9,36.7,2014,13,5
1,20.2,2014,12,1
1.2,19.9,2014,12,1
13.2,11.7,2014,12,2
13.3,11.7,2014,12,1
13.9,11.1,2014,12,3
20.1,32.1,2014,12,1
23.9,13,2014,12,1
30.5,11.9,2014,12,2
34.5,31.6,2014,12,6
36.3,35.9,2014,12,7
37.4,36,2014,12,2
37.5,35,2014,12,6
37.7,47.9,2014,12,1
37.9,36.1,2014,12,4
38.2,48.1,2014,12,3
38.3,48.3,2014,12,4
39.6,35.8,2014,12,4
39.8,47.8,2014,12,5
39.8,48.1,2014,12,3
40.9,34.6,2014,12,3
44.1,35.7,2014,12,1
44.2,33.3,2014,12,2
44.3,32,2014,12,1
44.6,32.7,2014,12,2
46.9,43.1,2014,12,2
61.3,32.4,2014,12,2
62.2,35,2014,12,4
63.3,34.5,2014,12,2
64.8,32.3,2014,12,2
65.9,32.2,2014,12,1
65.9,32.6,2014,12,5
66,32.1,2014,12,4
68,33.1,2014,12,1
68.4,33.2,2014,12,4
68.6,33.3,2014,12,1
68.7,36.8,2014,12,3
68.8,35,2014,12,5
69,34,2014,12,4
69.6,32.7,2014,12,2
69.6,34.1,2014,12,1
70.2,33.5,2014,12,3
70.4,34.9,2014,12,3
70.7,35,2014,12,3
74,34.4,2014,12,3
74.1,34.1,2014,12,1
12.7,10.2,2014,11,1
13.8,11.5,2014,11,1
37.3,34.9,2014,11,3
37.3,35.2,2014,11,6
37.5,47.6,2014,11,10
37.6,48.1,2014,11,10
37.8,47.1,2014,11,4
38.3,48.1,2014,11,11
43.2,36.4,2014,11,1
45.4,15.4,2014,11,3
64.4,31.8,2014,11,1
65.1,35,2014,11,1
65.4,36,2014,11,4
65.9,35.4,2014,11,2
67.4,29,2014,11,1
68,36.3,2014,11,1
68.6,33.8,2014,11,3
68.7,33.5,2014,11,3
69.8,33.3,2014,11,1
69.8,34.9,2014,11,2
69.9,33.5,2014,11,4
70.6,31.9,2014,11,3
71.1,33.5,2014,11,3
71.2,37.1,2014,11,1
71.4,35.2,2014,11,3
2.2,22.6,2014,10,1
9.3,10.6,2014,10,1
10.7,11.2,2014,10,1
24.5,13.3,2014,10,2
24.7,11.5,2014,10,2
30,11.9,2014,10,1
36.6,34.4,2014,10,3
37,35.8,2014,10,6
37.3,36.4,2014,10,5
37.5,35.6,2014,10,1
37.5,36.5,2014,10,2
37.7,48.9,2014,10,3
38.9,47.9,2014,10,9
39.2,36.5,2014,10,2
41.3,36.9,2014,10,3
44.6,13.2,2014,10,4
44.7,15.8,2014,10,1
44.8,14.5,2014,10,1
62.2,34.3,2014,10,8
63.3,35.6,2014,10,3
64.2,26.7,2014,10,1
64.8,35.9,2014,10,3
66.1,36.2,2014,10,4
66.9,32.1,2014,10,6
68.6,33.9,2014,10,2
68.7,36.7,2014,10,2
68.9,34,2014,10,1
69.2,34.6,2014,10,2
69.9,34.6,2014,10,2
70,34.7,2014,10,2
70.1,32.7,2014,10,1
70.1,33.1,2014,10,1
70.4,36.8,2014,10,1
71,34.6,2014,10,1
71.4,35.4,2014,10,1
72.4,34.8,2014,10,2
73.9,34.4,2014,10,3
74.1,34.3,2014,10,3
1.5,15.9,2014,9,1
4.2,36.8,2014,9,4
12.6,10.4,2014,9,3
13.7,10.9,2014,9,1
14.6,11.4,2014,9,2
24.8,13.2,2014,9,1
30,10.9,2014,9,2
32.7,10,2014,9,3
34,29.5,2014,9,2
36.2,33.2,2014,9,7
36.4,32.6,2014,9,6
36.4,32.8,2014,9,6
36.5,35.2,2014,9,5
36.7,34.1,2014,9,6
37,35.9,2014,9,4
37,36,2014,9,3
37.2,34.2,2014,9,7
37.4,34.9,2014,9,2
37.5,35.9,2014,9,4
38.4,48.6,2014,9,6
39.1,48,2014,9,7
39.2,48.7,2014,9,9
44.3,33.8,2014,9,1
49,16,2014,9,6
62.1,33.1,2014,9,1
62.9,31.7,2014,9,3
63.9,30.2,2014,9,4
64.5,32.4,2014,9,2
64.8,32,2014,9,3
69.3,34.6,2014,9,2
70.3,34.1,2014,9,3
70.7,34.1,2014,9,5
70.8,35,2014,9,1
74,34.7,2014,9,5
74.2,34.4,2014,9,7
74.8,33.7,2014,9,3
9.9,11.3,2014,8,1
18.3,30.6,2014,8,2
25,12,2014,8,1
31.1,30.2,2014,8,1
31.4,12.2,2014,8,2
34.2,31.2,2014,8,1
36.3,32.9,2014,8,8
36.5,35.8,2014,8,8
37,36.5,2014,8,7
37.3,35,2014,8,4
38,47.8,2014,8,8
38.5,48.1,2014,8,2
38.5,48.4,2014,8,5
41.1,36.2,2014,8,1
49.1,11,2014,8,3
64.1,31.3,2014,8,3
64.8,31.7,2014,8,2
64.9,36.4,2014,8,2
65.5,36.3,2014,8,1
65.6,32,2014,8,2
67.5,30.4,2014,8,1
67.9,28.2,2014,8,1
68.1,32.6,2014,8,1
68.1,33.1,2014,8,1
68.8,34,2014,8,3
69.8,33.7,2014,8,3
70,33.5,2014,8,3
70.2,33.4,2014,8,2
70.3,34.8,2014,8,3
70.7,37.1,2014,8,1
70.8,36.9,2014,8,2
71,35.2,2014,8,2
71.1,34.8,2014,8,3
72.6,33.6,2014,8,1
74.4,34.5,2014,8,2
74.5,34.3,2014,8,6
75,33.9,2014,8,6
75.1,33.9,2014,8,4
6.7,35.9,2014,7,1
12.1,32.9,2014,7,1
12.5,10.2,2014,7,2
13.2,10.4,2014,7,1
13.3,10.9,2014,7,2
24.9,11.9,2014,7,1
30.5,11.2,2014,7,1
35.2,31.8,2014,7,4
36.4,32.4,2014,7,3
36.5,33.4,2014,7,6
36.6,33.7,2014,7,5
36.6,35.1,2014,7,2
36.7,34.2,2014,7,5
37,35,2014,7,4
37.1,36.6,2014,7,2
37.2,35.5,2014,7,4
37.2,35.9,2014,7,5
37.3,48.5,2014,7,1
37.4,35.2,2014,7,2
37.5,35.2,2014,7,2
37.5,36.2,2014,7,3
37.5,48.2,2014,7,1
37.5,48.7,2014,7,4
37.7,47.2,2014,7,3
37.8,47.5,2014,7,7
37.9,48.1,2014,7,4
38,47.4,2014,7,2
38.6,47.7,2014,7,4
38.6,48.4,2014,7,7
38.8,48.7,2014,7,1
39.7,48.7,2014,7,3
40,35.3,2014,7,2
40.4,35.1,2014,7,3
40.6,35.4,2014,7,2
41,36.1,2014,7,2
41.1,36.4,2014,7,2
44.2,15.8,2014,7,2
44.4,34,2014,7,1
44.5,33.8,2014,7,2
44.6,43.5,2014,7,1
45.4,34,2014,7,1
46.5,14,2014,7,2
46.6,43.2,2014,7,2
46.6,43.3,2014,7,6
46.7,43.9,2014,7,2
46.8,13.6,2014,7,1
49.2,11.3,2014,7,4
62.1,32.8,2014,7,2
62.4,34.9,2014,7,1
62.6,34.7,2014,7,1
62.9,34.9,2014,7,1
63.8,30.6,2014,7,1
64.1,30.9,2014,7,3
64.2,31.7,2014,7,4
64.2,31.8,2014,7,4
64.6,31.9,2014,7,1
65,32.4,2014,7,2
66.2,30.2,2014,7,1
67.1,36.7,2014,7,3
67.3,32.4,2014,7,1
67.4,32,2014,7,1
67.6,31.9,2014,7,1
68.4,33.1,2014,7,1
68.4,37,2014,7,1
69.1,34.2,2014,7,3
69.1,37.1,2014,7,1
69.2,34.2,2014,7,2
69.3,32.3,2014,7,1
69.4,32.3,2014,7,1
70.1,33.4,2014,7,1
70.2,34.7,2014,7,3
70.3,34.4,2014,7,2
70.9,34.7,2014,7,3
70.9,37,2014,7,3
71.2,34.9,2014,7,3
71.5,35.2,2014,7,1
71.8,34.2,2014,7,1
71.9,34.9,2014,7,1
74.6,32.4,2014,7,3
0.3,17.8,2014,6,1
3.7,36.8,2014,6,2
8.8,35.2,2014,6,3
12.5,11.8,2014,6,2
13.2,10.7,2014,6,1
34,31.2,2014,6,1
35.8,35.6,2014,6,4
35.9,33.3,2014,6,5
36.1,35.8,2014,6,1
36.3,33.1,2014,6,6
36.3,33.7,2014,6,4
36.7,34.6,2014,6,2
36.9,35.6,2014,6,6
36.9,36,2014,6,3
37,35.4,2014,6,4
37.1,35.8,2014,6,3
37.6,47.9,2014,6,1
37.9,47.5,2014,6,3
38.3,35.5,2014,6,2
38.5,47.9,2014,6,6
38.8,48.8,2014,6,6
38.9,48.1,2014,6,3
39.1,48.9,2014,6,6
39.9,35.6,2014,6,2
40.2,35.4,2014,6,8
40.3,36.4,2014,6,2
40.8,34.9,2014,6,3
40.9,35.9,2014,6,1
44,14,2014,6,1
44.6,34.8,2014,6,1
44.7,13.8,2014,6,1
47.5,39.6,2014,6,4
48.7,15.9,2014,6,2
61.2,34.2,2014,6,2
62.3,33.4,2014,6,2
62.8,32.6,2014,6,1
63.6,34.8,2014,6,2
64.3,31.5,2014,6,1
64.6,34,2014,6,2
64.8,36.1,2014,6,3
65.2,31.1,2014,6,4
65.2,32,2014,6,3
65.2,35.7,2014,6,1
65.5,33.5,2014,6,1
65.6,31.6,2014,6,2
65.8,30.1,2014,6,1
66,32.7,2014,6,1
66.9,32.4,2014,6,1
67.3,31.4,2014,6,3
67.4,32.5,2014,6,4
67.7,29.2,2014,6,1
68.7,33.7,2014,6,2
68.7,34.4,2014,6,2
69,34.1,2014,6,2
69.3,37.1,2014,6,4
69.4,37.1,2014,6,1
69.7,34.8,2014,6,1
70.3,34.9,2014,6,1
70.4,34.1,2014,6,3
70.6,34.1,2014,6,1
70.7,34.7,2014,6,1
71.2,36.7,2014,6,1
71.6,34.2,2014,6,2
71.6,35.4,2014,6,1
72.7,34.7,2014,6,1
3.9,36.7,2014,5,3
8.8,36.3,2014,5,1
8.9,35.3,2014,5,3
11.3,11.1,2014,5,1
12.5,13.1,2014,5,1
13,32.5,2014,5,1
24.5,13.1,2014,5,1
29.8,11.8,2014,5,1
31.2,11.5,2014,5,1
31.8,30.7,2014,5,1
36.1,33.3,2014,5,5
36.3,35.6,2014,5,3
36.5,34.5,2014,5,2
36.5,34.6,2014,5,4
36.6,32.7,2014,5,1
36.9,35.3,2014,5,4
37,35.3,2014,5,2
37.1,34.2,2014,5,5
37.2,35.8,2014,5,3
37.3,48,2014,5,5
37.5,36,2014,5,1
37.7,47.5,2014,5,3
37.9,48.2,2014,5,3
38,34.7,2014,5,2
38.4,48.2,2014,5,5
38.5,47.7,2014,5,1
38.5,48.9,2014,5,4
38.8,35.8,2014,5,1
38.9,34.9,2014,5,4
39,47.9,2014,5,2
41.4,36.9,2014,5,1
41.5,36,2014,5,1
43.1,16.4,2014,5,1
43.3,36.2,2014,5,2
43.5,43.7,2014,5,2
44.2,33.8,2014,5,1
44.4,33.6,2014,5,1
46.1,13.8,2014,5,2
47.1,14.3,2014,5,1
61.8,32,2014,5,1
62.2,32.6,2014,5,1
63.3,33.8,2014,5,1
63.6,35,2014,5,3
63.8,35,2014,5,1
64.4,35.8,2014,5,2
64.5,31.7,2014,5,2
64.6,31.7,2014,5,1
64.7,31.9,2014,5,3
64.7,32.1,2014,5,1
65.4,32.6,2014,5,3
65.6,32.9,2014,5,3
65.6,36.7,2014,5,1
65.7,31.7,2014,5,2
65.9,35.5,2014,5,1
66.3,33.4,2014,5,3
66.6,36.8,2014,5,1
66.8,32.1,2014,5,2
67.6,32.8,2014,5,2
67.7,32.8,2014,5,1
68.2,33.2,2014,5,1
68.3,34.2,2014,5,3
68.4,33.6,2014,5,1
68.7,34.5,2014,5,1
68.9,36.5,2014,5,2
69,37.1,2014,5,1
69.3,32.7,2014,5,2
69.4,36.4,2014,5,2
69.5,33.2,2014,5,1
69.8,34.6,2014,5,1
70,30,2014,5,1
70,32.8,2014,5,1
70.1,32.8,2014,5,1
70.1,34.5,2014,5,1
70.2,36.6,2014,5,1
70.3,34.2,2014,5,2
70.3,34.3,2014,5,1
70.8,34,2014,5,2
70.9,34.3,2014,5,1
70.9,36.8,2014,5,2
71.4,33.7,2014,5,1
71.5,33.7,2014,5,1
71.6,33.8,2014,5,1
71.7,34.1,2014,5,2
72.3,34.2,2014,5,2
74.9,32.5,2014,5,3
74.9,34,2014,5,2
1.4,18.7,2014,4,1
2.9,36.1,2014,4,1
3.7,36.5,2014,4,2
8.5,36.2,2014,4,1
8.8,36.6,2014,4,1
12.6,32.3,2014,4,1
13.3,12,2014,4,1
13.8,11.4,2014,4,1
23.9,14.8,2014,4,2
25.8,14.4,2014,4,2
34.4,11.8,2014,4,1
35.9,35.9,2014,4,1
36,33.7,2014,4,3
36.2,34.7,2014,4,1
36.3,35.1,2014,4,3
36.4,36,2014,4,3
36.5,32.6,2014,4,1
36.9,35.5,2014,4,1
37,33,2014,4,1
37,35.1,2014,4,3
37.1,35.2,2014,4,4
37.2,33.1,2014,4,5
37.2,33.9,2014,4,1
37.2,48.5,2014,4,2
37.3,35.1,2014,4,3
37.3,35.3,2014,4,3
37.5,48,2014,4,3
37.6,33.4,2014,4,2
37.6,35.5,2014,4,1
37.6,47.8,2014,4,2
37.6,48,2014,4,1
37.6,48.8,2014,4,5
37.7,35.6,2014,4,2
37.7,47.3,2014,4,1
37.8,34.7,2014,4,1
38.2,47.2,2014,4,3
38.3,48.2,2014,4,3
38.5,48.3,2014,4,4
39,48.8,2014,4,3
39.4,48.7,2014,4,2
39.8,48.9,2014,4,1
39.8,49.1,2014,4,2
39.9,48.2,2014,4,1
43.2,14.9,2014,4,1
43.6,43.5,2014,4,1
44,35.2,2014,4,1
44.3,33.5,2014,4,1
44.7,13.7,2014,4,1
44.9,14.3,2014,4,1
44.9,14.4,2014,4,1
45.1,43.3,2014,4,1
45.9,13.9,2014,4,2
46.5,14.5,2014,4,1
47,14.3,2014,4,1
47,16.9,2014,4,2
47,42.3,2014,4,1
47.4,43,2014,4,1
47.9,42.6,2014,4,1
49.6,14.8,2014,4,4
61.2,35.3,2014,4,1
62,33.4,2014,4,1
62.4,32.6,2014,4,1
64.1,30.6,2014,4,1
64.2,31.1,2014,4,1
64.3,31.6,2014,4,2
64.5,31.6,2014,4,1
64.7,36,2014,4,1
64.9,31.6,2014,4,1
65,34.1,2014,4,3
65,36.1,2014,4,1
65.5,32.3,2014,4,1
65.6,32.6,2014,4,1
66,31.3,2014,4,1
66,36.2,2014,4,1
66.1,31.2,2014,4,1
66.2,31.8,2014,4,1
66.6,31.5,2014,4,1
67,32.4,2014,4,1
67.6,32.9,2014,4,1
68.5,33.3,2014,4,4
68.5,35.8,2014,4,1
68.6,33.5,2014,4,2
69,36.7,2014,4,4
69.1,34.1,2014,4,2
69.2,34.3,2014,4,1
69.3,34.5,2014,4,2
69.4,32.9,2014,4,1
69.5,32.2,2014,4,1
69.6,32.9,2014,4,1
69.7,34.9,2014,4,2
69.8,34.4,2014,4,1
69.9,33.8,2014,4,2
70.1,34.3,2014,4,2
70.4,34.4,2014,4,1
70.4,37.5,2014,4,1
70.5,32.8,2014,4,1
70.7,34.4,2014,4,1
70.7,37.7,2014,4,1
71.1,30,2014,4,1
71.1,36.8,2014,4,1
71.3,34.8,2014,4,3
71.6,36.7,2014,4,1
74.3,34.5,2014,4,1
74.5,32.5,2014,4,2
74.7,32.6,2014,4,10
74.9,33.8,2014,4,4
74.9,33.9,2014,4,3
75.1,32.6,2014,4,4
75.5,32.4,2014,4,1
-2.5,16.8,2014,3,1
2,33.7,2014,3,1
3.6,36.8,2014,3,1
3.7,36.7,2014,3,1
3.9,36.2,2014,3,2
3.9,36.9,2014,3,1
4.4,34.2,2014,3,1
4.7,23.8,2014,3,1
6,36.8,2014,3,2
13.3,11.9,2014,3,1
13.4,10.2,2014,3,1
14.4,11.3,2014,3,1
14.8,10.9,2014,3,1
24.3,13.3,2014,3,1
31.2,30,2014,3,2
33.6,28.2,2014,3,1
34.3,31.2,2014,3,1
35.1,31.5,2014,3,2
35.1,31.7,2014,3,3
35.3,32.5,2014,3,2
36.2,33.1,2014,3,6
36.2,35.7,2014,3,2
36.5,34.2,2014,3,1
36.5,34.4,2014,3,1
36.7,36.3,2014,3,2
36.8,32.7,2014,3,1
36.9,34.3,2014,3,2
36.9,35.9,2014,3,1
37.2,33.8,2014,3,2
37.2,35.3,2014,3,2
37.2,47.7,2014,3,1
37.3,34.7,2014,3,3
37.3,35.5,2014,3,1
37.4,35.8,2014,3,2
37.4,35.9,2014,3,3
37.4,36.5,2014,3,1
37.5,33.5,2014,3,2
37.8,47.3,2014,3,3
37.8,47.7,2014,3,2
37.9,47.1,2014,3,2
38,36.2,2014,3,1
38,48.6,2014,3,3
38.1,35.1,2014,3,2
38.1,47.1,2014,3,3
38.1,47.9,2014,3,2
38.1,48.1,2014,3,2
38.2,48.6,2014,3,2
38.4,49,2014,3,1
38.6,48,2014,3,1
39,48.1,2014,3,2
39,49,2014,3,3
39.1,36.6,2014,3,3
39.1,48.2,2014,3,3
39.1,48.6,2014,3,1
39.4,48.6,2014,3,2
39.6,48.7,2014,3,3
39.8,48,2014,3,2
39.8,48.3,2014,3,2
40.5,35.1,2014,3,3
40.9,34.4,2014,3,2
40.9,35,2014,3,1
40.9,36.4,2014,3,1
41.4,36.8,2014,3,2
42.4,38.3,2014,3,1
43.1,40.2,2014,3,1
43.4,43.6,2014,3,3
43.6,43.6,2014,3,2
43.7,34.5,2014,3,1
44,13.6,2014,3,3
44,32.6,2014,3,1
44.8,33.9,2014,3,1
45,43.2,2014,3,1
45.1,33.7,2014,3,1
45.4,34.3,2014,3,1
45.8,39.5,2014,3,2
46.6,13.8,2014,3,2
46.7,13.5,2014,3,1
46.7,42.6,2014,3,1
46.9,40,2014,3,1
46.9,40.2,2014,3,3
47.1,14.2,2014,3,1
61.2,34.6,2014,3,2
61.4,34.4,2014,3,1
61.7,35.1,2014,3,1
62.2,33.6,2014,3,1
62.3,27.4,2014,3,1
63.1,35.2,2014,3,1
63.5,30.5,2014,3,3
63.5,35.5,2014,3,1
64,32.1,2014,3,1
64.3,35,2014,3,1
64.8,32.4,2014,3,2
64.9,31.8,2014,3,1
64.9,36.5,2014,3,1
65,31.5,2014,3,1
65.1,35.1,2014,3,2
65.1,35.7,2014,3,1
65.4,32.9,2014,3,1
65.5,31.6,2014,3,2
65.6,28.5,2014,3,1
65.8,36.7,2014,3,1
66.2,33.8,2014,3,1
66.3,31.8,2014,3,1
66.3,32.9,2014,3,1
66.5,27.3,2014,3,1
66.6,31.2,2014,3,1
66.7,32.6,2014,3,1
67.2,32.3,2014,3,1
67.5,32,2014,3,1
67.7,32.7,2014,3,1
68.4,33.8,2014,3,1
68.5,32.9,2014,3,1
68.5,33.4,2014,3,1
68.7,33.6,2014,3,1
68.7,35.9,2014,3,3
68.8,33.8,2014,3,1
68.8,34.4,2014,3,1
68.8,35.8,2014,3,1
68.8,36.4,2014,3,1
69,32.8,2014,3,1
69.1,36.6,2014,3,2
69.5,33.3,2014,3,1
69.7,33.4,2014,3,1
69.7,33.9,2014,3,1
69.8,33.5,2014,3,1
70,32.7,2014,3,1
70.2,34.4,2014,3,1
70.2,34.5,2014,3,2
70.5,31.9,2014,3,2
70.5,37.1,2014,3,1
70.8,37.2,2014,3,1
70.9,34.2,2014,3,2
70.9,34.6,2014,3,3
70.9,35.1,2014,3,1
71.9,34.5,2014,3,1
72,35.3,2014,3,1
72.5,35.2,2014,3,1
74,33.6,2014,3,2
74.3,31.5,2014,3,1
74.5,32.8,2014,3,1
74.8,34.1,2014,3,2
79.3,16,2014,3,1
-0.6,34.8,2014,2,1
0.2,17.4,2014,2,1
0.9,21.3,2014,2,1
1.6,34.9,2014,2,2
1.9,36.6,2014,2,1
2.5,35.6,2014,2,1
3,28,2014,2,1
3.5,36.6,2014,2,1
4.3,36.8,2014,2,2
4.4,36.6,2014,2,1
4.4,36.8,2014,2,1
5.8,36.8,2014,2,2
6,36.9,2014,2,1
7.6,13,2014,2,1
8.3,36.2,2014,2,1
9.5,34.8,2014,2,2
11.2,10.3,2014,2,1
11.5,12,2014,2,1
13.4,11.5,2014,2,1
13.6,12.9,2014,2,1
15,12.1,2014,2,1
29.6,30.9,2014,2,1
30.8,12.1,2014,2,1
34.1,45,2014,2,1
35.9,35.4,2014,2,1
36,33.5,2014,2,2
36.2,35.5,2014,2,1
36.3,33,2014,2,4
36.3,33.8,2014,2,2
36.5,32.4,2014,2,1
36.5,35.9,2014,2,1
36.6,34.6,2014,2,2
36.6,34.8,2014,2,2
36.8,34.1,2014,2,2
36.8,34.2,2014,2,3
36.8,34.4,2014,2,3
36.8,35,2014,2,1
36.9,33.7,2014,2,1
36.9,35.4,2014,2,1
37,33.7,2014,2,3
37.1,34.3,2014,2,1
37.1,35.4,2014,2,2
37.2,34.7,2014,2,1
37.2,34.8,2014,2,1
37.2,36.6,2014,2,2
37.2,36.7,2014,2,1
37.4,34.8,2014,2,1
37.6,35.7,2014,2,1
37.6,36.3,2014,2,1
37.6,47.7,2014,2,2
37.7,47.8,2014,2,2
37.8,48.4,2014,2,2
38.2,47.1,2014,2,2
38.2,48.2,2014,2,2
38.3,36.6,2014,2,2
38.5,35.7,2014,2,1
38.5,48.7,2014,2,2
38.6,48.7,2014,2,2
38.7,35.9,2014,2,1
38.7,47.7,2014,2,2
38.7,47.8,2014,2,2
38.7,48.7,2014,2,2
38.7,48.8,2014,2,2
38.7,48.9,2014,2,2
38.8,48.4,2014,2,2
38.9,48.8,2014,2,1
39,48.2,2014,2,2
39,48.5,2014,2,1
39.1,35,2014,2,2
39.1,48.3,2014,2,2
39.1,48.5,2014,2,2
39.1,48.8,2014,2,2
39.3,48.3,2014,2,2
39.8,35.3,2014,2,1
39.8,48.5,2014,2,1
40.6,35.2,2014,2,1
40.8,36,2014,2,1
41,36.4,2014,2,1
42.7,36.5,2014,2,1
43.7,36.3,2014,2,1
44.3,43.5,2014,2,1
44.8,13.2,2014,2,2
44.8,44.3,2014,2,1
45,13,2014,2,2
45.5,43.2,2014,2,1
46,13.9,2014,2,1
46,40.1,2014,2,1
46,42.4,2014,2,1
46.1,13.9,2014,2,1
46.5,42.1,2014,2,1
46.6,14,2014,2,1
46.9,43.3,2014,2,1
47,43.2,2014,2,1
47.3,39.6,2014,2,2
48.2,14,2014,2,2
48.8,16,2014,2,1
53,32,2014,2,1
61.5,32.3,2014,2,2
61.6,34.1,2014,2,1
61.9,33,2014,2,1
62,32.5,2014,2,1
62.2,33.3,2014,2,1
62.2,33.8,2014,2,1
62.2,34.9,2014,2,1
62.3,34.4,2014,2,1
62.6,31.5,2014,2,1
62.7,32.7,2014,2,1
63.1,34.6,2014,2,1
63.2,32.4,2014,2,1
64,35.7,2014,2,1
64.5,35.8,2014,2,1
64.7,34.1,2014,2,1
64.8,35.8,2014,2,2
65.1,32.3,2014,2,2
65.4,35.9,2014,2,1
65.5,32,2014,2,1
65.5,32.5,2014,2,1
65.7,31.5,2014,2,1
65.7,35.6,2014,2,1
65.8,31.4,2014,2,1
65.8,36.6,2014,2,1
65.9,31.5,2014,2,1
65.9,36.2,2014,2,1
66.6,32.2,2014,2,1
66.7,32,2014,2,1
66.8,36.3,2014,2,1
66.9,36.5,2014,2,1
67.1,29.6,2014,2,1
67.4,32.1,2014,2,1
67.4,32.6,2014,2,1
67.6,32.6,2014,2,2
67.8,31.8,2014,2,1
68.4,33.7,2014,2,2
68.6,34.2,2014,2,1
68.6,34.5,2014,2,2
68.7,34,2014,2,2
68.8,34.5,2014,2,1
68.9,33.3,2014,2,2
69,37.3,2014,2,1
69.1,33.5,2014,2,1
69.1,34,2014,2,1
69.2,32.5,2014,2,1
69.2,36.3,2014,2,1
69.3,34.9,2014,2,1
69.4,33.8,2014,2,1
69.5,37.5,2014,2,1
69.7,36.6,2014,2,1
69.7,37.4,2014,2,1
69.7,40.1,2014,2,1
69.8,37.1,2014,2,1
69.9,33.7,2014,2,1
69.9,34.7,2014,2,1
69.9,37.5,2014,2,1
70.1,34.4,2014,2,1
70.2,32.1,2014,2,1
70.3,34.5,2014,2,1
70.6,34.3,2014,2,1
70.9,34.9,2014,2,1
70.9,36.9,2014,2,1
71.4,35.1,2014,2,2
72.6,34.4,2014,2,1
74,34.1,2014,2,1
74.1,33.8,2014,2,1
74.3,34.4,2014,2,1
74.4,34.4,2014,2,1
74.4,34.7,2014,2,1
74.7,32.5,2014,2,1
74.8,34.2,2014,2,1
74.9,33.7,2014,2,1
75,33.8,2014,2,1
75,34,2014,2,1
75.1,32.4,2014,2,2
75.1,33.7,2014,2,2
75.1,33.8,2014,2,3
75.2,33.6,2014,2,1
-3.7,16.4,2014,1,1
0.9,19.5,2014,1,2
2.3,35.9,2014,1,1
2.4,36.6,2014,1,1
4.4,36.7,2014,1,1
7.4,10.5,2014,1,1
7.5,10.8,2014,1,1
8.4,35.2,2014,1,1
8.7,36.2,2014,1,1
9.5,10.2,2014,1,1
11.1,11,2014,1,1
11.3,11.7,2014,1,2
12.1,10.2,2014,1,1
14,11.1,2014,1,1
14.3,11.3,2014,1,1
24.1,15,2014,1,1
25,13.2,2014,1,1
25,13.7,2014,1,1
25.1,14.4,2014,1,1
29.9,10.8,2014,1,1
29.9,11.1,2014,1,1
30,10.6,2014,1,1
32,30.8,2014,1,1
33.6,45.1,2014,1,1
34.1,11.2,2014,1,2
34.3,10.6,2014,1,1
34.5,31.4,2014,1,1
34.6,31.7,2014,1,1
34.6,31.8,2014,1,1
35,31.1,2014,1,1
35,31.6,2014,1,1
35.2,31.6,2014,1,1
35.2,31.9,2014,1,1
35.2,32,2014,1,1
35.3,32.1,2014,1,1
35.5,33.9,2014,1,1
35.7,33,2014,1,1
35.9,33.4,2014,1,1
36.2,35.9,2014,1,1
36.3,33.2,2014,1,1
36.3,33.3,2014,1,1
36.3,35.2,2014,1,1
36.4,32.7,2014,1,1
36.4,33.1,2014,1,1
36.5,32.9,2014,1,2
36.5,33.1,2014,1,1
36.6,33.8,2014,1,1
36.6,34.7,2014,1,1
36.6,36.1,2014,1,2
36.7,32.4,2014,1,1
36.7,48.4,2014,1,1
36.8,33.8,2014,1,1
36.8,35.2,2014,1,1
36.8,47.8,2014,1,1
37.1,35.6,2014,1,1
37.1,48.5,2014,1,1
37.2,47.8,2014,1,1
37.3,47.9,2014,1,1
37.4,35.1,2014,1,1
37.4,36.4,2014,1,1
37.4,47.6,2014,1,1
37.4,48,2014,1,1
37.4,48.3,2014,1,1
37.5,35.1,2014,1,1
37.5,36.1,2014,1,1
37.5,47.5,2014,1,1
37.6,35.2,2014,1,1
37.6,35.8,2014,1,1
37.6,36.1,2014,1,1
37.6,47.3,2014,1,1
37.7,35.2,2014,1,1
37.7,36.4,2014,1,1
37.7,47.4,2014,1,1
37.7,47.6,2014,1,1
37.7,47.7,2014,1,1
37.8,48.1,2014,1,1
37.8,48.8,2014,1,1
37.8,49.2,2014,1,1
37.9,36.8,2014,1,1
37.9,48.5,2014,1,1
37.9,48.9,2014,1,1
38,48.2,2014,1,1
38,48.4,2014,1,1
38,48.7,2014,1,1
38.1,47.2,2014,1,1
38.1,48.9,2014,1,1
38.2,49.4,2014,1,1
38.3,34.9,2014,1,1
38.3,47.7,2014,1,1
38.3,47.9,2014,1,1
38.3,48.4,2014,1,1
38.3,48.9,2014,1,1
38.3,49.9,2014,1,1
38.4,35.8,2014,1,1
38.4,48.8,2014,1,1
38.6,47.8,2014,1,1
38.7,33.5,2014,1,1
38.7,35.8,2014,1,1
38.8,35.6,2014,1,1
38.9,49.2,2014,1,1
38.9,49.3,2014,1,1
39.1,49.3,2014,1,1
39.2,39.4,2014,1,1
39.2,49.1,2014,1,1
39.5,34.4,2014,1,1
39.5,35,2014,1,1
39.6,35,2014,1,2
39.6,47.9,2014,1,1
39.6,48.6,2014,1,1
39.6,49.1,2014,1,1
39.7,35.8,2014,1,1
39.7,48.1,2014,1,1
39.8,48.2,2014,1,1
39.9,48.3,2014,1,1
40,35.2,2014,1,1
40.4,35.9,2014,1,1
40.7,34.8,2014,1,1
40.7,36.3,2014,1,1
40.9,37.4,2014,1,1
41.8,36.4,2014,1,1
42.3,38.5,2014,1,1
42.6,37.4,2014,1,1
43.7,38.4,2014,1,1
44.8,34.7,2014,1,1
44.8,43.3,2014,1,1
45.2,43.3,2014,1,1
45.5,14.1,2014,1,1
45.7,43.4,2014,1,1
46.1,43,2014,1,1
46.4,43.3,2014,1,1
46.8,43.2,2014,1,1
46.9,40.3,2014,1,1
46.9,43.2,2014,1,1
47,40.1,2014,1,1
47.1,39.6,2014,1,1
47.2,39.5,2014,1,1
47.2,43.6,2014,1,1
47.7,42.3,2014,1,1
47.7,42.6,2014,1,1
47.9,41.9,2014,1,1
48.3,15.7,2014,1,1
48.4,10.1,2014,1,1
49,16.1,2014,1,1
49.4,14.8,2014,1,1
49.6,15,2014,1,1
61.5,34.3,2014,1,1
61.6,35.1,2014,1,1
61.9,31,2014,1,1
62,25.5,2014,1,1
62,32.4,2014,1,1
62.1,32.4,2014,1,1
62.1,34.4,2014,1,1
62.2,32.7,2014,1,1
62.2,34.2,2014,1,1
62.3,31.4,2014,1,1
62.3,34.5,2014,1,1
63,35.2,2014,1,1
63.1,31.9,2014,1,1
63.1,34.4,2014,1,1
63.4,34.9,2014,1,1
63.5,32.2,2014,1,1
63.5,35.1,2014,1,1
63.6,34.3,2014,1,1
64.2,31.3,2014,1,1
64.3,31.7,2014,1,1
64.6,35.8,2014,1,1
64.6,35.9,2014,1,1
64.9,31.5,2014,1,1
65.1,32,2014,1,1
65.3,31.6,2014,1,1
65.4,35.4,2014,1,1
65.5,31.5,2014,1,1
65.7,32.4,2014,1,1
65.8,36.1,2014,1,1
65.9,31.7,2014,1,1
65.9,32.7,2014,1,1
65.9,36.3,2014,1,1
66,32.2,2014,1,1
66,32.6,2014,1,1
66,36.7,2014,1,1
66.1,30.2,2014,1,1
66.1,36.9,2014,1,1
66.2,36,2014,1,1
66.2,36.7,2014,1,1
66.3,34.1,2014,1,1
66.3,36.8,2014,1,1
66.3,37,2014,1,1
66.4,31,2014,1,1
66.4,31.8,2014,1,1
66.4,36.9,2014,1,1
66.5,36.5,2014,1,1
66.6,32.9,2014,1,1
66.7,33,2014,1,1
66.7,35.8,2014,1,1
66.8,31.3,2014,1,1
66.9,36,2014,1,1
67.2,31.9,2014,1,1
67.2,36.9,2014,1,1
68,33,2014,1,1
68.1,33.2,2014,1,1
68.6,36,2014,1,1
68.6,37.2,2014,1,1
68.7,34.3,2014,1,1
68.7,36,2014,1,1
68.7,36.1,2014,1,1
68.8,33.1,2014,1,1
68.8,33.2,2014,1,2
68.8,34.2,2014,1,1
68.9,33.7,2014,1,1
68.9,36.8,2014,1,1
69,35.1,2014,1,1
69,37.2,2014,1,1
69.1,34.3,2014,1,1
69.2,34.9,2014,1,1
69.3,32.9,2014,1,1
69.6,33.8,2014,1,1
69.6,37.3,2014,1,1
69.7,33.2,2014,1,1
69.7,33.6,2014,1,1
69.7,34.7,2014,1,1
70,33.4,2014,1,1
70,35,2014,1,1
70.1,34.9,2014,1,1
70.2,34.3,2014,1,1
70.4,32.2,2014,1,1
70.4,34.5,2014,1,1
70.4,35.2,2014,1,1
70.4,36.5,2014,1,1
70.4,37.1,2014,1,1
70.5,34.5,2014,1,1
70.6,39.9,2014,1,1
71,34.2,2014,1,1
71,34.3,2014,1,1
71.2,34.7,2014,1,1
71.3,34.6,2014,1,1
72.4,34.9,2014,1,1
72.5,34.1,2014,1,1
72.5,34.5,2014,1,1
73.8,33.9,2014,1,1
73.8,34.3,2014,1,1
73.9,33.6,2014,1,1
73.9,34.2,2014,1,1
74.2,33.4,2014,1,1
74.2,33.5,2014,1,1
74.3,32.9,2014,1,1
74.3,33.9,2014,1,1
74.4,32.8,2014,1,1
74.5,33.1,2014,1,1
74.5,34.2,2014,1,1
74.7,34.6,2014,1,1
74.8,33.9,2014,1,1
74.8,34,2014,1,1
75.1,34,2014,1,1
75.2,13.4,2014,1,1
75.2,32.3,2014,1,1
75.2,32.4,2014,1,1
75.2,33.7,2014,1,1
75.2,33.8,2014,1,1
79.1,17.8,2014,1,1
79.3,17.1,2014,1,1
79.8,19.9,2014,1,1
9.1,35.2,2014,0,1
9.2,10.1,2014,0,1
13.8,10.6,2014,0,1
24.1,13.1,2014,0,1
24.3,13.1,2014,0,1
24.6,11.5,2014,0,1
25.2,14.1,2014,0,1
25.2,14.6,2014,0,2
25.3,12.6,2014,0,1
25.3,13.1,2014,0,1
29.7,10.9,2014,0,1
33.7,10.8,2014,0,1
35.9,32.7,2014,0,1
35.9,33.7,2014,0,1
36.2,34.6,2014,0,1
36.5,33.7,2014,0,1
36.6,33,2014,0,1
37.2,35.1,2014,0,1
37.3,34,2014,0,1
37.4,35.7,2014,0,1
38.3,49,2014,0,1
38.8,35.9,2014,0,1
40.2,37.9,2014,0,1
41.1,36.6,2014,0,1
43,36.9,2014,0,1
44.6,34.4,2014,0,1
44.8,43.7,2014,0,1
45.3,43.1,2014,0,1
46.7,42.5,2014,0,1
47.5,15.5,2014,0,1
47.5,42.7,2014,0,1
61.3,33,2014,0,1
61.9,33.3,2014,0,1
64.1,30.7,2014,0,1
64.6,35.3,2014,0,1
64.9,32.4,2014,0,1
65.2,37.1,2014,0,1
65.3,34.5,2014,0,1
65.6,36.9,2014,0,1
65.7,31.2,2014,0,1
67.7,36,2014,0,1
68.5,32.7,2014,0,1
68.7,32.9,2014,0,1
68.8,32.9,2014,0,1
69,33.1,2014,0,1
69.4,34.9,2014,0,1
69.6,32.3,2014,0,1
69.6,34.9,2014,0,1
70.1,33.5,2014,0,1
70.4,34.7,2014,0,1
70.5,35.1,2014,0,1
70.8,36.2,2014,0,1
70.8,36.3,2014,0,1
71.2,34.8,2014,0,1
74,34.3,2014,0,1
76.2,33.9,2014,0,5
77,20,2014,0,1
38,35,2015,16920,75
65,33,2015,3974,105
37.2,36.2,2015,3377,740
36.4,33.6,2015,1839,427
43.3,33.4,2015,1565,52
36.4,33.5,2015,1460,497
45,12.8,2015,1280,73
36.3,33.5,2015,1119,415
14.2,12.4,2015,986,10
44,13.6,2015,954,60
37.6,36.2,2015,783,185
44.2,15.4,2015,774,48
41.8,33,2015,740,30
36.1,33.7,2015,640,220
37.1,36.3,2015,616,141
13.2,11.8,2015,613,15
38.3,34.6,2015,608,110
43.1,36.3,2015,591,52
68.9,36.7,2015,580,14
40.7,36.5,2015,576,84
40.1,35.3,2015,574,187
64,31,2015,572,65
36.1,32.6,2015,548,176
36.6,35.9,2015,548,117
43.9,33.4,2015,513,14
36.7,36,2015,499,111
36.7,34.8,2015,495,186
36.3,35.8,2015,490,86
13.4,11.2,2015,476,16
39,36,2015,448,60
40.2,35.3,2015,442,118
42.6,36.2,2015,442,17
70.7,33.8,2015,432,26
38.6,48.1,2015,431,41
37.4,33.5,2015,423,88
65,32.1,2015,420,23
64.7,32.5,2015,418,12
37.5,36.4,2015,416,55
36.1,35.7,2015,398,105
69.7,32.9,2015,396,24
43.7,34.6,2015,395,23
36.6,35.8,2015,380,97
13.3,13.7,2015,377,8
44.4,33.3,2015,374,43
34.1,31.2,2015,358,19
36.5,33.5,2015,351,126
36.7,34.9,2015,347,122
36.2,33.5,2015,346,154
42.1,36.3,2015,335,6
36.2,32.9,2015,331,123
36.7,35.8,2015,330,95
70.7,34.1,2015,328,25
37.2,36,2015,323,59
69.5,32.6,2015,319,27
37.2,35.2,2015,291,102
43.9,34.2,2015,291,18
37.7,48.1,2015,280,181
36.2,32.8,2015,279,84
36.3,35.7,2015,278,65
45.4,15.4,2015,276,17
66.1,30.2,2015,275,5
38.3,34.5,2015,269,81
43.2,13.3,2015,256,6
43.6,34.5,2015,255,9
11.6,10.6,2015,250,1
36.7,34.7,2015,248,109
38.9,34.9,2015,243,18
36.1,33.1,2015,242,53
43.8,33.3,2015,241,7
43.8,33.4,2015,241,22
13.9,12,2015,240,3
68.8,36.8,2015,240,47
41.9,36.3,2015,234,15
67.8,33.3,2015,217,51
42.2,37.3,2015,216,20
36.7,35.4,2015,215,82
38,34.7,2015,209,42
24.5,10.8,2015,204,1
36.2,35.7,2015,204,56
44.2,35.2,2015,203,6
36.5,35.7,2015,202,66
40.5,35,2015,202,42
38,36.5,2015,199,18
44.7,13.7,2015,197,8
65.8,31,2015,194,49
36.2,35.6,2015,192,76
42.4,34.1,2015,190,8
43.6,35.8,2015,189,8
43.8,35.3,2015,188,11
43.5,34.9,2015,186,18
36.4,35.6,2015,182,72
36.7,35.6,2015,182,67
36.8,35.9,2015,176,50
66,32.8,2015,175,39
70.4,34.3,2015,175,49
32.8,11.7,2015,169,2
68.9,37.1,2015,169,11
64.6,31.8,2015,165,17
36.5,35.4,2015,162,63
36.3,32.8,2015,161,71
13.7,11.1,2015,160,7
12.5,13.1,2015,158,1
13.2,12.9,2015,157,3
43.2,36.4,2015,157,10
36.1,32.7,2015,156,66
36.2,32.6,2015,156,59
37.5,35.2,2015,156,6
37.2,36.3,2015,154,44
44.8,13.9,2015,152,13
33.7,30.5,2015,150,12
40.9,36.5,2015,150,48
36,35.7,2015,149,48
36.3,32.7,2015,149,33
36.4,33.8,2015,149,59
40.3,35.2,2015,149,84
44.2,33.1,2015,148,6
64.8,36.2,2015,148,31
14,11.2,2015,146,2
67,24.9,2015,145,43
36.1,33,2015,144,62
44.9,13.1,2015,144,6
16.6,31.2,2015,143,7
66.7,33,2015,143,3
36.5,34.9,2015,140,66
70.8,36.4,2015,140,5
69.2,34.5,2015,138,29
36.5,35.6,2015,137,33
37.1,35.7,2015,137,35
37.9,34.9,2015,137,34
38.4,48.3,2015,134,56
44,13.5,2015,132,7
13,11.5,2015,131,6
64.9,32.1,2015,131,7
13.4,11.7,2015,130,4
34.2,31.3,2015,130,11
65.1,35.1,2015,130,6
37.1,36.1,2015,129,37
36.5,32.5,2015,128,34
36.7,35.9,2015,127,40
38.6,34.4,2015,127,19
43.1,16.4,2015,127,7
36.4,35.7,2015,125,28
33.8,31.1,2015,123,14
37,36,2015,123,16
37.2,34.2,2015,123,37
45,34,2015,123,1
12.6,13.3,2015,121,10
44.3,35.5,2015,120,3
67.2,32.2,2015,120,28
37,36.4,2015,116,35
37.1,36,2015,116,29
42.5,33.9,2015,116,6
29.9,11.1,2015,115,1
36.1,32.8,2015,115,31
36.6,35.7,2015,112,30
66.2,35.8,2015,112,27
71.3,34,2015,112,4
36.8,35.4,2015,111,39
40.9,34.5,2015,110,16
35.9,33.2,2015,109,43
69.3,33.7,2015,109,26
12.3,11.5,2015,108,1
37.7,35.6,2015,108,13
68.4,33.4,2015,107,8
43.1,16.3,2015,106,4
68.8,36.7,2015,105,4
35.9,33.1,2015,104,51
36.3,35.9,2015,104,14
62,34.5,2015,103,31
69.2,34,2015,103,22
71.1,35,2015,103,21
36,33.1,2015,102,38
37.2,35.4,2015,102,26
44.5,33.6,2015,101,1
14.2,11.1,2015,100,1
14.7,13.5,2015,100,5
44.5,33.8,2015,100,3
36.1,33.4,2015,99,41
43.5,33.4,2015,99,6
35.8,33.3,2015,98,29
37.7,36.2,2015,98,34
45.7,14.8,2015,98,8
13.9,11.2,2015,97,5
37.1,35,2015,97,16
43.3,35.8,2015,97,6
36.4,36,2015,96,5
36.6,35.3,2015,96,52
37.8,48,2015,96,31
44.1,17.4,2015,96,10
38.2,34.6,2015,95,23
43.5,36,2015,95,2
13.3,13.6,2015,92,5
14.6,11.4,2015,92,2
36.5,33.6,2015,92,38
36.8,34.9,2015,90,34
45.4,14.3,2015,90,9
36.4,35.5,2015,89,32
40.7,36.1,2015,89,11
62.5,32.5,2015,89,20
64.4,31.6,2015,89,17
69.1,36.6,2015,89,11
38,36,2015,88,20
69,34,2015,88,13
68.8,32.4,2015,87,21
69.8,36.7,2015,86,21
70.5,34.1,2015,86,4
36.6,35.4,2015,84,33
37.1,34.2,2015,84,34
69.2,37,2015,84,10
43.8,16.9,2015,83,14
69.4,37,2015,83,10
11.8,12.1,2015,82,2
12.8,11.2,2015,82,1
24.6,13.3,2015,81,8
36.7,35.3,2015,80,33
40.8,34.6,2015,80,2
68.6,36.7,2015,80,9
70.4,34.1,2015,80,8
36.4,35.4,2015,79,26
37,36.6,2015,79,11
37.1,36.5,2015,79,20
24.4,13.3,2015,78,3
43.5,33.6,2015,78,3
63.9,31.6,2015,78,13
65.1,33.6,2015,78,5
70.9,36.7,2015,78,4
37.6,34.5,2015,77,5
69,35.8,2015,77,16
70.2,34.8,2015,77,16
40.2,37.9,2015,76,20
44.7,14.1,2015,76,6
45,15.4,2015,75,2
65.5,32.6,2015,75,6
64.5,32.4,2015,73,4
36.2,33.4,2015,72,33
37.5,36.3,2015,72,16
43.4,36.4,2015,72,3
65.5,32.9,2015,72,8
70.9,37,2015,72,5
36.6,34,2015,71,14
45.8,15.6,2015,71,1
36.2,35.8,2015,70,19
37.1,36.4,2015,70,14
47.2,15.9,2015,70,1
36,35.6,2015,69,39
39,48.9,2015,69,15
68.6,34.5,2015,69,4
68.6,36,2015,69,10
70.5,34.4,2015,69,14
36.9,32.8,2015,68,24
38.3,48.4,2015,68,25
43.2,16,2015,68,4
44.9,13,2015,68,3
43.5,36.3,2015,67,1
45.7,13.9,2015,67,2
37.2,36.4,2015,66,12
43.4,36.3,2015,66,1
45.6,16.7,2015,66,5
64,32.1,2015,66,2
36.4,34.3,2015,65,5
36.9,34.3,2015,65,5
42.4,36.4,2015,65,4
64.7,32.1,2015,65,2
69.8,34.9,2015,65,3
37.3,34.8,2015,64,12
44.4,35.5,2015,64,6
64.3,35.6,2015,64,10
36.8,36,2015,63,23
38.8,34.7,2015,63,4
43,14.8,2015,63,4
43.3,17.1,2015,63,1
71.6,34,2015,63,11
72,36.8,2015,63,18
36.5,35.5,2015,62,24
68.7,36.8,2015,62,3
38.4,35.8,2015,61,2
45.4,13.1,2015,61,4
24.7,14.2,2015,60,1
36.3,35.5,2015,60,10
36.4,35.8,2015,60,20
43.1,33.5,2015,60,1
43.4,14.3,2015,60,1
44.6,13.2,2015,60,6
46.1,13.8,2015,60,5
71.4,35,2015,60,4
43,16.5,2015,59,4
65.9,31.5,2015,59,1
36.4,32.7,2015,58,18
67.4,32.5,2015,58,8
68,34.2,2015,58,15
69.7,34.8,2015,58,2
71,35.2,2015,58,5
13.3,13.4,2015,57,1
29.7,11,2015,57,4
37,36.2,2015,57,20
43.5,13.1,2015,57,1
44.1,37.4,2015,57,4
44.8,13.2,2015,57,5
65.2,32,2015,57,3
66.2,36,2015,57,3
70.8,34.2,2015,57,9
38,35.2,2015,56,8
62.5,32.6,2015,56,7
13.1,12.3,2015,55,3
38.9,36,2015,55,15
41.4,36.7,2015,55,1
43.6,17,2015,55,1
13.6,13.8,2015,54,2
30,11.9,2015,54,1
36,32.7,2015,54,30
36,33.2,2015,54,15
37.2,36.5,2015,54,21
37.5,47.9,2015,54,24
35.8,35.5,2015,53,11
36.4,34,2015,53,20
43.4,34.9,2015,53,2
71.1,34,2015,53,4
36.5,36.1,2015,52,8
41,34.4,2015,52,7
43.9,35.3,2015,52,3
68.4,33.3,2015,52,12
13.1,11.8,2015,51,1
44.4,33.7,2015,51,8
65.7,37.3,2015,51,4
70.8,34.3,2015,51,10
71.1,36.8,2015,51,10
13,11.7,2015,50,1
41.2,37.1,2015,50,11
43.9,16.2,2015,50,4
44.3,37.6,2015,50,7
45,15.5,2015,50,4
70.7,33.9,2015,50,5
36,35.8,2015,49,16
36.3,35.6,2015,49,23
36.6,35.6,2015,49,26
62.1,32.5,2015,49,9
68.4,33.5,2015,49,6
36.4,32.9,2015,48,12
43.4,35.9,2015,48,4
45.4,17.3,2015,48,3
67.2,32.9,2015,48,1
70.9,34.3,2015,48,6
31,10.9,2015,47,1
37.8,47.1,2015,47,29
63.8,35,2015,47,9
70.8,34.1,2015,47,8
40.4,35.2,2015,46,18
43.2,16.5,2015,46,2
43.9,17.1,2015,46,7
44.6,15.7,2015,46,3
42.5,37.2,2015,45,15
42.7,33.8,2015,45,3
43.2,16.6,2015,45,1
68.7,36.9,2015,45,4
68.8,36.3,2015,45,6
69.7,32.3,2015,45,6
15,12.1,2015,44,2
36.2,32.7,2015,44,20
37,36.3,2015,44,19
40.2,35.2,2015,44,18
44.4,35.2,2015,44,1
68.6,36.3,2015,44,9
70.2,33.5,2015,44,4
12.2,10.6,2015,43,3
24.3,13.1,2015,43,8
36.2,33.3,2015,43,29
36.5,35.8,2015,43,20
37.3,35.1,2015,43,6
37.5,47.1,2015,43,12
44.7,14.4,2015,43,1
68.9,33.9,2015,43,8
69.6,35,2015,43,10
34.2,11.5,2015,42,4
36.8,36.1,2015,42,17
38,48.3,2015,42,21
44.6,34.9,2015,42,4
47,40,2015,42,28
12.5,13.7,2015,41,2
13.6,11.9,2015,41,2
36.6,33.1,2015,41,2
37.2,36.6,2015,41,8
43.4,12.9,2015,41,2
44,16.2,2015,41,1
67,32.5,2015,41,2
14.5,11,2015,40,5
36.1,33.2,2015,40,13
45,12.9,2015,40,2
62.5,31,2015,40,5
70.6,34.2,2015,40,4
24.1,13.1,2015,39,3
36.6,35.5,2015,39,13
36.8,35.6,2015,39,7
64.8,32.4,2015,39,3
71,33.7,2015,39,5
35.8,33.2,2015,38,16
37.5,35.8,2015,38,15
43.2,36.5,2015,38,1
43.3,35.9,2015,38,1
68.9,33.7,2015,38,3
68.9,36.5,2015,38,6
69.2,37.1,2015,38,6
69.4,37.1,2015,38,3
24.6,12.9,2015,37,8
36.8,36.2,2015,37,4
36.9,34.8,2015,37,3
36.9,36.3,2015,37,12
38.5,48.3,2015,37,21
43.7,36.3,2015,37,1
45.2,15.4,2015,37,2
64.8,36.3,2015,37,5
69.9,33.4,2015,37,12
13.1,13.5,2015,36,1
14.1,13.3,2015,36,2
36.6,34.8,2015,36,13
37.5,35,2015,36,5
62.4,33.2,2015,36,3
68.9,35,2015,36,9
69.4,34.5,2015,36,4
70.6,34,2015,36,3
14.5,13.5,2015,35,3
30.4,10.6,2015,35,1
36.3,32.6,2015,35,19
36.3,33.6,2015,35,10
36.7,35.5,2015,35,15
37,35.6,2015,35,6
40.6,35.2,2015,35,3
43,33.5,2015,35,2
45.8,13.7,2015,35,1
63.7,30.6,2015,35,3
65,31.6,2015,35,6
66.5,32.8,2015,35,2
13.1,11.2,2015,34,2
13.3,11.9,2015,34,2
13.6,12.7,2015,34,3
13.8,11.4,2015,34,1
18.3,30.6,2015,34,3
36.1,33.6,2015,34,18
36.2,33.6,2015,34,7
40.4,35.1,2015,34,8
41,33,2015,34,2
41,38.1,2015,34,17
44.1,17.5,2015,34,9
64.3,35,2015,34,4
68.2,32.4,2015,34,2
70,33.3,2015,34,1
70.7,37.7,2015,34,1
44.2,15.5,2015,33,2
44.3,13.6,2015,33,2
45.9,13.9,2015,33,2
63.9,30.2,2015,33,4
64.3,36,2015,33,4
66.9,32.1,2015,33,8
67.9,32.3,2015,33,3
71.2,36.8,2015,33,4
13,13.5,2015,32,1
36.6,34.9,2015,32,12
37.2,35.9,2015,32,5
40.3,33,2015,32,5
44.6,37.3,2015,32,9
65.8,36.8,2015,32,10
13.3,10.8,2015,31,1
23.7,15,2015,31,1
36.9,36,2015,31,7
37,34.9,2015,31,5
37.3,35.2,2015,31,9
44.3,14.2,2015,31,3
47,15,2015,31,4
63.6,32.6,2015,31,5
65,32.5,2015,31,3
67.9,33,2015,31,2
70,34.2,2015,31,2
70.4,33.4,2015,31,2
14.4,13.4,2015,30,1
14.6,13.4,2015,30,1
36,32.9,2015,30,19
36.3,32.9,2015,30,13
43,16.4,2015,30,1
43.5,15.6,2015,30,1
44.9,12.8,2015,30,2
45.4,14.7,2015,30,2
46.9,14.3,2015,30,1
64.5,31.8,2015,30,1
65.7,31.6,2015,30,16
68.4,37,2015,30,2
69.1,36.5,2015,30,1
70.7,35,2015,30,6
70.9,33.9,2015,30,1
12.8,11.1,2015,29,2
13.6,32.4,2015,29,2
33.6,11.4,2015,29,2
36.9,34.9,2015,29,19
38.4,48.4,2015,29,12
43.8,34.5,2015,29,2
68.9,32.9,2015,29,3
71,34.3,2015,29,5
13,12,2015,28,1
36.3,33.4,2015,28,19
38.3,48.3,2015,28,15
40.2,35.4,2015,28,11
43.6,35.3,2015,28,1
43.6,43.5,2015,28,9
44.1,13.5,2015,28,2
44.6,33.7,2015,28,2
63.1,35.8,2015,28,3
65.1,36.2,2015,28,1
68.9,37.2,2015,28,3
70.2,34.7,2015,28,5
70.8,34,2015,28,7
13.1,12.2,2015,27,1
13.2,12.5,2015,27,2
13.2,12.6,2015,27,1
13.4,12.6,2015,27,1
36.6,33.5,2015,27,21
68.3,32.3,2015,27,5
69.1,37.1,2015,27,2
69.9,33.3,2015,27,5
72.1,34.2,2015,27,1
30,11,2015,26,6
36.2,33,2015,26,11
36.6,32.7,2015,26,2
36.8,35.1,2015,26,16
37,35.9,2015,26,13
37,36.1,2015,26,13
37.2,36.1,2015,26,14
41.2,34.4,2015,26,2
45.3,15.5,2015,26,2
45.6,14,2015,26,3
13.5,11.6,2015,25,3
32.5,11,2015,25,1
36.5,36,2015,25,3
36.7,33,2015,25,7
40.6,34.8,2015,25,2
41.8,36.4,2015,25,1
42.6,37.4,2015,25,8
44.2,12.7,2015,25,1
44.2,13.9,2015,25,3
49,11,2015,25,1
62.8,32.8,2015,25,4
62.9,32.2,2015,25,1
64.3,31.7,2015,25,3
68.6,33.4,2015,25,5
12.2,10.9,2015,24,1
24.5,13.1,2015,24,1
31.1,11.3,2015,24,1
34.4,11.8,2015,24,2
37.1,35.3,2015,24,5
37.8,48.1,2015,24,12
45.1,34.9,2015,24,1
62.1,32.4,2015,24,8
69.1,34.1,2015,24,4
13.5,10.8,2015,23,2
13.7,11.5,2015,23,3
37.3,36.5,2015,23,9
37.4,36.1,2015,23,9
42.4,33.8,2015,23,2
44.3,15.4,2015,23,2
64.8,35.9,2015,23,1
68.1,33.2,2015,23,3
68.5,34.1,2015,23,6
71.3,35.7,2015,23,1
3.4,36.8,2015,22,1
36.2,33.1,2015,22,13
43.7,13.2,2015,22,2
44.7,15.7,2015,22,1
46.2,14.6,2015,22,1
68.5,35.8,2015,22,2
70.2,34.2,2015,22,5
12.4,11.5,2015,21,1
36.7,32.9,2015,21,6
36.7,33.6,2015,21,10
36.8,35.8,2015,21,11
37.3,36.1,2015,21,8
37.5,36.5,2015,21,10
38,48.4,2015,21,18
40.1,35.4,2015,21,17
41.8,37.6,2015,21,4
44,34.4,2015,21,1
44.1,37.5,2015,21,8
44.2,14,2015,21,3
44.4,13.4,2015,21,1
61.5,34.3,2015,21,1
62.9,31.7,2015,21,3
64.4,31.7,2015,21,5
66.6,31.5,2015,21,3
67,36.8,2015,21,8
70,33,2015,21,2
71.2,34.9,2015,21,4
71.2,37.1,2015,21,1
12.7,10.2,2015,20,1
13.6,11.6,2015,20,1
36.3,35.4,2015,20,5
36.7,33.8,2015,20,7
36.8,34.8,2015,20,9
39.5,48.7,2015,20,15
42.7,17.1,2015,20,13
43.5,12.7,2015,20,1
43.5,17.4,2015,20,3
43.6,33.4,2015,20,3
43.8,35.2,2015,20,1
46.8,14.5,2015,20,3
64.3,31.6,2015,20,3
68.6,36.9,2015,20,4
70.1,33.6,2015,20,3
-4.9,15.7,2015,19,1
37.3,34.6,2015,19,1
39,32.7,2015,19,3
40.9,35.8,2015,19,6
43,36.4,2015,19,4
43.6,37.3,2015,19,2
64.8,32.1,2015,19,4
68,33.2,2015,19,2
70.4,36.5,2015,19,3
13.3,12.6,2015,18,1
24.9,13.2,2015,18,1
37.1,34.6,2015,18,7
37.5,47.6,2015,18,6
37.5,48,2015,18,10
37.5,48.7,2015,18,3
37.6,36.4,2015,18,7
37.7,36.3,2015,18,1
40.7,38.5,2015,18,3
41.7,37.5,2015,18,3
43.7,17,2015,18,7
43.9,33.2,2015,18,3
44.4,14.4,2015,18,1
44.8,16.2,2015,18,2
64.1,30.9,2015,18,2
64.1,31.5,2015,18,8
67.1,36.7,2015,18,2
67.2,31.9,2015,18,4
69.1,36.7,2015,18,3
69.4,33,2015,18,1
69.8,34.3,2015,18,5
72.4,33.9,2015,18,1
73.9,34.4,2015,18,6
12,11.7,2015,17,3
13.2,32.9,2015,17,3
13.9,13.1,2015,17,1
14.1,11.2,2015,17,2
36.4,33.9,2015,17,6
37.8,34.2,2015,17,6
37.8,35.4,2015,17,5
42.8,33.6,2015,17,4
44,13.7,2015,17,1
44.1,13.2,2015,17,2
44.5,34.3,2015,17,1
45.5,14,2015,17,1
63.1,34.6,2015,17,1
64.5,35.8,2015,17,2
68.9,32.4,2015,17,5
69.2,34.6,2015,17,2
70.4,34.2,2015,17,2
71.4,34.5,2015,17,2
74.3,31.5,2015,17,3
-4.9,14.5,2015,16,2
10.2,36.8,2015,16,2
14.1,11.5,2015,16,3
36.5,35.3,2015,16,8
36.6,32.5,2015,16,2
36.7,33.7,2015,16,13
36.9,35,2015,16,6
37.1,34.3,2015,16,5
37.1,35.1,2015,16,4
37.4,36.3,2015,16,2
37.5,35.7,2015,16,4
37.6,35.4,2015,16,1
37.9,47.5,2015,16,12
38.5,48.7,2015,16,8
39.3,48.7,2015,16,9
39.7,36.5,2015,16,1
41.5,36.4,2015,16,1
43.5,35,2015,16,2
45.5,14.1,2015,16,1
49,11.1,2015,16,1
61.3,33,2015,16,1
63.6,34.8,2015,16,3
64.9,31.6,2015,16,1
65.8,27.9,2015,16,1
66.2,36.9,2015,16,3
69.7,32.6,2015,16,2
70.6,34.1,2015,16,2
-3.4,16.6,2015,15,2
15.1,32.4,2015,15,3
24.4,10.5,2015,15,1
24.5,13.3,2015,15,3
29.8,10.8,2015,15,1
36,33,2015,15,7
36.5,34.8,2015,15,5
36.6,34.4,2015,15,4
36.7,34.1,2015,15,5
40,35.5,2015,15,7
42.3,32,2015,15,2
42.5,37.5,2015,15,5
42.8,36.6,2015,15,1
44,39.9,2015,15,2
44.1,15.3,2015,15,1
44.1,35.5,2015,15,1
44.2,33.3,2015,15,3
44.3,33.5,2015,15,1
44.4,35,2015,15,1
45.1,33.7,2015,15,1
64.5,35.9,2015,15,4
65.9,32.6,2015,15,5
66.3,32.9,2015,15,3
67,30.2,2015,15,3
68.5,33.3,2015,15,4
68.9,34,2015,15,4
69.3,32.7,2015,15,4
69.5,33.2,2015,15,2
70.2,33.4,2015,15,3
70.3,34.1,2015,15,2
14.6,12.3,2015,14,1
34.1,11.4,2015,14,2
36.1,35.5,2015,14,2
36.8,32.9,2015,14,3
36.9,33.7,2015,14,5
36.9,36.1,2015,14,8
37,35,2015,14,5
37.2,35,2015,14,4
37.4,35.4,2015,14,4
38.8,48.8,2015,14,13
40.1,36.9,2015,14,3
40.5,38,2015,14,6
40.6,38.5,2015,14,1
40.8,36.4,2015,14,4
41.8,37.3,2015,14,6
43.6,34.8,2015,14,1
43.7,16.9,2015,14,4
44.3,13.4,2015,14,2
44.4,13.2,2015,14,1
44.4,15.6,2015,14,2
45.4,14.9,2015,14,1
62.8,34.2,2015,14,2
64.8,32.3,2015,14,3
65.3,26.3,2015,14,2
65.4,31.6,2015,14,2
68.7,35.9,2015,14,6
68.8,32.3,2015,14,1
69,33.4,2015,14,3
69.7,34.2,2015,14,2
8.9,35.1,2015,13,2
12,11.3,2015,13,2
13.7,12.8,2015,13,1
35.9,32.7,2015,13,5
36.7,35.2,2015,13,5
36.8,35.5,2015,13,3
37.1,36.2,2015,13,9
37.8,47.5,2015,13,8
38,36.8,2015,13,6
38.4,48.5,2015,13,9
38.6,48.7,2015,13,11
42.5,36.5,2015,13,1
42.9,37.4,2015,13,2
43.3,16.5,2015,13,1
43.3,36.5,2015,13,2
43.4,14.7,2015,13,2
43.5,15.4,2015,13,1
43.8,34.3,2015,13,1
63.1,26,2015,13,1
63.5,35.5,2015,13,2
64.7,31.9,2015,13,2
66.1,36.1,2015,13,3
67.4,36.1,2015,13,1
67.8,32.8,2015,13,1
67.8,32.9,2015,13,2
69,36.8,2015,13,2
71.2,36.7,2015,13,1
71.3,35.2,2015,13,3
74.3,34.4,2015,13,4
-7.3,15.2,2015,12,2
1.8,19.1,2015,12,1
11.1,11.7,2015,12,3
12.8,10.9,2015,12,1
17.8,30.8,2015,12,1
22.6,14,2015,12,1
29.6,12.1,2015,12,2
36,33.3,2015,12,5
36.1,33.3,2015,12,10
36.4,33.4,2015,12,11
36.4,35.3,2015,12,4
36.4,35.9,2015,12,6
36.5,33.7,2015,12,4
36.9,35.4,2015,12,3
37,35.8,2015,12,7
37.3,36.3,2015,12,7
37.4,35.9,2015,12,3
37.6,47.8,2015,12,9
37.9,48.2,2015,12,9
38,48.6,2015,12,8
38.4,34.6,2015,12,1
38.4,48.6,2015,12,8
43.2,14.9,2015,12,4
43.4,16,2015,12,1
44,34,2015,12,1
44.3,15.6,2015,12,1
44.4,34.5,2015,12,1
44.6,13.4,2015,12,1
44.9,12.9,2015,12,1
45.7,13.4,2015,12,1
62,32.6,2015,12,1
64.5,32.5,2015,12,4
68.3,33.5,2015,12,1
68.3,33.6,2015,12,2
69.4,30.5,2015,12,2
70.3,34.7,2015,12,3
71.3,34.8,2015,12,1
-5.6,15.3,2015,11,3
-1.9,16.9,2015,11,1
2.3,36,2015,11,1
12,12.7,2015,11,2
13.2,10.7,2015,11,1
35.9,33,2015,11,5
36.4,34.2,2015,11,5
36.6,34.5,2015,11,11
36.8,35.7,2015,11,5
36.9,35.8,2015,11,4
37.5,35.9,2015,11,3
37.5,36.1,2015,11,5
37.5,36.2,2015,11,6
37.6,35.1,2015,11,6
38.5,48.2,2015,11,9
39.6,48.6,2015,11,7
40.4,35.3,2015,11,2
40.4,36.7,2015,11,5
42.8,16.3,2015,11,2
43.5,17.1,2015,11,1
43.8,16.8,2015,11,2
44,15.3,2015,11,1
44.1,13.8,2015,11,1
44.3,14.8,2015,11,1
44.3,33.1,2015,11,2
44.4,14.5,2015,11,1
44.4,35.1,2015,11,3
45.9,18.2,2015,11,5
64.2,31.7,2015,11,2
64.3,35.8,2015,11,1
65.4,36.1,2015,11,2
65.5,36.1,2015,11,1
65.9,36.2,2015,11,3
68.2,33.4,2015,11,1
68.3,34.2,2015,11,5
69.3,37.1,2015,11,2
69.7,34.9,2015,11,2
70.1,34.2,2015,11,2
70.6,36.5,2015,11,2
71.5,35.2,2015,11,2
4.4,36.7,2015,10,3
7.4,10.5,2015,10,1
12.1,13.1,2015,10,2
13.2,10.5,2015,10,1
13.6,10.9,2015,10,2
34.3,10.6,2015,10,3
36.5,33.9,2015,10,1
36.6,33,2015,10,3
36.7,36.1,2015,10,4
36.9,35.1,2015,10,5
37,33,2015,10,1
38.5,35.8,2015,10,5
39,36.7,2015,10,5
43.3,16.9,2015,10,3
44,15.6,2015,10,1
44,35.2,2015,10,1
44.1,34,2015,10,1
44.3,37.2,2015,10,1
44.4,14.1,2015,10,1
44.5,13.9,2015,10,1
44.6,13.9,2015,10,1
62.2,34.3,2015,10,9
63.3,33.8,2015,10,1
65,36.1,2015,10,2
65.4,36,2015,10,1
65.9,35.3,2015,10,1
66,37.1,2015,10,2
66.5,28.9,2015,10,2
67.7,36,2015,10,4
68.3,32.6,2015,10,1
68.6,32.8,2015,10,1
68.9,33.8,2015,10,4
69,37.2,2015,10,1
69.3,34.9,2015,10,4
69.6,33.8,2015,10,3
69.6,37.3,2015,10,2
70.1,34.8,2015,10,6
70.1,34.9,2015,10,1
71.3,35.5,2015,10,4
71.5,34.9,2015,10,1
75.1,33.9,2015,10,4
75.2,32,2015,10,1
8.9,34.8,2015,9,1
13.7,12,2015,9,1
29,41,2015,9,4
32.2,10.4,2015,9,1
34.8,10.8,2015,9,1
36.4,36.1,2015,9,2
36.5,32.6,2015,9,3
36.9,34.5,2015,9,3
36.9,36.2,2015,9,9
37.4,34.8,2015,9,1
37.4,35.3,2015,9,5
37.5,36.6,2015,9,4
37.6,48.7,2015,9,1
37.8,47.3,2015,9,7
38,36.2,2015,9,2
38.2,36.4,2015,9,3
40.4,36.1,2015,9,1
41,34.5,2015,9,1
44.1,16.5,2015,9,2
44.3,33.7,2015,9,1
46.8,40.4,2015,9,4
46.8,42.8,2015,9,3
49.2,11.3,2015,9,7
62.2,33.2,2015,9,1
63.3,32,2015,9,3
63.5,32.2,2015,9,2
64,35.8,2015,9,5
65.4,32.8,2015,9,3
65.4,36.2,2015,9,4
65.5,33,2015,9,2
65.6,33,2015,9,1
68.6,33.9,2015,9,1
68.7,33.9,2015,9,4
70,35,2015,9,1
70.4,34.8,2015,9,2
70.6,32.9,2015,9,3
70.9,34.1,2015,9,2
71.3,34.9,2015,9,2
71.6,35.2,2015,9,1
74.2,34.4,2015,9,3
74.6,32.6,2015,9,2
-6.8,10.4,2015,8,2
-4.3,15.4,2015,8,1
30,10.7,2015,8,2
36.1,35.8,2015,8,2
36.2,32.5,2015,8,1
37.3,34.9,2015,8,2
37.3,35.8,2015,8,3
37.7,47.2,2015,8,6
37.7,48.5,2015,8,8
38,34.2,2015,8,1
39.1,34.5,2015,8,5
39.3,35.9,2015,8,2
40.3,35.3,2015,8,6
40.3,36.4,2015,8,3
40.3,37.4,2015,8,1
41.2,36.8,2015,8,1
43.2,37.6,2015,8,4
43.6,17.1,2015,8,1
44,35.4,2015,8,1
44.1,35.4,2015,8,1
44.1,35.7,2015,8,1
44.2,33.8,2015,8,1
45.1,43,2015,8,1
45.2,34.3,2015,8,1
61.1,25.4,2015,8,1
62,25.6,2015,8,1
63.3,34.4,2015,8,2
64.9,31.7,2015,8,2
64.9,36.3,2015,8,2
65.7,31.7,2015,8,2
66.8,32.1,2015,8,2
67,32.2,2015,8,2
67.6,32.8,2015,8,1
68.4,36.9,2015,8,2
68.8,35,2015,8,3
69.1,32.1,2015,8,1
69.2,32.2,2015,8,1
69.2,32.5,2015,8,1
69.5,32.7,2015,8,1
69.5,37.5,2015,8,1
69.6,32.5,2015,8,1
69.8,32.6,2015,8,1
70.3,34.8,2015,8,1
70.4,33.2,2015,8,2
70.7,34.4,2015,8,2
70.9,34.2,2015,8,1
71.1,36.9,2015,8,1
74.3,31.7,2015,8,2
74.8,33.8,2015,8,2
0.3,17.8,2015,7,1
1.4,18.4,2015,7,3
6.9,36.9,2015,7,3
8.9,35.3,2015,7,4
12.8,11.8,2015,7,2
13.8,11,2015,7,2
13.8,11.2,2015,7,3
30.5,11.4,2015,7,2
35.8,33.1,2015,7,5
35.9,33.4,2015,7,4
36,32.8,2015,7,6
37,35.7,2015,7,6
37.2,34.7,2015,7,3
37.3,35.9,2015,7,2
37.3,36,2015,7,5
37.4,35.2,2015,7,1
37.4,36.2,2015,7,2
37.8,34.8,2015,7,1
39.3,48.6,2015,7,5
39.5,39.1,2015,7,4
39.6,35.8,2015,7,3
40,36.3,2015,7,2
41.5,34.4,2015,7,1
41.7,33.2,2015,7,1
43.3,17.2,2015,7,2
43.5,16.7,2015,7,2
44,35.5,2015,7,1
44,36.2,2015,7,3
44.1,16.3,2015,7,1
44.3,14.7,2015,7,2
44.4,15.3,2015,7,1
44.4,17.2,2015,7,1
44.5,13.3,2015,7,1
44.5,34.6,2015,7,1
44.6,15.8,2015,7,1
44.8,14.4,2015,7,1
44.9,34,2015,7,1
46.9,43.3,2015,7,1
62.6,32.8,2015,7,2
63.2,33.8,2015,7,1
64.1,35.7,2015,7,1
64.2,26.7,2015,7,1
64.8,35.8,2015,7,4
65.1,32.3,2015,7,2
65.5,36.3,2015,7,3
65.8,36.7,2015,7,4
66,32.1,2015,7,2
66.4,31,2015,7,2
66.5,31.9,2015,7,4
66.8,29.7,2015,7,1
67.3,31.4,2015,7,2
68.4,32.3,2015,7,1
68.6,34.1,2015,7,2
68.8,34.3,2015,7,3
68.9,34.4,2015,7,2
69.1,29.1,2015,7,1
69.2,33,2015,7,1
69.2,34.8,2015,7,3
69.3,33.2,2015,7,2
69.3,34,2015,7,2
70,33.1,2015,7,1
70,34.3,2015,7,3
70.3,33.7,2015,7,2
70.3,34.4,2015,7,5
70.4,34.9,2015,7,3
71.4,34,2015,7,1
71.6,35.4,2015,7,1
75.2,32.5,2015,7,1
9.2,35.4,2015,6,2
12.5,11.8,2015,6,2
14.8,32.4,2015,6,1
20.1,32.1,2015,6,1
23.2,12,2015,6,1
24.5,13.4,2015,6,1
30.5,11.9,2015,6,1
36.2,33.7,2015,6,4
36.4,32.8,2015,6,4
36.4,34.9,2015,6,2
36.5,32.7,2015,6,2
36.6,33.7,2015,6,3
36.8,33.9,2015,6,3
37,35.4,2015,6,2
37.4,36.4,2015,6,1
37.5,47.3,2015,6,6
37.6,36.3,2015,6,2
37.6,48.1,2015,6,5
37.7,47.5,2015,6,2
37.8,48.2,2015,6,5
37.9,36.4,2015,6,2
38,48.5,2015,6,3
38.3,36.6,2015,6,2
38.6,34.7,2015,6,3
39.9,35.6,2015,6,1
41.1,36.7,2015,6,2
41.5,39.2,2015,6,1
42.2,37.7,2015,6,1
43.1,36.6,2015,6,1
43.2,13.8,2015,6,1
43.3,17,2015,6,2
43.4,16.8,2015,6,3
43.5,16.9,2015,6,3
43.5,17.9,2015,6,3
43.7,13.7,2015,6,1
44.1,13.9,2015,6,1
44.1,15.2,2015,6,1
45.4,14,2015,6,2
61.6,35.1,2015,6,2
62,34,2015,6,1
62.1,33.3,2015,6,2
62.3,33.4,2015,6,3
63.1,32,2015,6,1
63.5,25.3,2015,6,1
64.3,31.5,2015,6,1
65,32.3,2015,6,1
65.3,32.9,2015,6,2
65.5,32,2015,6,2
66.1,32.1,2015,6,1
66.2,31,2015,6,1
67.5,36,2015,6,1
67.6,32.7,2015,6,2
68.3,32.2,2015,6,1
68.5,33.4,2015,6,1
68.5,37,2015,6,2
68.7,33.5,2015,6,1
69.1,28.9,2015,6,1
69.1,34.8,2015,6,1
69.3,36.4,2015,6,3
70.7,34.3,2015,6,1
70.9,34.6,2015,6,1
74,34.1,2015,6,2
74.1,33.5,2015,6,3
75.1,32.6,2015,6,3
76.2,33.9,2015,6,3
-4,14.7,2015,5,2
-3.8,13.4,2015,5,2
2.4,15.9,2015,5,2
3.9,36.2,2015,5,3
9.1,34.4,2015,5,1
9.1,35.2,2015,5,1
12.5,10.8,2015,5,1
12.6,11.8,2015,5,1
13.5,10.9,2015,5,2
13.8,13.1,2015,5,2
14.1,11,2015,5,1
14.7,12.2,2015,5,1
30.6,10.8,2015,5,3
31.2,30,2015,5,2
34.3,11.3,2015,5,1
35.9,32.9,2015,5,4
35.9,33.3,2015,5,4
36,33.7,2015,5,2
36.2,33.2,2015,5,3
36.4,32.6,2015,5,5
36.5,35.9,2015,5,4
36.5,36.2,2015,5,2
36.6,34.6,2015,5,2
36.7,35.7,2015,5,2
37,35.1,2015,5,2
37.2,36.7,2015,5,1
37.3,35.3,2015,5,2
37.5,33.5,2015,5,2
37.6,48.9,2015,5,3
37.8,47.2,2015,5,5
37.8,48.3,2015,5,5
37.8,48.4,2015,5,3
37.9,36.1,2015,5,1
38.7,48.7,2015,5,1
39,48.8,2015,5,4
42.5,37.9,2015,5,1
42.6,36.4,2015,5,1
42.7,36.5,2015,5,1
43.2,35.5,2015,5,1
43.2,39.7,2015,5,2
44.8,36.5,2015,5,1
45.2,13.9,2015,5,1
47,35.3,2015,5,1
47.1,42.8,2015,5,1
48.5,15.8,2015,5,1
61.2,34.2,2015,5,2
63.2,25.4,2015,5,1
64.6,31.7,2015,5,1
65.3,32.7,2015,5,1
66.3,32.4,2015,5,1
66.3,36.7,2015,5,2
66.7,32.6,2015,5,3
68.3,32.7,2015,5,1
68.4,33.2,2015,5,1
68.5,33.6,2015,5,1
68.8,34.4,2015,5,2
69,34.6,2015,5,1
69.6,32.3,2015,5,2
69.9,33.5,2015,5,1
70,32.7,2015,5,1
70.3,35.2,2015,5,1
70.4,30.5,2015,5,1
70.6,33.1,2015,5,1
70.6,37.1,2015,5,1
70.7,34.2,2015,5,1
70.9,31.8,2015,5,2
71,34.1,2015,5,1
71.1,34.9,2015,5,1
71.4,33.6,2015,5,1
72.3,30.9,2015,5,2
74,33.8,2015,5,3
74,34.7,2015,5,2
74.1,31.7,2015,5,1
74.3,34.3,2015,5,2
74.7,34.6,2015,5,1
74.9,34,2015,5,3
-8,12.7,2015,4,4
-5,14.1,2015,4,2
-3,20,2015,4,2
-2.9,13.9,2015,4,1
0.5,15.7,2015,4,1
3.4,36.6,2015,4,1
5.7,35.9,2015,4,1
8.7,35.2,2015,4,2
8.8,35.2,2015,4,1
12.9,10.6,2015,4,1
13,32.5,2015,4,1
24.9,13.5,2015,4,1
34.1,11.2,2015,4,1
34.3,11.5,2015,4,1
34.4,11.4,2015,4,1
34.9,37.4,2015,4,1
36.1,32.9,2015,4,2
36.1,33.8,2015,4,1
36.2,33.8,2015,4,3
36.4,33.7,2015,4,1
36.5,33.1,2015,4,1
36.5,34.4,2015,4,1
36.6,35.2,2015,4,3
36.7,36.2,2015,4,2
36.8,34.4,2015,4,1
37,36.5,2015,4,4
37.1,34.9,2015,4,2
37.1,35.2,2015,4,1
37.3,47.1,2015,4,4
37.6,36.9,2015,4,1
37.6,48.2,2015,4,2
38.1,48.5,2015,4,3
38.2,37.8,2015,4,3
38.2,48.4,2015,4,3
38.2,49.4,2015,4,2
38.3,35.8,2015,4,1
38.5,48.9,2015,4,4
38.6,35.8,2015,4,2
39.1,48.8,2015,4,4
39.2,36.5,2015,4,2
39.6,49.2,2015,4,4
40.4,36,2015,4,1
40.5,36.8,2015,4,1
40.6,36.4,2015,4,2
40.8,39.1,2015,4,1
41.8,36.7,2015,4,1
42.1,37.4,2015,4,1
42.4,38.3,2015,4,2
42.6,36.8,2015,4,1
42.7,35.6,2015,4,1
43.1,16.8,2015,4,2
43.1,40.1,2015,4,1
43.1,40.2,2015,4,2
43.3,34,2015,4,1
43.4,15.9,2015,4,1
43.5,17.6,2015,4,2
43.7,38.4,2015,4,2
43.7,39.5,2015,4,2
44,15.9,2015,4,1
44.1,15.5,2015,4,2
44.1,39.6,2015,4,2
44.3,38.5,2015,4,1
44.4,16.2,2015,4,1
44.6,17.3,2015,4,1
44.6,33.1,2015,4,2
44.8,14,2015,4,1
44.8,43.2,2015,4,2
46.8,43.4,2015,4,1
46.9,40.2,2015,4,3
61.5,29,2015,4,1
62.2,35,2015,4,2
62.9,35.2,2015,4,1
63,31.8,2015,4,1
64,34.4,2015,4,1
64.7,31.8,2015,4,3
64.7,36,2015,4,1
65,34,2015,4,1
65.2,35.6,2015,4,1
66.2,32.9,2015,4,1
66.8,37.1,2015,4,1
67.4,32.6,2015,4,1
68,33.1,2015,4,1
68.1,32.6,2015,4,1
68.6,33,2015,4,1
68.9,33.3,2015,4,2
68.9,33.4,2015,4,1
68.9,36.8,2015,4,2
69,33.1,2015,4,1
69.3,32.5,2015,4,3
69.3,33.8,2015,4,1
69.3,36.2,2015,4,1
69.4,34.4,2015,4,1
69.4,36.4,2015,4,1
69.7,33.6,2015,4,1
69.7,34.3,2015,4,1
69.8,34.2,2015,4,1
70,34.7,2015,4,1
70.1,34.7,2015,4,1
70.9,34.4,2015,4,1
71,34.2,2015,4,3
71,34.9,2015,4,2
71.1,34.8,2015,4,1
71.2,35,2015,4,2
72.6,34.1,2015,4,1
72.9,33.3,2015,4,1
74.1,33.6,2015,4,4
74.8,33.7,2015,4,2
74.8,34.6,2015,4,2
75.2,33.8,2015,4,2
-5,14.3,2015,3,1
-4.5,15.4,2015,3,1
-4.1,14.5,2015,3,1
-3.7,16.4,2015,3,1
-2.8,15.9,2015,3,1
1.5,36.4,2015,3,1
2.3,48.9,2015,3,1
2.4,36.4,2015,3,1
3.9,36.8,2015,3,1
4.2,36.8,2015,3,2
11.2,10.3,2015,3,1
11.7,11,2015,3,1
12.5,11.6,2015,3,1
13.4,10.6,2015,3,1
13.6,12.9,2015,3,1
13.6,13.1,2015,3,1
13.8,12.4,2015,3,2
14.5,12.4,2015,3,1
15.2,31.5,2015,3,1
23.4,12.3,2015,3,1
30,10.6,2015,3,1
30.5,10.9,2015,3,2
32.2,10.6,2015,3,1
32.7,10,2015,3,1
34.3,11.6,2015,3,1
35.9,32.8,2015,3,4
36,33.4,2015,3,3
36.3,33.2,2015,3,1
36.4,32.5,2015,3,3
36.4,33.1,2015,3,1
36.6,33.4,2015,3,2
36.7,47.8,2015,3,3
36.8,36.3,2015,3,1
36.9,35.6,2015,3,3
37.2,48.3,2015,3,3
37.3,47.5,2015,3,3
37.4,47.2,2015,3,3
37.4,48.2,2015,3,3
37.5,48.1,2015,3,1
37.7,47.4,2015,3,3
37.8,36.2,2015,3,2
37.9,47.2,2015,3,2
38.6,48.9,2015,3,3
38.7,35.8,2015,3,1
39,36.1,2015,3,2
39.2,39.4,2015,3,2
39.8,39.2,2015,3,1
40.1,38.4,2015,3,1
40.3,38.7,2015,3,1
40.4,36.6,2015,3,1
40.4,38.2,2015,3,1
41,39.3,2015,3,1
41.1,36.2,2015,3,1
41.1,36.4,2015,3,2
41.4,31.2,2015,3,1
41.4,36.8,2015,3,3
42.6,37.9,2015,3,1
42.9,16.4,2015,3,1
42.9,34.5,2015,3,1
44,33,2015,3,2
44.3,13.9,2015,3,1
44.3,15.2,2015,3,2
44.3,39.7,2015,3,1
44.4,33.1,2015,3,1
44.6,13.5,2015,3,1
44.8,43.3,2015,3,1
44.9,13.6,2015,3,1
45.4,40.9,2015,3,2
45.7,43.3,2015,3,2
46.8,43.5,2015,3,1
46.9,43.2,2015,3,2
48.1,41.7,2015,3,1
61.5,31.5,2015,3,1
61.9,31,2015,3,1
62,35.4,2015,3,1
62.1,32.8,2015,3,1
62.2,25.6,2015,3,1
62.2,33.6,2015,3,1
62.9,32.6,2015,3,2
63,35.2,2015,3,1
63.1,35,2015,3,2
63.6,34.3,2015,3,1
64,35.7,2015,3,2
65.1,36.5,2015,3,2
65.3,35.6,2015,3,1
65.4,31.5,2015,3,1
65.7,34.5,2015,3,1
65.9,32.7,2015,3,2
66.3,35.8,2015,3,2
66.9,36.6,2015,3,1
68,34.5,2015,3,1
68.1,32.9,2015,3,2
68.1,36.2,2015,3,2
68.4,32.7,2015,3,1
68.5,32.7,2015,3,1
68.5,33.8,2015,3,2
68.6,33.7,2015,3,1
68.7,35.8,2015,3,1
68.8,35.8,2015,3,1
69,36.7,2015,3,1
69.2,35.1,2015,3,1
69.3,34.6,2015,3,1
69.6,33.3,2015,3,1
69.7,34.4,2015,3,1
69.8,33.8,2015,3,3
70.1,34.3,2015,3,2
70.2,34.4,2015,3,1
70.3,34.3,2015,3,1
70.4,32.7,2015,3,1
70.7,34.7,2015,3,1
70.8,35.3,2015,3,2
70.9,36.9,2015,3,1
71.4,35.2,2015,3,1
71.5,36.9,2015,3,1
71.6,34.2,2015,3,1
72.1,34.4,2015,3,1
72.5,30.9,2015,3,1
74.1,34.3,2015,3,3
74.2,32.1,2015,3,1
74.3,33.8,2015,3,3
74.4,34.2,2015,3,2
74.5,31.6,2015,3,1
74.5,32.7,2015,3,1
74.5,34.3,2015,3,2
75.1,33.7,2015,3,1
75.1,33.8,2015,3,2
75.2,32.3,2015,3,1
75.2,33,2015,3,1
-6,14.7,2015,2,1
-3.4,16.3,2015,2,1
1,20.2,2015,2,1
1.6,36.4,2015,2,1
2,35.9,2015,2,1
2,36.3,2015,2,1
2.2,36.2,2015,2,2
2.7,15.7,2015,2,1
3.7,36.8,2015,2,1
3.8,36.5,2015,2,2
4.3,36.8,2015,2,1
4.4,36.9,2015,2,1
5.9,36.8,2015,2,1
6.4,36.7,2015,2,1
9.1,34.8,2015,2,1
9.2,34.9,2015,2,1
12.5,13.2,2015,2,1
12.8,26.6,2015,2,1
13.2,13.9,2015,2,1
13.8,11.5,2015,2,1
14.2,11.3,2015,2,1
14.7,12,2015,2,1
15.3,31.4,2015,2,1
24.7,13.1,2015,2,1
24.9,13.1,2015,2,1
30.4,11.7,2015,2,1
30.5,11.2,2015,2,2
30.6,11,2015,2,1
34.3,11.2,2015,2,1
34.4,11.1,2015,2,1
34.5,31.5,2015,2,1
35.1,31.5,2015,2,1
35.3,37,2015,2,1
35.7,33.3,2015,2,1
35.9,35.5,2015,2,1
36.1,33.5,2015,2,1
36.2,35.5,2015,2,1
36.5,33.4,2015,2,2
36.6,34.1,2015,2,2
36.7,34,2015,2,1
36.7,34.2,2015,2,1
36.8,33,2015,2,1
36.8,33.3,2015,2,2
37,32.8,2015,2,1
37.1,35.9,2015,2,1
37.2,33.1,2015,2,2
37.2,47.7,2015,2,1
37.3,47.2,2015,2,2
37.3,48.2,2015,2,2
37.3,48.3,2015,2,2
37.4,35.1,2015,2,2
37.4,36.5,2015,2,1
37.6,36.1,2015,2,1
37.6,36.5,2015,2,1
37.7,35.5,2015,2,2
37.7,47.6,2015,2,2
37.9,48.4,2015,2,2
38.1,35.5,2015,2,1
38.1,48.4,2015,2,2
38.4,47.8,2015,2,1
38.4,48.2,2015,2,2
38.4,48.7,2015,2,2
38.6,48.3,2015,2,2
38.8,37.2,2015,2,1
38.9,36.4,2015,2,1
38.9,48.8,2015,2,1
39,35.9,2015,2,1
39,36.5,2015,2,1
39.1,48.7,2015,2,1
39.2,48.7,2015,2,2
39.3,35.8,2015,2,2
39.3,48.8,2015,2,1
39.4,48.7,2015,2,2
39.8,35.6,2015,2,1
39.9,35.7,2015,2,1
40,36.8,2015,2,2
40,38,2015,2,1
40.4,37.7,2015,2,1
40.6,34.9,2015,2,2
40.7,34.8,2015,2,1
40.7,36.2,2015,2,2
40.8,36.5,2015,2,1
40.8,37.9,2015,2,1
40.9,36.6,2015,2,1
40.9,37.4,2015,2,2
41.1,36,2015,2,1
41.2,38.1,2015,2,1
41.5,40,2015,2,1
42.3,40.6,2015,2,1
42.6,16.9,2015,2,1
42.6,36.5,2015,2,1
42.9,16.2,2015,2,1
43.1,38,2015,2,1
43.1,40.5,2015,2,1
43.4,16.7,2015,2,1
43.8,15.4,2015,2,1
45,41.2,2015,2,1
45.1,41.1,2015,2,2
45.4,43.7,2015,2,1
46,40.1,2015,2,2
47.3,39.6,2015,2,1
47.5,15.5,2015,2,2
47.5,39.6,2015,2,1
49.1,11,2015,2,2
61.6,27.3,2015,2,1
62,27.3,2015,2,2
62.7,34.5,2015,2,1
62.9,34.2,2015,2,1
63,32.5,2015,2,1
63.1,34.8,2015,2,1
63.1,35.2,2015,2,1
63.3,32.1,2015,2,1
63.4,35.6,2015,2,1
64.1,30.6,2015,2,1
64.1,31.3,2015,2,3
64.3,35.7,2015,2,1
64.6,34.1,2015,2,1
64.7,31.7,2015,2,2
64.9,36.2,2015,2,1
65,31.8,2015,2,1
65.1,36.9,2015,2,1
65.2,31.5,2015,2,1
65.3,36.9,2015,2,1
65.5,36.2,2015,2,1
65.6,31.8,2015,2,1
65.7,32.4,2015,2,1
66.1,36.9,2015,2,2
66.5,32.2,2015,2,1
66.6,36.7,2015,2,1
66.9,36.3,2015,2,1
67.4,31.7,2015,2,1
67.5,32,2015,2,1
67.8,29.6,2015,2,1
67.8,31.4,2015,2,1
67.8,33.2,2015,2,1
68.2,33.2,2015,2,1
68.3,33.1,2015,2,1
68.4,33.6,2015,2,2
68.4,33.7,2015,2,2
68.4,34,2015,2,1
68.5,33.1,2015,2,1
68.5,35.9,2015,2,1
68.7,33,2015,2,1
68.7,34.1,2015,2,1
68.7,34.4,2015,2,1
68.8,32.9,2015,2,1
68.8,33.2,2015,2,1
68.8,34.1,2015,2,2
69,34.1,2015,2,1
69.2,34.2,2015,2,2
69.2,36.1,2015,2,1
69.2,36.3,2015,2,1
69.5,37.3,2015,2,1
69.6,34.9,2015,2,2
69.7,33.9,2015,2,1
69.8,32.3,2015,2,1
70,33.4,2015,2,1
70.2,34.3,2015,2,2
70.3,34.2,2015,2,1
70.4,32.2,2015,2,1
70.4,34.4,2015,2,1
70.4,36.6,2015,2,2
70.5,35.1,2015,2,1
70.6,37.6,2015,2,1
70.9,36.6,2015,2,1
71,34.6,2015,2,1
71.7,34.2,2015,2,1
71.7,34.3,2015,2,1
72.5,34.1,2015,2,1
73.2,34.4,2015,2,1
74,33.6,2015,2,1
74.1,33.8,2015,2,2
74.1,33.9,2015,2,2
74.2,34.5,2015,2,4
74.4,34.3,2015,2,1
74.4,34.7,2015,2,1
74.6,32.7,2015,2,1
74.8,32.5,2015,2,1
74.8,34.5,2015,2,2
74.9,32.3,2015,2,1
74.9,32.5,2015,2,2
74.9,33.7,2015,2,1
74.9,33.8,2015,2,1
75,33.7,2015,2,1
75,33.8,2015,2,2
75.6,33.1,2015,2,1
78.2,18.4,2015,2,1
-6.1,10.3,2015,1,1
-0.8,34.8,2015,1,1
-0.5,34.8,2015,1,1
1.5,36.3,2015,1,1
2.1,36.2,2015,1,1
2.5,35.9,2015,1,1
3.3,36.6,2015,1,1
3.9,35.7,2015,1,1
3.9,36.7,2015,1,1
4.1,36.6,2015,1,1
4.3,36.6,2015,1,1
5.9,35.5,2015,1,1
6.2,36.8,2015,1,1
6.6,36.5,2015,1,1
8.1,34.7,2015,1,1
8.1,35.4,2015,1,1
8.4,35.2,2015,1,1
8.4,36.5,2015,1,1
8.7,11.5,2015,1,1
10.6,35.8,2015,1,1
10.6,35.9,2015,1,1
12.2,32,2015,1,1
12.4,13.4,2015,1,1
12.8,13.4,2015,1,1
14,12.5,2015,1,1
22.6,32.8,2015,1,1
24.2,13.3,2015,1,1
24.8,13.2,2015,1,1
25.5,16,2015,1,1
30.1,10.8,2015,1,1
30.2,11,2015,1,1
30.2,13.2,2015,1,1
30.6,11.1,2015,1,1
34.1,11.8,2015,1,1
34.2,31.2,2015,1,1
34.3,31.3,2015,1,1
34.5,31.6,2015,1,1
35.2,31.7,2015,1,1
35.2,31.8,2015,1,1
35.2,31.9,2015,1,1
35.3,32.5,2015,1,1
35.6,33.3,2015,1,1
35.9,35.4,2015,1,1
36,31,2015,1,1
36,34.8,2015,1,1
36.2,35.9,2015,1,1
36.3,33,2015,1,1
36.3,33.1,2015,1,1
36.4,33,2015,1,1
36.5,32.4,2015,1,1
36.5,32.9,2015,1,1
36.5,37.1,2015,1,1
36.7,32.5,2015,1,1
36.7,35.1,2015,1,1
36.7,36.3,2015,1,1
36.7,37,2015,1,1
36.9,36.5,2015,1,2
36.9,48.4,2015,1,1
37.1,36.8,2015,1,1
37.1,47.6,2015,1,1
37.2,34.1,2015,1,1
37.2,35.3,2015,1,1
37.2,48,2015,1,1
37.3,35,2015,1,1
37.3,47.9,2015,1,1
37.3,48,2015,1,1
37.3,48.1,2015,1,1
37.4,35,2015,1,1
37.4,36.6,2015,1,3
37.4,37.1,2015,1,1
37.4,47,2015,1,1
37.4,49,2015,1,1
37.5,36.7,2015,1,1
37.5,47.4,2015,1,1
37.5,47.5,2015,1,1
37.5,48.2,2015,1,1
37.5,48.4,2015,1,1
37.5,48.6,2015,1,1
37.6,36.7,2015,1,1
37.6,47.1,2015,1,1
37.6,47.5,2015,1,1
37.6,47.6,2015,1,1
37.6,47.7,2015,1,1
37.6,48,2015,1,1
37.6,48.4,2015,1,1
37.7,35.1,2015,1,1
37.7,36.4,2015,1,1
37.8,48.9,2015,1,1
37.9,35.1,2015,1,1
37.9,47.1,2015,1,1
37.9,48.1,2015,1,1
37.9,48.5,2015,1,1
37.9,48.6,2015,1,1
37.9,48.7,2015,1,1
37.9,48.8,2015,1,1
38,47.4,2015,1,1
38,48.7,2015,1,1
38.1,36.5,2015,1,1
38.1,48.9,2015,1,1
38.3,48.2,2015,1,1
38.3,48.5,2015,1,1
38.3,48.7,2015,1,1
38.3,48.8,2015,1,1
38.4,48.9,2015,1,1
38.4,49.1,2015,1,1
38.5,48.6,2015,1,2
38.7,36.7,2015,1,1
38.7,47.8,2015,1,1
38.7,48.8,2015,1,1
38.8,48.7,2015,1,1
38.9,33.8,2015,1,1
38.9,48.7,2015,1,1
38.9,48.9,2015,1,1
38.9,49,2015,1,1
38.9,49.1,2015,1,1
38.9,49.3,2015,1,1
39,48.7,2015,1,1
39,49,2015,1,1
39.1,47.9,2015,1,1
39.1,49,2015,1,1
39.3,37.8,2015,1,1
39.4,36.3,2015,1,1
39.4,48.9,2015,1,1
39.6,48.3,2015,1,1
39.6,48.9,2015,1,1
39.6,49,2015,1,1
39.6,49.1,2015,1,1
39.7,36.6,2015,1,2
39.7,48.7,2015,1,1
39.8,35.2,2015,1,1
40.1,36.8,2015,1,1
40.5,35.1,2015,1,1
40.6,36.6,2015,1,1
40.6,37.2,2015,1,1
40.7,35.6,2015,1,1
40.7,36.3,2015,1,1
40.7,36.4,2015,1,1
40.8,35.8,2015,1,1
40.8,38.2,2015,1,1
40.9,37,2015,1,1
41,35.2,2015,1,1
41,36.7,2015,1,1
41,38.5,2015,1,1
41.3,37.4,2015,1,1
41.4,37.4,2015,1,1
41.4,38.1,2015,1,1
41.7,39,2015,1,1
41.9,34.5,2015,1,3
41.9,37.3,2015,1,1
42,38.6,2015,1,1
42.1,36.8,2015,1,1
42.4,38.2,2015,1,1
43.1,16.5,2015,1,1
43.4,17.5,2015,1,1
43.4,39,2015,1,1
43.7,14.6,2015,1,1
43.8,15.5,2015,1,1
44,16.1,2015,1,1
44.1,13.7,2015,1,1
44.1,17,2015,1,1
44.2,14.1,2015,1,1
44.4,14.3,2015,1,2
44.5,13.5,2015,1,1
44.8,15.8,2015,1,1
45.2,40.9,2015,1,1
45.4,41,2015,1,1
46.7,40.4,2015,1,1
46.7,43.3,2015,1,1
47,39.7,2015,1,1
48.3,42.1,2015,1,1
49.3,10.9,2015,1,1
61.2,32.9,2015,1,1
62,33.7,2015,1,1
62.1,31.1,2015,1,1
62.1,32.7,2015,1,1
62.2,34.2,2015,1,1
62.2,34.5,2015,1,1
62.3,32.5,2015,1,1
62.3,33.5,2015,1,1
62.4,32.1,2015,1,1
62.4,32.6,2015,1,1
62.6,31.5,2015,1,1
62.7,31.4,2015,1,1
62.9,34.8,2015,1,1
62.9,34.9,2015,1,1
63.5,30.5,2015,1,1
63.5,35.1,2015,1,1
63.6,29,2015,1,1
64.2,31.5,2015,1,1
64.6,32.7,2015,1,1
64.6,35.3,2015,1,1
64.9,36.5,2015,1,1
65,32.2,2015,1,1
65.1,35,2015,1,1
65.4,26.2,2015,1,1
65.4,32.6,2015,1,1
65.4,33,2015,1,1
65.6,31.5,2015,1,1
65.6,35,2015,1,1
65.7,31.2,2015,1,1
65.7,31.5,2015,1,1
65.7,36.1,2015,1,1
65.8,31.6,2015,1,1
65.8,34.6,2015,1,1
66,30.2,2015,1,1
66,32.7,2015,1,1
66,36.5,2015,1,1
66.1,32.3,2015,1,1
66.1,32.5,2015,1,1
66.1,32.7,2015,1,1
66.1,37.3,2015,1,1
66.2,32.3,2015,1,1
66.2,33.8,2015,1,1
66.2,36.2,2015,1,1
66.2,37,2015,1,1
66.3,31.8,2015,1,1
66.3,33.4,2015,1,1
66.3,37,2015,1,1
66.4,31.7,2015,1,1
66.4,32.4,2015,1,1
66.5,36.8,2015,1,1
67.1,32,2015,1,1
67.1,32.3,2015,1,1
67.8,31.8,2015,1,1
67.9,29.5,2015,1,1
68,36.3,2015,1,1
68.1,36.5,2015,1,1
68.2,26.6,2015,1,1
68.3,31,2015,1,1
68.3,33.4,2015,1,1
69.1,36.4,2015,1,1
69.2,33.2,2015,1,1
69.3,32.6,2015,1,1
69.3,34.5,2015,1,2
69.3,35,2015,1,1
69.3,35.1,2015,1,1
69.4,37.2,2015,1,1
69.6,34.2,2015,1,1
69.8,33.7,2015,1,1
69.9,34.8,2015,1,1
70.2,34.5,2015,1,1
70.6,32.8,2015,1,1
70.6,34.4,2015,1,1
70.8,33.2,2015,1,1
70.8,37.2,2015,1,1
71,39.8,2015,1,1
71.2,34.6,2015,1,1
71.4,35.1,2015,1,1
71.5,34.8,2015,1,1
71.5,35.3,2015,1,1
71.6,33.7,2015,1,1
72.2,34.3,2015,1,1
72.5,34.2,2015,1,1
72.5,34.4,2015,1,1
73.1,33.6,2015,1,1
73.8,33.9,2015,1,1
74,33.7,2015,1,1
74.1,33.7,2015,1,1
74.1,34.2,2015,1,1
74.2,33.5,2015,1,1
74.3,33.3,2015,1,1
74.4,34,2015,1,1
74.4,34.1,2015,1,1
74.4,34.5,2015,1,1
74.5,33.9,2015,1,1
74.6,32.8,2015,1,1
74.6,34.1,2015,1,1
74.7,32.5,2015,1,1
74.7,32.6,2015,1,2
74.7,32.9,2015,1,1
74.8,34.2,2015,1,1
74.9,33.6,2015,1,1
74.9,33.9,2015,1,1
75,33.9,2015,1,1
-6,14.3,2015,0,1
-5.6,15.2,2015,0,1
3.9,36.4,2015,0,1
5.2,52.4,2015,0,1
7.3,10.3,2015,0,1
8.7,36.2,2015,0,1
10.6,10.8,2015,0,1
10.8,10.8,2015,0,1
17.3,31.1,2015,0,1
32.8,11.8,2015,0,1
34,11.5,2015,0,1
35.7,33,2015,0,1
36.3,35.3,2015,0,1
36.5,33.3,2015,0,1
36.6,32.6,2015,0,1
37.4,34.9,2015,0,1
38.6,48.6,2015,0,1
38.8,48.5,2015,0,1
38.9,48.1,2015,0,1
39,36.3,2015,0,1
42.6,33.6,2015,0,1
42.7,36.3,2015,0,1
43.1,36.5,2015,0,1
43.2,36,2015,0,2
43.3,36.2,2015,0,4
43.4,43.6,2015,0,1
43.7,35.2,2015,0,1
45,36.5,2015,0,1
46.2,35.6,2015,0,1
46.6,40,2015,0,1
46.6,43.3,2015,0,1
46.9,40,2015,0,1
62.1,34.3,2015,0,1
64,35.6,2015,0,1
64.1,35.6,2015,0,1
64.2,31.6,2015,0,1
65.3,34.5,2015,0,2
66.8,33.1,2015,0,1
68.7,36.3,2015,0,1
68.8,33.9,2015,0,1
69.3,32,2015,0,1
69.4,37.4,2015,0,1
77,20,2015,0,1
38,35,2016,15666,89
37.2,36.2,2016,5249,696
43.1,36.3,2016,2123,135
16.6,31.2,2016,1395,73
43.8,33.4,2016,1043,50
65,33,2016,955,71
37.1,36.3,2016,908,239
36.4,33.5,2016,896,368
40.1,35.3,2016,868,205
37.5,36.4,2016,757,83
36.4,33.6,2016,744,293
42.6,36.2,2016,626,14
64.4,31.6,2016,588,26
70.7,34.1,2016,575,58
44,13.6,2016,555,38
38.3,34.6,2016,536,86
43.3,33.4,2016,532,27
63.9,31.6,2016,519,32
39,36,2016,509,65
37.1,36.1,2016,504,70
40.1,35.4,2016,469,61
65.9,32.6,2016,467,21
36.2,35.6,2016,410,122
36.2,35.7,2016,393,80
36.7,34.8,2016,389,190
36.5,33.5,2016,386,160
43.3,35.8,2016,385,15
36.3,33.5,2016,383,173
36.6,35.9,2016,383,67
68.8,36.8,2016,362,38
36.3,33.4,2016,351,36
36.7,35.6,2016,347,54
64.6,31.8,2016,332,21
42.8,33.6,2016,316,18
36,35.7,2016,311,81
36.5,33.6,2016,310,77
36.7,34.9,2016,310,106
13.3,13.4,2016,306,2
44.2,15.4,2016,304,19
36.2,33.5,2016,293,129
43.5,36.6,2016,288,2
13.3,13.7,2016,285,10
37.6,36.2,2016,269,90
68.9,36.7,2016,267,21
43.4,36.4,2016,265,11
70.4,34.1,2016,261,24
64,31,2016,258,38
44.4,33.3,2016,257,32
44.6,15.7,2016,254,14
24.3,12.9,2016,251,4
69.8,33.7,2016,248,7
37,36.2,2016,246,71
36.6,34.9,2016,245,81
68.6,36,2016,243,34
36.1,32.6,2016,241,106
36.2,32.8,2016,234,69
32.8,39.9,2016,233,4
70.6,34,2016,231,22
37,36.4,2016,230,25
40.2,35.3,2016,230,69
70.4,34.3,2016,230,43
70.6,34.2,2016,228,23
68.4,33.3,2016,221,23
64.3,31.7,2016,220,13
36.7,34.7,2016,219,59
37,36.3,2016,216,86
69.2,37,2016,214,19
36.1,35.8,2016,213,22
68.3,33.1,2016,212,10
36.8,36.1,2016,211,61
69.8,34.3,2016,208,13
70.8,34.1,2016,207,22
36.6,35.3,2016,199,68
42.8,16.3,2016,198,11
37.7,48.1,2016,196,114
37.5,35.8,2016,192,20
40.5,35,2016,190,25
36.9,36.1,2016,187,54
69.2,34.5,2016,186,27
42.4,34.1,2016,183,4
36.7,35.4,2016,181,55
29,41,2016,180,5
36.7,36,2016,177,82
64.1,31.3,2016,172,7
37.2,34.2,2016,171,58
38.3,34.5,2016,168,44
62.4,33.2,2016,166,7
24.1,13,2016,163,12
37.2,36,2016,163,52
36.1,33.4,2016,162,79
41.2,37.1,2016,161,30
43.2,36.4,2016,159,13
13.8,11.1,2016,156,2
13,11.5,2016,151,18
13.6,13,2016,148,12
66,32.8,2016,148,33
64.9,31.6,2016,146,8
38.4,35.6,2016,145,8
66,32.1,2016,144,15
70.3,34.1,2016,141,11
13.4,11.2,2016,139,17
40.3,35.2,2016,139,62
36.8,35.3,2016,138,29
43.5,36,2016,138,1
36.5,34.9,2016,135,74
37,36,2016,135,15
68.4,33.5,2016,134,11
37.9,34.9,2016,131,25
67.8,33.3,2016,131,31
70.7,37.7,2016,131,8
33.7,30.5,2016,129,4
36.8,35.9,2016,128,50
68.7,33.5,2016,128,11
42.5,33.9,2016,126,5
43.9,33.2,2016,124,6
12.5,32.8,2016,122,8
36.9,36.3,2016,122,49
40.3,33,2016,122,5
65.5,32.6,2016,122,14
37.5,36.3,2016,121,16
37.2,36.3,2016,120,26
43.1,16.4,2016,119,5
43.2,16.2,2016,119,1
44.3,35.5,2016,119,1
46.6,40,2016,119,14
40.3,35.3,2016,118,7
65,32.1,2016,116,10
65.8,31,2016,116,30
62.5,32.5,2016,114,13
62.1,32.4,2016,113,10
62.1,32.5,2016,113,3
35.8,33.3,2016,112,25
36.7,35.3,2016,112,42
40.2,35.4,2016,110,19
41,34.2,2016,110,5
68.6,36.7,2016,110,14
36.6,35.6,2016,109,26
68.6,36.3,2016,108,15
68.8,32.4,2016,107,18
39,36.7,2016,104,1
67,30.2,2016,104,7
69.5,33.2,2016,104,5
36.8,35.4,2016,102,27
40.4,35.2,2016,102,20
42.2,37.3,2016,102,15
33.8,31.1,2016,101,13
37.6,36.4,2016,100,21
47,15,2016,100,6
14.2,11.4,2016,99,3
36.3,35.8,2016,99,40
68.4,36.9,2016,99,9
12.6,13.3,2016,97,3
36.7,33.6,2016,97,21
37.3,34.8,2016,97,18
43.7,34.6,2016,97,10
70.8,34,2016,97,12
42.4,36.4,2016,95,7
69,35.8,2016,94,22
37.5,36.5,2016,92,22
38.2,34.6,2016,92,8
13.8,11.2,2016,91,8
36.5,36.1,2016,89,26
36.9,36.2,2016,89,21
42.9,33.5,2016,89,2
37.1,35,2016,88,19
64.4,31.7,2016,88,7
65,31.6,2016,88,13
68.9,37.1,2016,88,8
41.2,34.4,2016,87,7
37.2,35.2,2016,86,37
33.7,29.9,2016,85,1
45.4,15.4,2016,85,9
64.3,31.6,2016,85,7
43.3,35.7,2016,84,5
37.1,36.2,2016,83,31
45,15.5,2016,83,5
35.9,33.1,2016,82,38
37,35.7,2016,82,17
37.1,36,2016,82,13
37.1,36.4,2016,82,13
65.8,36.8,2016,82,18
44.6,37.3,2016,81,9
64.1,30.9,2016,81,8
66.3,32.9,2016,81,8
67,24.9,2016,81,26
36.6,35.8,2016,79,19
62.2,33.2,2016,79,7
66.1,32.2,2016,79,8
36.7,36.2,2016,78,12
42.7,33.8,2016,78,5
68.1,32.9,2016,78,8
44.1,37.5,2016,77,12
69.1,36.6,2016,76,7
70.1,34.4,2016,76,1
36.2,35.8,2016,75,24
37.2,35.4,2016,75,31
40.2,37.9,2016,75,21
43.5,33.6,2016,75,1
63.9,30.2,2016,75,9
44.6,15.8,2016,74,4
65.1,33.6,2016,72,9
65.5,32.9,2016,72,4
14,11.9,2016,71,5
36.8,36.2,2016,71,12
66.3,35.8,2016,71,1
37.5,35,2016,70,4
67.2,32.2,2016,70,18
38.9,34.9,2016,69,21
43.2,35.5,2016,69,11
44.1,34,2016,69,3
45.5,14.9,2016,69,1
11.2,33.1,2016,68,4
34.2,11.5,2016,68,3
36,35.6,2016,68,33
43.8,35.3,2016,68,6
70.5,34.1,2016,68,9
36.1,33.7,2016,67,59
40.7,36.5,2016,67,12
64.6,31.6,2016,67,3
65.5,32,2016,67,7
38.6,34.4,2016,66,13
62.8,32.8,2016,66,9
37.6,35.8,2016,65,4
44.9,34,2016,65,2
13.7,11.1,2016,64,6
14.6,32.5,2016,64,1
29.7,11.5,2016,64,1
36.9,35,2016,64,20
37,35.9,2016,64,27
44.2,33.3,2016,64,5
36.5,35.7,2016,63,23
36.7,36.1,2016,63,16
64.8,32.1,2016,63,3
70.2,34.2,2016,63,10
36.6,35.5,2016,62,23
42.9,16.4,2016,62,1
44.4,32.5,2016,62,1
44.6,15.6,2016,62,2
64.8,36.2,2016,62,18
14.5,12,2016,61,7
15.2,31.5,2016,61,8
37.6,34.5,2016,61,12
43.1,36.6,2016,61,1
64.7,36,2016,61,3
43,15.3,2016,60,1
67.6,32.7,2016,60,8
69.5,32.6,2016,60,4
69.5,37.5,2016,60,10
38,36.5,2016,59,18
66.3,36.8,2016,59,4
14.3,11.3,2016,58,1
36.1,33.6,2016,58,28
37.2,35,2016,58,6
36.8,36,2016,57,16
38.5,35.8,2016,57,13
37.6,35.7,2016,56,2
43,14.8,2016,55,3
43.1,35.8,2016,55,1
66.9,36,2016,55,4
69.3,33.7,2016,55,16
41,33,2016,54,2
43.3,36.2,2016,54,5
44.4,35.5,2016,54,6
69,36.8,2016,54,2
71.1,35,2016,54,17
13.8,13,2016,53,3
36.6,36,2016,53,6
69.3,33.2,2016,53,3
69.6,32.9,2016,53,2
70.5,34.4,2016,53,10
29.9,11,2016,52,1
35.9,34.9,2016,52,3
36.1,32.8,2016,52,26
37.1,36.5,2016,52,29
38.7,34.7,2016,52,8
41.8,33,2016,52,6
43.2,36,2016,52,5
36.9,34.9,2016,51,25
37.5,36.2,2016,51,8
14.2,12.2,2016,50,3
37.4,36.2,2016,50,16
64.8,35.5,2016,50,1
69,34.5,2016,50,2
71.3,35.2,2016,50,6
24.7,11.5,2016,49,2
45.9,18.2,2016,49,10
24,13,2016,48,3
38,36,2016,48,22
45,36.5,2016,48,2
12.8,11.1,2016,47,8
34.1,11.4,2016,47,2
36.1,35.7,2016,47,26
36.2,33.4,2016,47,20
38.4,34.6,2016,47,12
62,32.4,2016,47,3
36.2,32.6,2016,46,24
36.7,33.8,2016,46,4
63.8,35,2016,46,10
65.4,36.2,2016,46,9
68.3,31.9,2016,46,1
68.9,33.9,2016,46,10
36,33.1,2016,45,23
36.1,33,2016,45,19
37,36.1,2016,45,19
43.6,34.5,2016,45,4
64.9,36.1,2016,45,3
36.8,34.9,2016,44,29
38.2,35.5,2016,44,1
41.7,36,2016,44,2
43.7,38.4,2016,44,6
68.4,33.4,2016,44,3
69.8,33.8,2016,44,5
70.1,34.2,2016,44,8
13.2,12.9,2016,43,3
14.2,11.3,2016,43,5
30,11,2016,43,6
36.1,32.7,2016,43,23
36.2,33.3,2016,43,24
37.8,34.7,2016,43,9
44.6,16.3,2016,43,3
45.7,14.8,2016,43,2
69.6,35,2016,43,8
36,35.8,2016,42,4
43.1,36.5,2016,42,3
63.8,35.7,2016,42,4
70.7,33.9,2016,42,5
38,36.7,2016,41,3
40.7,36.1,2016,41,4
43.1,36.4,2016,41,3
64.6,31.7,2016,41,5
65,36.1,2016,41,6
69,33.4,2016,41,4
70.3,34.2,2016,41,4
14.1,11.5,2016,40,10
36.2,33.6,2016,40,19
36.9,35.4,2016,40,7
38,34.7,2016,40,11
42.4,33.8,2016,40,3
42.5,37.9,2016,40,4
43.9,33.4,2016,40,4
44.3,17.5,2016,40,1
68,33.2,2016,40,4
69.5,37.4,2016,40,3
36.6,35.4,2016,39,19
36.8,35.8,2016,39,15
37.5,35.2,2016,39,4
42.1,36.3,2016,39,2
42.5,37.5,2016,39,10
68.7,36.2,2016,39,4
23.4,12.3,2016,38,2
36,32.9,2016,38,18
36.5,35.4,2016,38,19
37.3,36.5,2016,38,5
38.1,35.5,2016,38,3
43.2,16,2016,38,3
67,36.8,2016,38,10
70.4,36.5,2016,38,3
71.4,35.1,2016,38,3
24.3,12.5,2016,37,1
36.7,35.2,2016,37,10
38,48.4,2016,37,29
38.7,34.5,2016,37,3
62.5,32.6,2016,37,4
62.9,32.2,2016,37,6
64.7,31.7,2016,37,2
68.8,34.3,2016,37,5
68.9,32.4,2016,37,5
68.9,36.8,2016,37,7
74,34.1,2016,37,4
37.4,33.5,2016,36,19
37.7,34.8,2016,36,8
43.5,32.6,2016,36,2
43.7,37.6,2016,36,2
64.7,31.8,2016,36,3
65.7,36.1,2016,36,5
68,34.2,2016,36,11
69,34,2016,36,11
69.3,37.1,2016,36,3
69.6,33.8,2016,36,3
70.6,34.3,2016,36,4
13.1,13.7,2016,35,1
13.9,11.1,2016,35,4
14.5,12.3,2016,35,3
24.3,13.1,2016,35,11
30.5,11.3,2016,35,2
36.5,35.9,2016,35,7
44.3,13.4,2016,35,2
64.2,35.6,2016,35,3
66.5,28.9,2016,35,1
67,32.5,2016,35,7
70.4,34.2,2016,35,4
45.3,31.3,2016,34,1
62,34.5,2016,34,12
65.2,35.7,2016,34,2
68.8,31.9,2016,34,2
12.5,12.9,2016,33,1
36.7,35.8,2016,33,11
39.5,39.1,2016,33,4
40.6,34.9,2016,33,4
42.6,37.4,2016,33,6
62.2,32.5,2016,33,4
65.4,36,2016,33,6
65.5,32.3,2016,33,4
11.6,10.6,2016,32,1
40.5,38,2016,32,6
44.5,34.6,2016,32,2
44.8,13.9,2016,32,4
65.9,32.1,2016,32,2
69,36.7,2016,32,7
72,36.8,2016,32,8
11.8,12.2,2016,31,2
36.4,33.8,2016,31,16
36.4,36,2016,31,4
44.2,15.8,2016,31,1
64.5,31.8,2016,31,3
65.6,32.9,2016,31,2
68.1,32.6,2016,31,5
13.8,12.4,2016,30,3
24.4,13.4,2016,30,3
36.5,35.5,2016,30,12
37.7,36.4,2016,30,18
42.9,16.2,2016,30,1
43.7,33.2,2016,30,1
43.9,16.2,2016,30,3
44.3,37.6,2016,30,7
44.4,13.3,2016,30,1
44.4,15.6,2016,30,1
45.6,16.7,2016,30,3
69.7,34,2016,30,1
70.2,34.8,2016,30,7
70.4,36.8,2016,30,3
71.4,35,2016,30,5
13.7,11.4,2016,29,3
13.9,12,2016,29,2
36.5,32.5,2016,29,6
44.3,33.5,2016,29,2
46,15.2,2016,29,2
68.1,36.2,2016,29,1
14.2,12.4,2016,28,3
37.2,36.5,2016,28,8
37.8,48,2016,28,13
62.9,31.7,2016,28,4
64.9,33.7,2016,28,4
69.1,36.7,2016,28,5
69.4,33,2016,28,2
70.8,34.3,2016,28,7
24.5,13.3,2016,27,3
36.5,35.6,2016,27,12
37.1,35.9,2016,27,3
37.5,47.9,2016,27,19
40.5,35.1,2016,27,4
42.4,34.2,2016,27,1
42.5,37.2,2016,27,7
43.7,33.3,2016,27,2
43.7,33.4,2016,27,1
43.8,16.9,2016,27,2
64.1,31.5,2016,27,3
65.5,32.7,2016,27,1
67.7,36,2016,27,3
69.4,37,2016,27,2
71.1,34.9,2016,27,4
74.2,34.4,2016,27,13
12.7,13.3,2016,26,1
14,12.2,2016,26,1
37,36.5,2016,26,8
37,36.6,2016,26,13
39.6,35.8,2016,26,5
43.6,17.1,2016,26,1
65,34,2016,26,7
65.5,36.2,2016,26,1
68.2,33.6,2016,26,2
68.8,29.6,2016,26,3
68.8,36.7,2016,26,4
68.9,35,2016,26,5
70.1,34.3,2016,26,4
70.6,34.1,2016,26,4
70.8,34.2,2016,26,8
74.9,34,2016,26,6
13.8,10.6,2016,25,3
14.8,12.1,2016,25,7
36.5,36,2016,25,3
36.7,35.9,2016,25,11
38.3,48.4,2016,25,18
39.3,14.4,2016,25,1
40.9,34.5,2016,25,12
43,36.4,2016,25,1
44.4,33.7,2016,25,3
65.2,32,2016,25,5
66.2,35.8,2016,25,9
66.4,36.7,2016,25,1
68.7,36.7,2016,25,2
69.2,34,2016,25,8
13.2,13.9,2016,24,2
29.7,12.3,2016,24,2
31.2,30,2016,24,5
34.1,10.5,2016,24,1
36.6,34.8,2016,24,9
36.7,35.5,2016,24,15
37.1,34.2,2016,24,15
43.8,32.5,2016,24,1
44.1,35.7,2016,24,2
44.3,35.2,2016,24,2
65.4,36.1,2016,24,4
68.6,36.1,2016,24,2
68.7,36,2016,24,2
70.8,37.2,2016,24,2
70.9,37,2016,24,5
36.3,35.6,2016,23,10
36.4,35.4,2016,23,18
36.4,35.6,2016,23,16
37.5,34.5,2016,23,3
37.7,36.6,2016,23,2
65.9,36.2,2016,23,4
67.4,32.5,2016,23,7
68.9,33.8,2016,23,8
13.8,11.5,2016,22,2
35.9,33.3,2016,22,11
37.3,35.8,2016,22,4
38.6,34.7,2016,22,6
42.5,34,2016,22,1
43.2,37.6,2016,22,2
43.3,35.5,2016,22,1
44.5,13.3,2016,22,2
62.9,34.9,2016,22,2
66.1,36.1,2016,22,4
68.6,37,2016,22,2
69.8,36.7,2016,22,7
70.8,35.3,2016,22,3
71.1,34.8,2016,22,6
24.1,13.1,2016,21,3
36.9,36.5,2016,21,4
38.6,48.1,2016,21,21
43.3,33.5,2016,21,1
43.5,34.9,2016,21,3
44.1,13.2,2016,21,3
66.2,36.9,2016,21,5
70.2,34.7,2016,21,11
24.7,14.2,2016,20,1
36.3,32.8,2016,20,16
37.3,35.1,2016,20,6
37.7,36.2,2016,20,7
38.1,35.4,2016,20,5
39.8,35.6,2016,20,4
40.3,38.1,2016,20,1
42.5,34.2,2016,20,1
43.1,16.3,2016,20,3
43.2,36.5,2016,20,3
43.3,36.4,2016,20,1
44,33,2016,20,3
44.2,15,2016,20,1
44.4,33,2016,20,3
44.6,33.7,2016,20,2
45.4,14.3,2016,20,4
50,10,2016,20,1
65.5,32.5,2016,20,2
67.7,32.7,2016,20,3
69.9,33.4,2016,20,5
74.1,33.8,2016,20,5
74.1,34.3,2016,20,10
14.2,11.9,2016,19,1
24,13.1,2016,19,3
29.7,11,2016,19,2
31,10.9,2016,19,1
35.7,31.2,2016,19,2
35.8,33.2,2016,19,10
37.1,35.7,2016,19,4
37.2,36.6,2016,19,5
37.3,34.9,2016,19,7
37.3,36.3,2016,19,5
37.3,36.4,2016,19,1
43,16,2016,19,1
45.4,14,2016,19,2
65.7,32.4,2016,19,3
65.8,36.4,2016,19,2
66.2,36,2016,19,3
68.6,34.5,2016,19,2
68.7,33.7,2016,19,1
69.2,34.1,2016,19,3
71.6,34,2016,19,12
14.2,11.5,2016,18,2
30.6,10.8,2016,18,1
36.4,35.7,2016,18,6
37.4,35.3,2016,18,7
37.7,35.6,2016,18,7
38.8,48.8,2016,18,13
39.9,35.5,2016,18,6
40,35.3,2016,18,6
40.5,35.3,2016,18,1
42.3,36.3,2016,18,2
43.4,38.5,2016,18,3
43.6,34.8,2016,18,1
43.6,37.3,2016,18,4
44.4,35.1,2016,18,2
44.6,34.9,2016,18,3
64.8,36.3,2016,18,6
65,32.5,2016,18,2
65.1,36.5,2016,18,3
65.4,32.6,2016,18,1
65.8,32.6,2016,18,1
66.3,35.9,2016,18,2
66.5,32.2,2016,18,5
68.5,33.5,2016,18,4
69.7,34.8,2016,18,7
71.6,34.2,2016,18,1
-5.6,15.3,2016,17,1
-3,16.8,2016,17,7
13.2,11.8,2016,17,8
13.3,13.6,2016,17,1
17,25,2016,17,1
18.3,30.6,2016,17,4
36.7,33,2016,17,6
37.8,47.1,2016,17,15
38.2,48.4,2016,17,5
38.3,35.5,2016,17,5
40.4,35.9,2016,17,2
42.8,36.3,2016,17,1
43.2,13.3,2016,17,1
43.4,36,2016,17,1
43.4,36.1,2016,17,1
64.7,31.9,2016,17,1
68.7,33.9,2016,17,10
70.1,34.8,2016,17,6
70.4,37.1,2016,17,1
71.3,34.9,2016,17,3
12.8,13.4,2016,16,1
13.7,11.5,2016,16,2
14.1,11.6,2016,16,1
14.4,12.4,2016,16,3
35.9,33.2,2016,16,7
36.8,35.6,2016,16,6
36.9,34.8,2016,16,4
37.8,47.3,2016,16,14
38.5,35.7,2016,16,2
40,35.5,2016,16,7
44.3,33.1,2016,16,2
45.4,14.9,2016,16,1
47.1,34.3,2016,16,4
64.9,32.1,2016,16,1
65.8,36,2016,16,2
66.4,35.9,2016,16,4
67.9,33,2016,16,1
68.8,35,2016,16,5
70.4,34.8,2016,16,5
71.5,34.4,2016,16,3
74.1,31.7,2016,16,2
13.6,13.2,2016,15,1
14.7,13.5,2016,15,2
36.3,33.6,2016,15,11
36.9,32.8,2016,15,8
37.1,36.7,2016,15,7
37.4,35,2016,15,6
40.2,35.2,2016,15,7
40.8,34.7,2016,15,3
43.2,35.4,2016,15,1
43.4,16,2016,15,1
44.4,16.2,2016,15,1
44.5,33.8,2016,15,1
48.1,41.7,2016,15,2
62.5,31,2016,15,4
64.1,30.6,2016,15,1
64.3,35.6,2016,15,4
64.3,36,2016,15,4
65.7,32.6,2016,15,2
65.9,32.7,2016,15,2
66.3,36.7,2016,15,3
69.4,33.1,2016,15,2
70.3,34.7,2016,15,6
70.7,33.8,2016,15,2
71.1,34.1,2016,15,2
14.4,12.3,2016,14,4
29.6,12.1,2016,14,1
34.3,10.6,2016,14,4
36.1,33.1,2016,14,6
36.2,32.9,2016,14,14
36.2,38.7,2016,14,1
36.3,32.9,2016,14,7
36.3,35.7,2016,14,4
36.4,32.9,2016,14,7
37.4,36.1,2016,14,11
37.9,36.1,2016,14,5
40.7,36.2,2016,14,2
41.9,34.5,2016,14,2
42.7,17.1,2016,14,10
42.9,37.4,2016,14,5
43.9,34.2,2016,14,2
44.3,14.2,2016,14,1
66.1,30.2,2016,14,3
68.3,33.6,2016,14,2
68.9,36.5,2016,14,3
69.7,34.6,2016,14,3
71,34.3,2016,14,5
72.1,34.2,2016,14,1
14,11.4,2016,13,2
36,33.2,2016,13,7
36.5,35.3,2016,13,7
36.6,36.1,2016,13,3
42.6,15.4,2016,13,1
43,33.5,2016,13,1
43.3,36.5,2016,13,3
44.5,13.4,2016,13,2
63.3,35.6,2016,13,1
65.4,31.6,2016,13,3
65.7,31.6,2016,13,11
65.8,36.7,2016,13,4
66.5,36.8,2016,13,2
68.4,33.6,2016,13,1
68.5,34.1,2016,13,5
68.6,36.8,2016,13,1
70.1,33.7,2016,13,1
71.4,34,2016,13,1
74,31.7,2016,13,2
74.4,34.5,2016,13,8
75.7,32.3,2016,13,3
36,32.8,2016,12,7
36.2,32.7,2016,12,7
36.2,33.2,2016,12,6
36.6,35.2,2016,12,5
36.6,35.7,2016,12,7
36.8,35.1,2016,12,8
37.2,34.1,2016,12,3
37.4,36.5,2016,12,1
37.5,48,2016,12,10
37.6,34.4,2016,12,3
37.8,34.8,2016,12,3
39,48.9,2016,12,7
41.5,36,2016,12,2
43.6,35.8,2016,12,4
43.6,37.2,2016,12,3
45,15.4,2016,12,1
45.5,36.2,2016,12,6
46.1,34.7,2016,12,1
62.3,32.5,2016,12,2
64.2,31.6,2016,12,1
64.7,32.5,2016,12,3
64.9,36,2016,12,2
66.4,31,2016,12,2
66.6,36.5,2016,12,1
67.8,32.9,2016,12,3
68.3,34.2,2016,12,1
68.5,35.8,2016,12,1
69,34.1,2016,12,2
69.7,33.5,2016,12,1
69.7,34.9,2016,12,3
70.3,33.7,2016,12,1
70.8,36.8,2016,12,2
71.2,34.6,2016,12,1
74.3,31.5,2016,12,2
12.3,11,2016,11,1
36.9,33.7,2016,11,4
37.1,34.3,2016,11,4
37.8,47.2,2016,11,5
38,34.2,2016,11,1
38,48.3,2016,11,10
40.7,34.8,2016,11,7
40.7,38.5,2016,11,4
43.1,33.5,2016,11,2
43.4,34.9,2016,11,1
43.4,35.8,2016,11,1
43.8,13.5,2016,11,1
43.9,17.1,2016,11,7
44.2,14,2016,11,3
44.7,17.4,2016,11,1
63.3,34.7,2016,11,1
65.9,35.4,2016,11,1
66.2,32.7,2016,11,2
66.6,36.8,2016,11,2
68.7,35.9,2016,11,4
69,37.2,2016,11,2
69.2,36.3,2016,11,1
69.3,35,2016,11,2
69.4,33.8,2016,11,2
69.7,34.2,2016,11,1
70.9,36.7,2016,11,2
71.1,34,2016,11,2
71.5,35.3,2016,11,3
0.9,19.5,2016,10,3
1.4,18.4,2016,10,4
7.2,33.2,2016,10,2
13.6,11.9,2016,10,3
34,29.5,2016,10,3
34.1,31.2,2016,10,4
36.3,32.7,2016,10,9
36.3,35.9,2016,10,6
36.4,34.2,2016,10,5
36.4,35.9,2016,10,3
36.5,32.6,2016,10,4
37.2,35.9,2016,10,3
37.4,36.4,2016,10,3
37.4,36.6,2016,10,6
37.7,36.1,2016,10,3
40.4,35.1,2016,10,4
43.4,16.8,2016,10,1
43.5,36.2,2016,10,1
44.4,15.3,2016,10,2
44.5,34,2016,10,1
48.3,10.7,2016,10,2
62.7,31.4,2016,10,2
62.7,34.5,2016,10,2
63.5,34.9,2016,10,1
65,31.5,2016,10,3
65.8,36.6,2016,10,1
66.9,32.1,2016,10,4
67.7,29.9,2016,10,1
68.7,36.1,2016,10,2
68.8,36.3,2016,10,1
69.3,36.3,2016,10,1
69.4,34.4,2016,10,2
70.7,34.2,2016,10,1
70.9,35,2016,10,1
71.3,35.6,2016,10,1
73.5,31.6,2016,10,1
75,32.6,2016,10,1
3,36.1,2016,9,1
3.6,36.6,2016,9,2
12.6,11,2016,9,1
13,11.2,2016,9,1
13.2,32.9,2016,9,2
13.5,11.2,2016,9,1
14,11.3,2016,9,2
14.2,11.1,2016,9,5
14.6,31.5,2016,9,2
15.7,31.4,2016,9,1
35.8,35.5,2016,9,5
36.8,32.9,2016,9,3
36.8,34.8,2016,9,5
36.9,35.3,2016,9,5
36.9,35.8,2016,9,3
37.2,36.7,2016,9,2
37.8,48.2,2016,9,6
38.3,34.4,2016,9,1
38.9,36.4,2016,9,2
40.9,37.4,2016,9,4
42.7,15.2,2016,9,1
43.7,13.1,2016,9,2
44,13.5,2016,9,2
44.1,17.5,2016,9,3
44.1,37.4,2016,9,2
44.2,13.9,2016,9,1
44.2,37.6,2016,9,1
44.8,43.2,2016,9,3
45.1,37,2016,9,1
47,40,2016,9,8
48.3,42.1,2016,9,2
62.7,31.5,2016,9,1
64.2,35.1,2016,9,1
64.8,35.9,2016,9,2
65.3,34.8,2016,9,2
66.3,37,2016,9,2
69.4,37.4,2016,9,2
69.8,33.1,2016,9,1
71.5,36.9,2016,9,1
73.9,34.6,2016,9,1
5.5,36.2,2016,8,1
13,13.6,2016,8,1
13.5,11.1,2016,8,2
14,12.1,2016,8,2
14.1,11.3,2016,8,2
24.3,13.2,2016,8,2
24.3,13.4,2016,8,1
24.4,12.9,2016,8,3
31.4,12.2,2016,8,1
35.9,32.6,2016,8,1
36,33.3,2016,8,5
36.4,34,2016,8,2
36.6,34,2016,8,2
36.7,33.7,2016,8,5
36.9,33.9,2016,8,2
37.5,48.7,2016,8,7
37.7,36.3,2016,8,1
37.8,32.9,2016,8,1
37.9,48.2,2016,8,6
38,35.2,2016,8,6
38.4,48.3,2016,8,4
38.4,48.5,2016,8,7
38.7,35.7,2016,8,2
38.9,36,2016,8,9
40.3,37.4,2016,8,4
42.6,33.6,2016,8,2
43.3,37.2,2016,8,1
43.5,33.4,2016,8,2
44.3,13.3,2016,8,2
44.3,35.3,2016,8,3
44.5,16.3,2016,8,1
44.6,34.8,2016,8,1
45.3,32.7,2016,8,1
45.8,16.6,2016,8,1
61.3,33,2016,8,2
62.6,34.1,2016,8,1
63.5,35.1,2016,8,2
63.8,35.8,2016,8,1
65,35.6,2016,8,1
65.4,34.7,2016,8,1
65.6,31.8,2016,8,1
65.7,32.3,2016,8,1
66.1,36.2,2016,8,2
66.1,36.3,2016,8,1
66.3,32.4,2016,8,1
67,32.2,2016,8,1
67.8,31.8,2016,8,2
68,33.1,2016,8,3
68.8,35.8,2016,8,1
68.8,36.2,2016,8,1
69,33.5,2016,8,4
69.1,34.8,2016,8,1
69.9,34.6,2016,8,2
70,36.5,2016,8,1
70.1,34.7,2016,8,4
70.2,34.5,2016,8,2
70.4,35.2,2016,8,1
70.5,36.9,2016,8,1
70.6,30.1,2016,8,1
71.2,35,2016,8,2
71.5,30.2,2016,8,1
71.5,35.2,2016,8,1
74.1,33.5,2016,8,3
74.4,34.7,2016,8,3
74.8,34.1,2016,8,4
75.1,33.8,2016,8,4
75.3,32.5,2016,8,1
-0,16.3,2016,7,2
3.8,36.4,2016,7,2
12.1,13.1,2016,7,1
12.9,13.6,2016,7,1
13.1,10.8,2016,7,3
13.4,11,2016,7,1
13.7,12.8,2016,7,3
14.1,11,2016,7,2
14.2,11,2016,7,1
14.3,12.9,2016,7,1
15.1,32.4,2016,7,2
24.1,12.8,2016,7,2
24.2,13,2016,7,2
24.3,13,2016,7,1
24.3,13.3,2016,7,2
24.6,13.3,2016,7,4
30.5,11.2,2016,7,2
36,32.7,2016,7,8
36.1,33.2,2016,7,3
36.4,35.5,2016,7,5
36.5,33.1,2016,7,2
36.7,35.1,2016,7,4
36.9,36,2016,7,5
37.3,35.2,2016,7,3
37.4,37.1,2016,7,3
37.5,35.6,2016,7,3
37.6,48.1,2016,7,7
38,36.8,2016,7,7
38.7,33.3,2016,7,1
38.9,35.2,2016,7,1
40.8,39.1,2016,7,2
43.2,16.9,2016,7,2
43.5,15.9,2016,7,1
43.6,33.4,2016,7,1
44.3,14.3,2016,7,2
44.5,14.1,2016,7,1
44.6,36.1,2016,7,1
45.3,15.5,2016,7,1
45.4,13.9,2016,7,1
45.5,14.1,2016,7,2
45.7,43.3,2016,7,1
62,33.7,2016,7,3
62.1,32.3,2016,7,1
62.2,32.6,2016,7,3
62.6,34.9,2016,7,2
64.4,33.5,2016,7,1
65.4,32.2,2016,7,1
65.5,36.1,2016,7,2
65.7,31.8,2016,7,1
65.9,32.2,2016,7,1
65.9,36.4,2016,7,1
66,32.2,2016,7,1
66.5,35.9,2016,7,1
66.8,37.1,2016,7,1
67.9,32.3,2016,7,1
68,33,2016,7,1
68.2,33.4,2016,7,1
68.6,32.9,2016,7,1
68.9,34.1,2016,7,1
69,32.1,2016,7,1
69.1,37.1,2016,7,1
69.2,36.2,2016,7,2
69.3,32.7,2016,7,3
69.3,32.9,2016,7,1
69.3,34,2016,7,3
69.4,37.1,2016,7,2
69.5,33.7,2016,7,2
69.9,33.5,2016,7,4
70.1,33.6,2016,7,1
71.3,36.4,2016,7,1
74,34.4,2016,7,1
74,35.5,2016,7,1
74.1,33,2016,7,1
74.3,34,2016,7,3
74.9,33.8,2016,7,4
-4.1,14.8,2016,6,1
8.9,35.3,2016,6,2
13,14,2016,6,1
13.7,12.7,2016,6,1
13.9,11.4,2016,6,2
18.4,30.6,2016,6,1
24.4,13.3,2016,6,2
36.1,35.5,2016,6,3
36.1,35.9,2016,6,2
36.4,32.7,2016,6,3
36.4,34.3,2016,6,1
36.4,35.8,2016,6,3
36.8,35.5,2016,6,1
37.6,34.2,2016,6,2
37.6,47.8,2016,6,4
38.4,48.8,2016,6,6
38.5,48.6,2016,6,3
39.1,34.5,2016,6,4
39.1,35.9,2016,6,1
39.2,35.9,2016,6,1
40.1,37.5,2016,6,1
40.4,37.7,2016,6,1
41.3,37.4,2016,6,1
42.1,38.4,2016,6,1
42.7,36.5,2016,6,1
42.8,14.8,2016,6,1
43.2,35.6,2016,6,1
44.2,35.2,2016,6,1
44.3,33.7,2016,6,1
44.6,15.5,2016,6,2
49.1,11,2016,6,2
60.9,29.5,2016,6,1
61.1,34.7,2016,6,1
61.3,31.7,2016,6,2
62.1,32.8,2016,6,3
63.1,35.8,2016,6,3
64.2,31.5,2016,6,3
65.5,31.6,2016,6,1
65.7,36.2,2016,6,1
66.1,32.1,2016,6,2
66.2,31.4,2016,6,1
67.6,32.2,2016,6,1
67.8,36.8,2016,6,1
67.9,29.1,2016,6,1
68.2,32.2,2016,6,1
68.4,33.7,2016,6,1
68.6,35.9,2016,6,1
69.3,34.5,2016,6,5
69.3,34.9,2016,6,2
69.4,36.4,2016,6,2
69.6,34.1,2016,6,2
69.6,34.2,2016,6,1
70,30,2016,6,1
70,34.3,2016,6,1
70.1,34.9,2016,6,2
70.5,33.9,2016,6,1
71.1,30,2016,6,1
71.2,34.9,2016,6,3
71.4,34.2,2016,6,1
71.4,34.3,2016,6,1
73.9,34.4,2016,6,2
74.4,34.2,2016,6,2
74.5,32.8,2016,6,2
74.9,32.5,2016,6,1
-6,14.9,2016,5,1
-3.4,16.6,2016,5,2
3.9,36.7,2016,5,2
5.9,35.5,2016,5,1
12.2,10.6,2016,5,1
12.3,11.8,2016,5,1
13.3,11.9,2016,5,1
13.6,12.7,2016,5,1
13.8,11.4,2016,5,2
15.6,31.4,2016,5,1
18.1,30.8,2016,5,1
19,28.4,2016,5,1
24.5,13.1,2016,5,4
29.5,11.9,2016,5,1
31,12,2016,5,1
32.5,37.9,2016,5,1
36.2,33.1,2016,5,3
36.2,33.7,2016,5,4
36.2,33.8,2016,5,1
36.5,35.8,2016,5,3
36.6,33.5,2016,5,5
36.8,36.3,2016,5,1
37,35.4,2016,5,2
37,35.6,2016,5,1
37.3,37,2016,5,1
37.5,35.9,2016,5,1
37.8,36.2,2016,5,4
37.9,34.5,2016,5,2
38,36.2,2016,5,1
38.3,35.8,2016,5,1
38.4,48.6,2016,5,4
38.5,48.7,2016,5,5
38.9,35.1,2016,5,1
39,35.9,2016,5,1
40.5,35.2,2016,5,1
41.9,37.3,2016,5,2
42,36.9,2016,5,1
43.3,16.9,2016,5,1
43.4,12.9,2016,5,2
43.4,35.1,2016,5,1
44.3,37.2,2016,5,1
44.7,15.3,2016,5,1
44.8,14.5,2016,5,1
45,34,2016,5,1
45.7,13.4,2016,5,1
46.3,31.1,2016,5,1
46.3,35.2,2016,5,2
47.5,43,2016,5,1
61.6,34.1,2016,5,1
62.1,33.3,2016,5,2
63.1,35.1,2016,5,1
63.3,33.8,2016,5,2
63.4,34.8,2016,5,1
64.8,35.8,2016,5,2
64.9,36.3,2016,5,1
65.5,33,2016,5,2
65.7,34.6,2016,5,1
65.7,36.7,2016,5,4
66.5,31.9,2016,5,2
66.7,30,2016,5,1
66.8,33.1,2016,5,1
66.9,32.4,2016,5,1
67.1,36.7,2016,5,2
67.6,32.8,2016,5,1
68.4,37,2016,5,1
68.6,33.7,2016,5,1
68.8,36,2016,5,2
68.9,33.3,2016,5,1
69.1,33,2016,5,1
69.1,34.1,2016,5,3
69.2,29,2016,5,1
69.2,32.5,2016,5,1
69.7,30.1,2016,5,1
70,34.2,2016,5,2
70.2,34.3,2016,5,3
70.3,34.4,2016,5,1
70.4,34.9,2016,5,2
71.3,35.1,2016,5,1
71.7,28.8,2016,5,1
74.2,32.1,2016,5,1
74.2,33.2,2016,5,4
74.8,34.5,2016,5,2
74.9,33.9,2016,5,4
1.1,35.7,2016,4,1
2.5,27.2,2016,4,1
3.1,36.4,2016,4,1
4.2,36.8,2016,4,1
7,36.8,2016,4,1
8.8,35.2,2016,4,2
9.4,35.3,2016,4,1
12,12.7,2016,4,1
13.1,10.7,2016,4,1
13.4,11.1,2016,4,2
13.6,12.6,2016,4,2
14,11.2,2016,4,2
14.1,11.4,2016,4,1
14.5,12.1,2016,4,2
24.9,13.5,2016,4,1
30.3,59.9,2016,4,1
33.4,10.8,2016,4,1
34.2,31.3,2016,4,2
36,33.4,2016,4,2
36.2,35.5,2016,4,3
36.3,33.7,2016,4,1
36.4,33.1,2016,4,1
36.5,35,2016,4,1
36.6,33,2016,4,1
36.6,33.1,2016,4,1
36.6,33.7,2016,4,2
36.6,36.2,2016,4,1
36.7,34.1,2016,4,1
36.9,34.7,2016,4,1
36.9,35.6,2016,4,4
37.1,35.3,2016,4,3
37.2,34.7,2016,4,1
37.4,34.8,2016,4,1
37.5,34.8,2016,4,1
37.5,47.1,2016,4,4
37.6,35.5,2016,4,2
37.6,36.3,2016,4,1
37.6,36.6,2016,4,1
37.7,35.8,2016,4,1
37.7,47.2,2016,4,4
37.7,48.5,2016,4,4
37.8,35.4,2016,4,2
37.9,47.5,2016,4,4
38.1,48.7,2016,4,4
38.2,34.5,2016,4,1
38.3,36.6,2016,4,2
38.5,34.5,2016,4,1
38.6,48.8,2016,4,2
38.7,35.8,2016,4,2
38.8,34.7,2016,4,1
39,49,2016,4,4
39.2,35,2016,4,1
39.3,48.6,2016,4,1
39.5,35.4,2016,4,1
39.6,49,2016,4,4
40.2,37.1,2016,4,1
40.3,34.9,2016,4,2
40.4,38.4,2016,4,2
42.4,36.5,2016,4,1
42.8,36.6,2016,4,1
43.3,15.1,2016,4,1
43.3,36.1,2016,4,2
44.9,14.3,2016,4,2
45.6,40.9,2016,4,1
61.5,26.1,2016,4,1
61.5,34.3,2016,4,1
61.9,33,2016,4,1
62.3,35.2,2016,4,1
62.6,32.8,2016,4,2
64,35.7,2016,4,1
64.2,31.1,2016,4,1
64.3,35,2016,4,1
64.3,35.7,2016,4,1
64.8,36.5,2016,4,1
64.9,36.2,2016,4,2
65.2,31.5,2016,4,1
65.3,35.6,2016,4,2
65.6,31.6,2016,4,1
65.9,36.3,2016,4,1
66,31.8,2016,4,1
66,37.1,2016,4,2
66.4,31.2,2016,4,1
67,36.6,2016,4,1
67.3,32.4,2016,4,1
67.7,36.7,2016,4,1
67.8,32.8,2016,4,1
68.1,32.8,2016,4,1
68.2,32.7,2016,4,1
68.4,28.8,2016,4,1
68.4,36.1,2016,4,1
68.5,34.2,2016,4,1
68.6,33,2016,4,1
68.7,34.5,2016,4,2
68.7,36.8,2016,4,1
68.8,34.9,2016,4,1
68.9,32.9,2016,4,1
68.9,34,2016,4,1
69,34.6,2016,4,2
69.2,33.6,2016,4,2
69.4,34.5,2016,4,2
69.4,37.3,2016,4,1
69.7,32.9,2016,4,1
69.9,34.3,2016,4,1
70,34.1,2016,4,1
70.3,33.5,2016,4,1
70.6,34.4,2016,4,1
70.6,37.3,2016,4,1
70.7,34.7,2016,4,1
70.9,34.3,2016,4,1
71.6,30.2,2016,4,1
71.8,34.1,2016,4,1
72.1,30.4,2016,4,1
72.4,34.8,2016,4,2
72.9,33.9,2016,4,1
74,33.3,2016,4,1
74.3,32,2016,4,1
74.5,34.3,2016,4,3
74.6,32.6,2016,4,2
74.8,33.7,2016,4,3
75.3,33.6,2016,4,2
79.8,19.9,2016,4,2
-3.7,16.4,2016,3,1
-2.9,15,2016,3,1
-2,14.7,2016,3,1
1,20.2,2016,3,1
6.8,33.5,2016,3,1
9.2,35.4,2016,3,3
12.1,10.9,2016,3,1
12.2,11.6,2016,3,1
12.3,11.2,2016,3,1
12.9,11.4,2016,3,1
13.2,12.5,2016,3,1
13.3,11.6,2016,3,1
13.5,12.2,2016,3,1
13.6,11,2016,3,1
13.6,11.1,2016,3,1
13.8,11.8,2016,3,1
13.9,11.2,2016,3,1
14.2,12.3,2016,3,1
14.5,13.5,2016,3,1
14.6,11.9,2016,3,1
15.1,31.6,2016,3,1
16.6,31.1,2016,3,1
19.7,30.4,2016,3,1
24.5,13.4,2016,3,1
24.8,13.2,2016,3,1
30.6,11.1,2016,3,1
31.2,27.2,2016,3,1
33.5,11.6,2016,3,1
34.5,31.5,2016,3,2
35.3,37,2016,3,1
35.9,32.9,2016,3,2
36.3,32.6,2016,3,3
36.5,32.9,2016,3,1
36.5,36.2,2016,3,4
36.6,35.1,2016,3,2
36.8,35.2,2016,3,2
36.8,35.7,2016,3,3
37,34.9,2016,3,2
37,35.8,2016,3,3
37.2,35.1,2016,3,2
37.3,36.1,2016,3,3
37.3,47.2,2016,3,3
37.5,40.8,2016,3,1
37.6,47.7,2016,3,1
37.6,47.9,2016,3,2
37.6,48.2,2016,3,3
37.8,47.5,2016,3,3
37.8,47.6,2016,3,3
37.9,48.6,2016,3,3
37.9,55.8,2016,3,1
38.1,48.5,2016,3,3
38.1,48.6,2016,3,3
38.3,34.9,2016,3,1
38.3,48.8,2016,3,2
38.6,49,2016,3,3
39.2,38.7,2016,3,1
39.3,35.9,2016,3,1
39.3,49.6,2016,3,2
39.5,48.7,2016,3,3
39.6,48.6,2016,3,3
39.7,35.4,2016,3,2
40.7,37.3,2016,3,1
41.6,37.5,2016,3,1
41.9,37.9,2016,3,2
43.2,14.9,2016,3,1
43.4,36.3,2016,3,1
43.4,44.8,2016,3,1
43.5,13.1,2016,3,1
44,56.3,2016,3,2
44.1,17.4,2016,3,2
44.2,37.2,2016,3,1
44.4,17.2,2016,3,2
44.9,14.5,2016,3,1
45.7,13.9,2016,3,1
46.6,43.3,2016,3,2
47,43.2,2016,3,1
47.5,15.5,2016,3,1
49.2,11.3,2016,3,4
61.7,25,2016,3,1
61.9,32.1,2016,3,1
62.3,34.2,2016,3,1
62.7,25.9,2016,3,1
63.4,32.2,2016,3,1
63.6,34.8,2016,3,1
64.3,31.5,2016,3,1
64.9,35.3,2016,3,1
65,34.6,2016,3,1
65.2,36.9,2016,3,1
65.7,31.2,2016,3,1
66.2,36.8,2016,3,1
66.3,30.5,2016,3,1
66.6,31.5,2016,3,2
66.9,36.3,2016,3,2
67.3,31.4,2016,3,2
67.7,32.8,2016,3,1
68,33.5,2016,3,1
68.9,32.5,2016,3,1
68.9,36.6,2016,3,1
68.9,37.2,2016,3,1
69,35.3,2016,3,1
69.1,32.1,2016,3,1
69.2,34.8,2016,3,2
69.3,33.8,2016,3,2
69.5,33.8,2016,3,1
69.5,37.6,2016,3,1
69.6,37.3,2016,3,2
69.7,30,2016,3,1
69.8,33.5,2016,3,1
70.1,33.4,2016,3,1
70.1,36.8,2016,3,1
70.2,33.4,2016,3,1
70.7,34.4,2016,3,1
70.9,31.8,2016,3,1
71.2,36.9,2016,3,1
71.5,34.6,2016,3,1
71.9,34.9,2016,3,1
74,33.7,2016,3,1
74,34.7,2016,3,3
74.1,34.2,2016,3,1
74.3,34.3,2016,3,1
74.3,34.4,2016,3,2
74.3,34.5,2016,3,1
74.6,34.3,2016,3,1
74.8,34.2,2016,3,3
74.9,32.4,2016,3,1
75,33.7,2016,3,2
75,33.8,2016,3,1
75.1,33.9,2016,3,1
-2.8,15.9,2016,2,1
-1.4,15.4,2016,2,1
3.8,36.5,2016,2,1
6,36.8,2016,2,1
6.3,36.9,2016,2,1
11.3,33,2016,2,1
11.5,12,2016,2,1
12.1,10.8,2016,2,1
12.6,11.7,2016,2,1
12.6,11.8,2016,2,1
12.7,10.9,2016,2,1
12.8,11.9,2016,2,1
12.9,10.6,2016,2,1
13.5,10.8,2016,2,1
13.6,10.9,2016,2,1
13.7,11,2016,2,1
13.7,12,2016,2,1
13.7,12.1,2016,2,1
14,11.8,2016,2,1
14.3,12.6,2016,2,1
24.2,12.8,2016,2,2
24.4,13,2016,2,1
24.9,13.3,2016,2,1
25,13.3,2016,2,1
28.4,37.2,2016,2,1
29.4,11,2016,2,1
30.2,10.8,2016,2,1
30.3,11.5,2016,2,2
31.6,40.6,2016,2,1
32.5,39.6,2016,2,1
33.7,46.1,2016,2,1
35.1,31.5,2016,2,2
35.8,35.6,2016,2,1
35.9,32.8,2016,2,2
36,33,2016,2,2
36.3,33.1,2016,2,1
36.3,35.5,2016,2,1
36.4,32.5,2016,2,1
36.4,34.9,2016,2,1
36.4,35.3,2016,2,3
36.6,33.4,2016,2,2
36.6,34.1,2016,2,1
36.6,34.7,2016,2,1
36.6,35,2016,2,1
36.6,36.6,2016,2,1
36.7,33.1,2016,2,1
36.7,35.7,2016,2,2
36.7,36.3,2016,2,1
36.8,34.3,2016,2,1
36.9,33.4,2016,2,1
37.1,34,2016,2,1
37.1,35.2,2016,2,1
37.2,33,2016,2,1
37.2,33.1,2016,2,2
37.2,36.4,2016,2,1
37.2,48.2,2016,2,2
37.2,48.3,2016,2,2
37.3,35.9,2016,2,1
37.3,36,2016,2,1
37.3,36.2,2016,2,1
37.3,47.5,2016,2,2
37.3,47.9,2016,2,2
37.4,36.3,2016,2,1
37.4,47.2,2016,2,2
37.4,48.2,2016,2,2
37.5,34.6,2016,2,1
37.5,47.3,2016,2,2
37.5,47.5,2016,2,2
37.5,48.4,2016,2,2
37.6,35.1,2016,2,1
37.7,47.4,2016,2,2
37.7,47.6,2016,2,2
37.7,47.8,2016,2,1
37.8,48.1,2016,2,2
37.8,48.3,2016,2,2
37.8,48.4,2016,2,2
37.9,36.5,2016,2,1
38,48.8,2016,2,2
38.1,48.8,2016,2,2
38.3,35.6,2016,2,1
38.3,48.2,2016,2,1
38.6,48,2016,2,2
38.6,48.7,2016,2,2
38.7,33.5,2016,2,2
39,36.2,2016,2,1
39,48.7,2016,2,1
39.2,48.7,2016,2,2
39.3,48.7,2016,2,2
39.4,48.7,2016,2,2
39.4,48.9,2016,2,2
39.6,48.8,2016,2,2
39.8,35.2,2016,2,1
39.8,49.1,2016,2,2
40.5,34.6,2016,2,1
40.5,36.3,2016,2,1
40.5,38.9,2016,2,1
40.9,36.5,2016,2,3
41,38.5,2016,2,1
41.8,37.3,2016,2,2
42.9,16.6,2016,2,1
43,19.1,2016,2,2
43.4,39,2016,2,1
43.5,17.6,2016,2,2
43.6,43.5,2016,2,1
44,13.7,2016,2,1
44,36.2,2016,2,1
44.1,39.6,2016,2,1
44.6,33.1,2016,2,1
44.8,43.3,2016,2,1
45.1,41.3,2016,2,1
46.2,35.5,2016,2,2
46.7,42.6,2016,2,1
47,35.3,2016,2,2
47.6,42.6,2016,2,1
47.6,42.9,2016,2,2
48.2,42,2016,2,1
61.5,32.3,2016,2,1
62,34,2016,2,1
62.1,33.1,2016,2,1
62.2,34.3,2016,2,6
62.3,33.4,2016,2,1
63.3,35.5,2016,2,1
64,35.8,2016,2,1
64.1,35.7,2016,2,1
64.2,26.7,2016,2,1
64.2,31.3,2016,2,1
64.4,28.9,2016,2,1
64.5,32.5,2016,2,1
65.6,26.3,2016,2,1
65.6,35,2016,2,1
65.7,31.4,2016,2,1
66,32,2016,2,1
66.1,32.4,2016,2,1
66.2,36.2,2016,2,1
67,32,2016,2,1
67.1,32,2016,2,1
67.2,36,2016,2,2
68.3,33.4,2016,2,1
68.5,33.6,2016,2,2
68.6,33.1,2016,2,1
68.6,33.5,2016,2,1
68.6,34.1,2016,2,1
68.7,34.4,2016,2,1
68.7,35.6,2016,2,2
68.8,33.3,2016,2,1
68.9,34.4,2016,2,1
69,35.1,2016,2,2
69.1,33.5,2016,2,1
69.1,34,2016,2,1
69.1,36.5,2016,2,1
69.2,34.2,2016,2,2
69.2,34.9,2016,2,2
69.7,32.3,2016,2,1
69.7,33.9,2016,2,1
69.9,34.8,2016,2,1
70,35,2016,2,2
70.3,33.6,2016,2,1
70.4,32.2,2016,2,1
70.5,37.3,2016,2,1
70.6,34.6,2016,2,2
70.6,37.1,2016,2,1
70.7,34.3,2016,2,2
70.8,36.7,2016,2,1
71.3,34.6,2016,2,1
74.1,33.6,2016,2,2
74.1,33.7,2016,2,1
74.2,33.1,2016,2,2
74.4,34.3,2016,2,1
74.5,34.1,2016,2,1
74.7,32.6,2016,2,2
75,33.6,2016,2,1
75.1,32.6,2016,2,1
75.2,33.7,2016,2,1
75.2,33.8,2016,2,2
75.3,33.1,2016,2,1
76.2,33.9,2016,2,2
76.3,11.3,2016,2,1
-8,12.7,2016,1,1
-6,14.3,2016,1,1
-4,14.7,2016,1,1
-2.2,15.1,2016,1,1
-1.3,15.5,2016,1,1
-1.3,15.8,2016,1,1
1.8,19.1,2016,1,1
1.9,36.6,2016,1,1
3.6,36.4,2016,1,1
4,36.6,2016,1,1
4.3,50.8,2016,1,1
4.5,50.4,2016,1,1
4.7,36.7,2016,1,1
4.8,36.1,2016,1,1
6.1,35.4,2016,1,1
6.2,19.7,2016,1,1
11.3,33.1,2016,1,1
12.3,11.5,2016,1,1
12.6,10.9,2016,1,1
12.8,10.9,2016,1,1
13,11.6,2016,1,2
13.1,11.8,2016,1,1
13.5,10.9,2016,1,1
13.5,13.4,2016,1,1
13.8,12.8,2016,1,1
13.9,11,2016,1,1
14.1,11.2,2016,1,1
16.7,31.1,2016,1,1
18.2,30.7,2016,1,1
24.6,12.9,2016,1,1
30,10.9,2016,1,1
30,11.9,2016,1,1
30.2,30.6,2016,1,1
30.5,11.1,2016,1,1
33.4,11.4,2016,1,1
34.1,11.2,2016,1,2
34.3,31.3,2016,1,1
34.8,10.8,2016,1,1
35.1,31.7,2016,1,1
35.8,33.1,2016,1,1
35.9,33,2016,1,2
36,33.7,2016,1,1
36.1,33.3,2016,1,1
36.1,34.5,2016,1,1
36.1,35.3,2016,1,1
36.1,35.6,2016,1,1
36.3,33.2,2016,1,1
36.5,32.7,2016,1,1
36.5,33.7,2016,1,1
36.5,34.8,2016,1,1
36.6,34.5,2016,1,1
36.7,34.2,2016,1,1
36.8,33,2016,1,1
36.8,33.9,2016,1,1
36.8,47.8,2016,1,1
36.9,34,2016,1,1
37,48.5,2016,1,1
37.1,48.5,2016,1,1
37.2,36.1,2016,1,1
37.3,35,2016,1,1
37.3,47.7,2016,1,1
37.3,48,2016,1,1
37.3,48.2,2016,1,1
37.3,48.3,2016,1,1
37.4,47.9,2016,1,1
37.5,33.5,2016,1,1
37.5,35.7,2016,1,2
37.5,47.2,2016,1,1
37.5,47.6,2016,1,1
37.5,47.8,2016,1,1
37.5,48.2,2016,1,1
37.5,48.3,2016,1,1
37.5,48.8,2016,1,1
37.6,36.7,2016,1,1
37.6,47.5,2016,1,1
37.7,47.1,2016,1,1
37.7,47.5,2016,1,1
37.7,48.4,2016,1,1
37.8,36.3,2016,1,1
37.9,32.9,2016,1,1
37.9,36.7,2016,1,1
37.9,48.1,2016,1,1
37.9,48.3,2016,1,1
37.9,48.4,2016,1,1
38,36.3,2016,1,1
38.1,48.4,2016,1,1
38.2,48.5,2016,1,1
38.2,49.4,2016,1,1
38.2,49.6,2016,1,1
38.3,48.5,2016,1,1
38.4,36.8,2016,1,1
38.4,49.1,2016,1,1
38.5,48.2,2016,1,1
38.6,49.3,2016,1,1
38.7,35.6,2016,1,1
38.9,48.7,2016,1,1
38.9,48.8,2016,1,1
39,36.1,2016,1,1
39,48.6,2016,1,1
39,48.8,2016,1,1
39,49.1,2016,1,1
39.1,35,2016,1,1
39.2,49,2016,1,1
39.3,48.8,2016,1,1
39.4,39.3,2016,1,1
39.4,48.8,2016,1,1
39.5,34.5,2016,1,1
39.5,48.8,2016,1,1
39.5,49,2016,1,1
39.6,39.8,2016,1,1
39.6,48.9,2016,1,1
39.7,48.8,2016,1,1
40.4,35.3,2016,1,1
40.5,37.5,2016,1,1
40.6,38.5,2016,1,1
40.8,35.8,2016,1,2
40.8,37.9,2016,1,1
40.9,34.6,2016,1,1
41,35.2,2016,1,1
41,37.4,2016,1,1
41,38.1,2016,1,1
41.4,38.1,2016,1,1
41.8,41.2,2016,1,1
41.9,36.3,2016,1,1
42.3,37.4,2016,1,1
42.4,36,2016,1,1
42.6,37.9,2016,1,1
42.9,14.8,2016,1,1
43,16.4,2016,1,1
43,16.5,2016,1,1
43.1,16.8,2016,1,1
43.2,16.6,2016,1,1
43.3,13.8,2016,1,1
43.3,16.6,2016,1,1
43.4,35.7,2016,1,1
43.4,37,2016,1,1
43.5,16.7,2016,1,1
43.5,16.8,2016,1,1
43.5,17.4,2016,1,1
43.5,35.3,2016,1,1
43.9,13.1,2016,1,1
44,38.7,2016,1,1
44.4,15.7,2016,1,1
44.5,36.6,2016,1,1
45.2,36.7,2016,1,1
45.8,39.5,2016,1,1
46.7,40.4,2016,1,1
46.8,14,2016,1,1
46.8,40.4,2016,1,1
46.9,43.2,2016,1,1
47,40.1,2016,1,1
47,40.3,2016,1,1
47.1,39.8,2016,1,1
47.5,39.6,2016,1,1
61.9,31,2016,1,2
62.3,33.6,2016,1,1
62.4,34.2,2016,1,1
62.5,31.4,2016,1,1
62.5,34.9,2016,1,1
62.7,34.3,2016,1,1
62.8,31.5,2016,1,1
63,35.2,2016,1,1
63.1,32,2016,1,1
63.1,35.2,2016,1,1
63.3,32,2016,1,1
63.8,33.2,2016,1,1
64.5,31.6,2016,1,2
64.6,35.4,2016,1,1
64.7,32.1,2016,1,1
64.9,35.7,2016,1,1
64.9,36.4,2016,1,1
64.9,36.6,2016,1,1
65.2,32.1,2016,1,1
65.3,34.3,2016,1,1
65.3,34.5,2016,1,1
65.6,36.1,2016,1,1
65.9,36,2016,1,1
66,31.3,2016,1,1
66.1,36,2016,1,1
66.2,31,2016,1,1
66.2,33.8,2016,1,1
66.5,36.7,2016,1,1
66.6,31.3,2016,1,1
66.6,37,2016,1,1
66.9,25,2016,1,1
67.2,31.9,2016,1,1
67.2,32.1,2016,1,1
67.3,31.7,2016,1,1
67.4,31.8,2016,1,1
67.5,35.9,2016,1,1
67.6,31.9,2016,1,1
67.7,35.1,2016,1,1
68,32.9,2016,1,1
68.2,27.6,2016,1,1
68.4,33.2,2016,1,1
68.5,33.7,2016,1,1
68.6,28,2016,1,1
68.7,34.1,2016,1,1
68.8,32.9,2016,1,1
68.9,35.6,2016,1,1
69,33.1,2016,1,1
69.1,33.8,2016,1,1
69.2,33,2016,1,1
69.2,34.6,2016,1,1
69.3,35.1,2016,1,1
69.4,34,2016,1,1
69.5,34,2016,1,1
69.6,33.3,2016,1,1
69.6,34.8,2016,1,1
69.7,33.6,2016,1,1
69.8,34.5,2016,1,1
69.9,33.3,2016,1,1
70.1,33.5,2016,1,1
70.2,33.5,2016,1,1
70.2,34.4,2016,1,1
70.2,36.5,2016,1,1
70.5,35.1,2016,1,1
70.6,37.5,2016,1,1
71,34.2,2016,1,1
71.5,34.9,2016,1,1
71.7,34.3,2016,1,1
72,34.9,2016,1,1
72.5,35.2,2016,1,1
73.1,33.7,2016,1,1
73.9,33.4,2016,1,1
74.2,33.4,2016,1,1
74.2,33.5,2016,1,1
74.5,32.7,2016,1,1
74.7,32.5,2016,1,1
74.7,34.4,2016,1,1
74.8,32.8,2016,1,1
74.9,33.6,2016,1,1
75.2,32.3,2016,1,1
75.2,32.4,2016,1,1
-5.4,14,2016,0,1
-4.9,15.7,2016,0,1
-4.2,15,2016,0,1
-1.7,15.3,2016,0,1
11,33.3,2016,0,1
32.5,11.4,2016,0,1
36.2,33,2016,0,1
36.4,10.1,2016,0,1
36.7,34,2016,0,1
37,35,2016,0,1
37.3,34.7,2016,0,1
37.6,48.8,2016,0,1
39.8,36.7,2016,0,1
41,34.5,2016,0,1
43.2,13.2,2016,0,1
43.8,34.2,2016,0,1
44.4,13.6,2016,0,1
45.1,36.7,2016,0,1
45.4,36.4,2016,0,1
46,43.3,2016,0,1
46.2,35.6,2016,0,1
46.3,36.2,2016,0,1
46.9,40,2016,0,1
47,42.4,2016,0,1
47.8,41.4,2016,0,1
62.1,30.2,2016,0,1
63.6,35,2016,0,1
65.5,31.8,2016,0,1
66.7,37,2016,0,1
67.5,37.1,2016,0,1
68.2,36.2,2016,0,1
68.9,34.3,2016,0,1
69.2,37.1,2016,0,1
69.7,37.4,2016,0,1
69.8,33.3,2016,0,1
70.5,34.5,2016,0,1
71.3,35,2016,0,1
71.3,35.5,2016,0,1
71.3,35.8,2016,0,1
43.1,36.3,2017,5867,344
38,35,2017,3870,96
65,33,2017,1372,51
43.8,35.3,2017,1317,10
36.4,33.5,2017,1166,442
40.1,35.3,2017,1137,209
42.4,36.4,2017,907,17
38.6,34.4,2017,851,26
36.3,33.5,2017,841,251
40.5,35,2017,767,80
40.9,34.5,2017,767,57
36.1,32.6,2017,717,212
70.7,34.1,2017,626,69
37.5,36.4,2017,592,84
36.4,33.6,2017,570,234
43.2,13.3,2017,414,16
63.9,31.6,2017,397,25
64.6,31.8,2017,382,32
70.6,34,2017,365,26
65.9,32.6,2017,352,28
68.9,37.1,2017,351,21
70.4,34.1,2017,348,38
69.2,34.5,2017,332,34
13.4,11.2,2017,331,14
38.9,34.9,2017,316,39
38.8,35.4,2017,315,2
44.2,15.4,2017,301,13
43.2,35.5,2017,298,3
65.9,32.7,2017,289,16
37.7,48.1,2017,273,107
37.2,35.4,2017,270,82
37.5,35,2017,254,43
70.6,34.2,2017,246,19
37.4,35,2017,245,26
36.7,35.4,2017,239,43
37.2,35.2,2017,233,80
64.1,31.3,2017,232,16
36.6,35.3,2017,231,99
70.4,34.3,2017,219,42
37.2,36.2,2017,216,99
39.8,34.5,2017,216,26
68.4,33.3,2017,211,24
65,32.1,2017,196,19
36.5,33.5,2017,194,99
36.7,35.8,2017,193,30
44,13.6,2017,193,18
40.2,35.4,2017,188,30
36.7,34.7,2017,184,48
36.7,34.8,2017,184,102
43.2,14.9,2017,180,10
64,31,2017,177,36
68.8,36.8,2017,176,36
37.1,36.2,2017,174,17
40.4,35.2,2017,167,34
70.2,34.8,2017,167,11
40.6,34.9,2017,164,47
35.9,33.3,2017,161,47
64.1,35.7,2017,154,3
65.5,32,2017,154,9
67,36.6,2017,154,2
36.6,35.9,2017,150,28
66,32.8,2017,150,27
36.8,36.1,2017,149,7
40.2,35.3,2017,149,49
40.9,34.6,2017,149,28
41,34.2,2017,149,13
64.4,31.6,2017,145,14
44,13.5,2017,144,7
63.8,35.7,2017,144,12
40.2,34.4,2017,143,7
14.3,27.6,2017,141,1
37.5,36.3,2017,139,24
40.3,35.2,2017,139,58
66.3,32.9,2017,137,12
41.2,34.4,2017,136,16
65,31.6,2017,136,14
64.3,31.6,2017,130,13
64.3,35.6,2017,130,10
70.6,34.1,2017,127,10
14.5,12.3,2017,126,2
36.8,35.8,2017,125,11
37.1,35,2017,125,38
65.4,36,2017,124,14
41.8,33,2017,122,6
69.6,35,2017,122,36
42.6,36.2,2017,121,12
40.6,34.8,2017,120,5
36.6,35.8,2017,118,18
62.8,32.8,2017,117,8
65.2,31.5,2017,116,7
68.9,36.7,2017,116,11
62.1,32.5,2017,115,15
65.8,31,2017,115,26
68.9,32.5,2017,115,2
38,36,2017,112,36
40,35.3,2017,110,11
36.3,35.8,2017,108,36
40.1,35.4,2017,108,23
64.1,30.9,2017,108,12
69.2,37,2017,108,14
67.4,32.5,2017,107,19
37.4,35.4,2017,106,20
37.5,35.8,2017,106,15
65.7,32.4,2017,106,8
36.5,34.9,2017,105,60
66.6,36.5,2017,105,10
37.6,35.1,2017,103,15
39.4,35.8,2017,103,10
69.2,33.6,2017,103,9
39.6,35.8,2017,99,22
38.3,34.6,2017,98,40
64.8,36.2,2017,96,28
70.1,34.8,2017,96,12
36.7,35.6,2017,95,30
38,35.2,2017,95,48
37.5,34.8,2017,94,12
37.9,36.1,2017,94,9
39,36,2017,94,16
43,36.4,2017,94,3
43.2,16,2017,94,4
62.5,32.6,2017,93,6
37.6,34.5,2017,92,16
68.7,33.5,2017,92,13
13.3,13.5,2017,91,2
13.7,11.1,2017,91,11
69.8,33.7,2017,91,7
64.8,35.4,2017,89,6
65.7,36.1,2017,89,7
36.5,36.1,2017,88,14
42.5,37.9,2017,87,4
46.3,31.1,2017,87,1
70,30,2017,87,1
16.6,31.2,2017,85,3
35.9,33.2,2017,85,22
68.8,36.7,2017,85,15
45,34,2017,84,2
69.7,34.8,2017,84,16
12.8,13.5,2017,83,2
45.7,14.8,2017,83,6
48.9,10.8,2017,83,2
68.6,36.7,2017,83,11
70.6,34.3,2017,83,7
40.3,35.3,2017,82,24
43,16.5,2017,82,6
36.7,34.9,2017,81,59
43.1,37.3,2017,80,1
36.5,35.4,2017,79,30
40.8,34.7,2017,78,29
68.4,33.5,2017,78,10
33.7,30.5,2017,77,11
43.3,13.8,2017,77,3
13.3,13.4,2017,76,3
39.3,35.8,2017,75,3
69.2,34,2017,75,17
69.2,36.2,2017,75,4
39.7,35.4,2017,74,4
64.8,36.3,2017,74,8
69.6,37.3,2017,74,6
38.8,35.3,2017,73,3
13.6,11.9,2017,71,8
35.8,33.3,2017,71,15
36.7,36,2017,71,49
62.3,32.5,2017,71,4
69,35.8,2017,71,15
12.9,32.7,2017,70,2
40,35.5,2017,70,15
42.7,35.6,2017,70,3
43.5,13.1,2017,70,4
68.9,33.8,2017,70,12
71.5,36.9,2017,70,3
12.5,12.2,2017,69,1
36.2,32.6,2017,69,44
41.9,34.5,2017,69,7
67,30.2,2017,69,10
13.2,32.9,2017,68,3
37.3,35,2017,68,10
66,32,2017,68,3
68.3,33.1,2017,68,8
70.8,34.1,2017,68,15
36.6,34.1,2017,67,3
36.6,35.2,2017,67,15
36.9,35.4,2017,67,9
65,36.1,2017,67,6
65.8,36,2017,67,5
70.2,34.2,2017,67,8
70.4,36.5,2017,67,4
36.1,33.6,2017,66,27
64.3,36,2017,66,13
68.6,36.3,2017,66,6
71.3,35.5,2017,66,7
42.6,37.4,2017,65,4
44,13.7,2017,65,2
74.3,31.5,2017,64,5
34.2,31.3,2017,63,6
37.7,36.2,2017,63,12
62.3,33.4,2017,63,8
65.5,32.6,2017,63,2
66,32.1,2017,63,5
40.5,34.5,2017,62,7
64.3,31.4,2017,62,2
37,35.4,2017,61,13
37.2,33.7,2017,61,8
37.2,35.1,2017,61,2
62,34.5,2017,61,14
70.8,34.3,2017,61,13
67.2,32.2,2017,60,21
69,32.8,2017,60,1
36.9,35.5,2017,59,13
69.4,33,2017,59,4
-0,16.3,2017,58,5
44.1,37.5,2017,58,6
64.3,31.5,2017,58,2
69.3,33.7,2017,58,19
70.8,34,2017,58,7
13.2,13.9,2017,57,2
35.9,32.8,2017,57,12
37.1,36.3,2017,57,29
37.3,34.8,2017,57,14
38.4,34.6,2017,57,10
41,34.4,2017,57,12
68.6,34.5,2017,57,3
33.8,31.1,2017,56,28
36,33.3,2017,56,16
37.1,35.3,2017,56,6
39.9,35.5,2017,56,19
71,35.2,2017,56,2
14.1,11.5,2017,55,10
36.8,35.4,2017,55,12
36.9,35,2017,55,11
40.3,33,2017,55,8
44.2,15.9,2017,55,3
64.4,33.5,2017,55,2
70.3,34.1,2017,55,6
36.6,34.9,2017,54,25
62.4,33.2,2017,54,7
63.8,35,2017,54,10
68.6,36,2017,54,9
70.6,37.1,2017,54,7
36.4,32.9,2017,53,17
37,36.2,2017,53,24
65,31.5,2017,53,1
66.7,33,2017,53,6
67,24.9,2017,53,12
69,33.4,2017,53,4
43.5,17.6,2017,52,3
67.8,33.3,2017,52,17
34,29.5,2017,51,2
62.1,32.4,2017,51,7
64.2,31.1,2017,51,4
65.8,36.8,2017,51,10
70.4,34.8,2017,51,10
36.1,32.7,2017,50,16
38.7,34.5,2017,50,1
43.9,35.5,2017,50,1
65.5,32.9,2017,50,4
69.7,33.6,2017,50,1
14.5,13.4,2017,49,1
37.6,36.2,2017,49,40
44.6,34.9,2017,49,4
67,32.5,2017,49,9
68.8,35,2017,49,2
69.1,36.7,2017,49,5
36.8,35.1,2017,48,17
37.6,36.4,2017,48,16
66,32.7,2017,48,4
36.5,34.3,2017,47,5
36.6,35.4,2017,47,27
44.4,33.3,2017,47,6
37,36.3,2017,46,14
39.6,35,2017,46,1
45,15.5,2017,46,5
66.2,36.9,2017,46,5
70.1,34.2,2017,46,10
36.1,33.1,2017,45,17
36.9,36.1,2017,45,14
62.9,31.7,2017,45,4
68,33.2,2017,45,8
68.8,32.4,2017,45,13
68.9,32.4,2017,45,4
71.1,35,2017,45,11
13.7,12,2017,44,3
43.5,13.3,2017,44,3
43.9,17.1,2017,44,4
63.2,30.2,2017,44,1
68.4,33.4,2017,44,9
69.8,36.7,2017,44,11
70.8,34.2,2017,44,10
13.7,11,2017,43,4
38.1,35.9,2017,43,5
38.3,34.5,2017,43,19
42.5,14.8,2017,43,1
42.8,16.3,2017,43,4
43,14.8,2017,43,4
68.2,33.4,2017,43,5
69.1,36.6,2017,43,7
36.2,33.6,2017,42,27
36.5,35.5,2017,42,15
36.7,35.5,2017,42,27
38.8,34.7,2017,42,9
40.4,35.1,2017,42,13
43.4,13.3,2017,42,4
43.7,37.1,2017,42,9
63.6,34.8,2017,42,3
37.5,35.2,2017,41,4
62,33.7,2017,41,4
36.6,35.6,2017,40,13
44.3,14.7,2017,40,1
65,31.8,2017,40,1
65.5,31.9,2017,40,3
70.4,34.2,2017,40,6
71.3,36.4,2017,40,2
36.6,35.5,2017,39,16
37.5,35.7,2017,39,10
45.4,17.3,2017,39,5
66.6,31.5,2017,39,3
71.3,35.6,2017,39,1
72,36.8,2017,39,11
12.4,11.2,2017,38,1
36.8,35.3,2017,38,9
39.8,35.2,2017,38,4
43.6,13.4,2017,38,4
66.4,36,2017,38,4
68.9,36.8,2017,38,5
36,33.1,2017,37,17
37.4,35.3,2017,37,11
37.5,36.2,2017,37,2
39.8,35.6,2017,37,6
40.5,35.1,2017,37,11
67.2,32.9,2017,37,4
68,34.2,2017,37,12
68.8,34.3,2017,37,5
13.4,13.4,2017,36,2
34.1,31.2,2017,36,3
38.9,35.2,2017,36,2
41.5,34.4,2017,36,4
43.2,37,2017,36,2
45.3,15.5,2017,36,2
68.4,35.3,2017,36,3
71.6,34,2017,36,8
36.4,35.4,2017,35,11
43.2,14.1,2017,35,1
47.2,30.3,2017,35,1
62.2,32.5,2017,35,6
64.9,31.6,2017,35,3
70.7,35,2017,35,4
13.4,13.5,2017,34,1
13.5,13.5,2017,34,1
36.1,33.7,2017,34,31
37.4,36.3,2017,34,4
37.5,35.4,2017,34,9
62.2,33.2,2017,34,2
62.5,32.5,2017,34,10
64.7,32.5,2017,34,5
65.9,32.2,2017,34,2
35.9,33.1,2017,33,16
37.4,33.5,2017,33,23
37.8,35.4,2017,33,9
39.1,34.5,2017,33,11
43.9,39.4,2017,33,1
44.8,14.5,2017,33,6
64.9,34.4,2017,33,1
68.7,33.9,2017,33,4
68.9,33.9,2017,33,7
36.7,35.3,2017,32,21
39.2,35.9,2017,32,1
65.1,33.6,2017,32,3
65.4,31.6,2017,32,2
66.2,32.1,2017,32,2
69,34,2017,32,13
69.5,33.7,2017,32,4
69.5,37.5,2017,32,6
70.2,34.7,2017,32,12
30,29.5,2017,31,1
36.2,32.7,2017,31,16
37.2,34.7,2017,31,9
43.7,16.9,2017,31,2
43.7,34.6,2017,31,1
68.3,33.6,2017,31,2
70.3,34.7,2017,31,13
70.5,34.4,2017,31,11
24.8,13.2,2017,30,1
37.2,36,2017,30,20
37.7,36.3,2017,30,4
42.8,14.8,2017,30,5
43.3,33.4,2017,30,2
64.6,31.9,2017,30,3
66.1,36,2017,30,2
67,32.2,2017,30,3
70.9,35,2017,30,6
74.3,34,2017,30,12
37.9,33.2,2017,29,10
70.1,33.6,2017,29,2
1.8,14.9,2017,28,1
13.8,12.4,2017,28,7
40.1,35.5,2017,28,7
42,35.5,2017,28,1
66.3,32.4,2017,28,5
67.3,31.4,2017,28,5
70.2,34.1,2017,28,7
31.2,30,2017,27,11
33,31,2017,27,2
36.2,35.8,2017,27,15
36.8,35.6,2017,27,8
43.2,13.8,2017,27,2
43.8,16.9,2017,27,2
65.6,32.4,2017,27,1
67.1,32.5,2017,27,2
68.4,36.9,2017,27,5
69.3,32.7,2017,27,5
69.3,32.9,2017,27,4
74,33.8,2017,27,14
23.6,15.2,2017,26,1
36.7,35.2,2017,26,13
37.2,34.2,2017,26,11
38.1,35.4,2017,26,4
42.7,37.6,2017,26,1
45,14.7,2017,26,1
45.4,14.3,2017,26,2
66.8,29.8,2017,26,1
67.6,32.7,2017,26,6
69.9,33.4,2017,26,10
70,33.7,2017,26,2
70.1,34.7,2017,26,4
70.9,34,2017,26,3
14.5,12,2017,25,8
36.9,34.9,2017,25,12
37.3,35.1,2017,25,8
37.9,34.9,2017,25,10
38.5,34.5,2017,25,9
42.1,36.5,2017,25,1
43.1,16.9,2017,25,1
44.6,37.3,2017,25,1
63.9,30.2,2017,25,2
65.9,32.1,2017,25,1
67.5,28.6,2017,25,1
68.5,32.7,2017,25,6
69,36.8,2017,25,5
13.6,10.9,2017,24,1
13.8,11.2,2017,24,6
33.7,29.9,2017,24,2
36.6,34.8,2017,24,11
38,36.2,2017,24,6
39,48.9,2017,24,12
41,34.5,2017,24,9
64.7,36,2017,24,2
65.9,32.8,2017,24,1
66.1,32.9,2017,24,1
68.1,33.3,2017,24,1
12.6,12.2,2017,23,3
13.2,11.8,2017,23,11
13.2,12.5,2017,23,2
36.2,35.6,2017,23,13
37.1,36.1,2017,23,11
44.4,35.5,2017,23,4
47.5,15.5,2017,23,7
51.4,35.7,2017,23,1
64.7,31.8,2017,23,5
65.9,35.4,2017,23,4
67.7,32.3,2017,23,1
69.2,34.2,2017,23,6
69.4,37,2017,23,4
75,33.8,2017,23,5
36,35.7,2017,22,16
42.7,37.1,2017,22,2
42.8,33.6,2017,22,2
49.2,11.3,2017,22,6
64.9,31.7,2017,22,1
65.7,31.6,2017,22,8
68.8,33.8,2017,22,2
69.1,34.1,2017,22,6
69.2,33,2017,22,2
69.6,34.8,2017,22,1
70.3,34.2,2017,22,4
70.8,35,2017,22,1
13.9,11.4,2017,21,4
36.1,35.8,2017,21,2
36.5,33.6,2017,21,5
36.9,33.7,2017,21,8
36.9,36.3,2017,21,8
49.1,11,2017,21,3
64.1,31.1,2017,21,3
64.8,35.8,2017,21,5
67.8,31.8,2017,21,2
70.9,34.3,2017,21,4
-3,16.8,2017,20,4
-1.3,14.8,2017,20,3
12,11.3,2017,20,1
12.6,11.8,2017,20,1
13.8,11.4,2017,20,3
14,11.2,2017,20,8
14.8,12.1,2017,20,4
36.2,32.8,2017,20,18
36.2,35.7,2017,20,13
36.4,34,2017,20,2
36.5,35.8,2017,20,6
36.8,35.5,2017,20,5
36.9,34.8,2017,20,6
37,36,2017,20,12
37,36.1,2017,20,6
37.4,35.2,2017,20,6
37.8,48,2017,20,9
43.5,16.7,2017,20,1
43.5,16.9,2017,20,1
43.5,17.4,2017,20,3
44.5,13.9,2017,20,4
62.1,32.8,2017,20,3
62.2,33.3,2017,20,3
64.7,35.3,2017,20,1
65.4,32.2,2017,20,1
69,34.1,2017,20,3
69.4,33.2,2017,20,2
69.4,36.4,2017,20,4
69.9,33.3,2017,20,2
70.5,34.1,2017,20,4
70.9,36.7,2017,20,3
70.9,37,2017,20,5
71.3,36.5,2017,20,1
71.4,34.5,2017,20,1
73.9,34,2017,20,7
74.9,33.8,2017,20,7
12,11.4,2017,19,2
12.5,10.9,2017,19,2
13,11.5,2017,19,5
13.8,13,2017,19,2
23.4,12.3,2017,19,1
25,22,2017,19,1
37.9,35.1,2017,19,2
43.7,13.4,2017,19,5
43.9,33.4,2017,19,1
44.6,16.1,2017,19,2
63.5,35.5,2017,19,3
64.5,31.8,2017,19,3
65.3,31.8,2017,19,2
67,36.8,2017,19,8
71.3,35.8,2017,19,2
74.6,34.3,2017,19,7
36.3,32.7,2017,18,10
36.7,33,2017,18,2
37.1,36,2017,18,7
43.5,14,2017,18,1
43.5,34.9,2017,18,3
43.7,37.2,2017,18,3
44.1,17.4,2017,18,3
46,15.2,2017,18,2
66.1,36.9,2017,18,2
68.5,34.1,2017,18,3
68.7,33.7,2017,18,4
71,34.3,2017,18,4
71.6,35.2,2017,18,2
75.1,33.9,2017,18,8
1.4,18.4,2017,17,3
24.2,12.8,2017,17,1
36.4,34.2,2017,17,8
36.7,35.9,2017,17,13
36.8,34.9,2017,17,10
37,35.7,2017,17,10
37.5,35.1,2017,17,6
43.9,34.2,2017,17,2
45.6,14,2017,17,2
64.7,31.7,2017,17,1
64.9,36.3,2017,17,5
64.9,36.4,2017,17,2
66.5,32.2,2017,17,4
68.9,37.2,2017,17,1
70,33.8,2017,17,5
71.3,35.2,2017,17,2
0.9,14.7,2017,16,1
2.1,15.1,2017,16,1
13.5,11.1,2017,16,1
35.9,33.4,2017,16,8
36.1,33,2017,16,7
36.2,32.9,2017,16,14
36.9,35.8,2017,16,2
37.8,36.2,2017,16,10
38.6,48.1,2017,16,10
39,32.7,2017,16,1
43.1,16.4,2017,16,2
43.3,15.1,2017,16,1
43.4,13.5,2017,16,4
47,40,2017,16,9
62.4,32.6,2017,16,2
63.1,35.2,2017,16,2
63.8,34.3,2017,16,2
64.5,32.5,2017,16,3
65.1,36.5,2017,16,4
66.2,31,2017,16,3
68.3,34.2,2017,16,2
69,33.5,2017,16,1
69.8,34.3,2017,16,4
71.1,34.9,2017,16,3
74.9,33.6,2017,16,4
2.7,16.7,2017,15,1
12.1,12.1,2017,15,1
13.3,11.9,2017,15,3
14.5,12.2,2017,15,6
35.9,35.4,2017,15,1
36,35.8,2017,15,4
38.8,34,2017,15,1
45.1,15.5,2017,15,1
45.4,15.4,2017,15,2
61.5,29,2017,15,1
64.2,31.6,2017,15,1
66.5,31.9,2017,15,3
68.8,34.2,2017,15,1
69.1,34.2,2017,15,5
69.6,36.2,2017,15,1
69.7,33.7,2017,15,1
70.4,30.5,2017,15,2
70.5,35.1,2017,15,1
71.1,34.3,2017,15,1
74.7,32.6,2017,15,6
2,18.9,2017,14,1
12.8,12.1,2017,14,3
13.3,13.6,2017,14,1
14.1,11.6,2017,14,4
20.1,32.1,2017,14,2
32.3,30.6,2017,14,1
34.4,31.4,2017,14,3
36.7,33.9,2017,14,4
36.7,34.2,2017,14,1
36.8,36.2,2017,14,6
37,35.1,2017,14,5
37.1,35.9,2017,14,8
37.9,36.2,2017,14,2
38.3,35.5,2017,14,3
64.9,36.2,2017,14,5
65.4,35.9,2017,14,2
65.4,36.2,2017,14,6
65.9,36.2,2017,14,4
67.6,32.2,2017,14,1
68,33.1,2017,14,1
68.7,33.6,2017,14,1
69.6,34.2,2017,14,2
70.9,34.8,2017,14,1
75,33.9,2017,14,4
-1.9,16.9,2017,13,1
13.5,13.3,2017,13,1
14.2,11.1,2017,13,6
30.8,26.4,2017,13,1
36,32.8,2017,13,3
36.1,32.8,2017,13,12
36.3,35.9,2017,13,6
36.5,35.6,2017,13,6
36.5,36.2,2017,13,2
36.8,35.9,2017,13,8
37,35.9,2017,13,5
37.2,35,2017,13,4
37.6,35.4,2017,13,5
42.5,33.9,2017,13,1
44,37,2017,13,6
44.5,34.3,2017,13,3
44.6,15.7,2017,13,2
45.5,14.1,2017,13,3
62.6,34.9,2017,13,3
63,31.8,2017,13,1
64.5,35.8,2017,13,1
65,34,2017,13,2
67.2,31.6,2017,13,1
68.5,33.5,2017,13,3
69.1,36.5,2017,13,1
69.2,32.6,2017,13,1
69.3,37.1,2017,13,2
69.7,33.9,2017,13,1
70,33.5,2017,13,3
74.4,34.7,2017,13,5
75.2,33.7,2017,13,4
-1.9,16.7,2017,12,1
0.2,17.4,2017,12,3
13.7,11.5,2017,12,5
24.2,15.2,2017,12,1
26.5,11.2,2017,12,1
31.3,29.8,2017,12,1
37,35.6,2017,12,7
37.3,34.7,2017,12,4
37.4,35.6,2017,12,3
37.4,35.7,2017,12,4
37.5,32.7,2017,12,2
37.5,36.5,2017,12,6
37.6,33.2,2017,12,4
37.6,33.4,2017,12,4
37.6,34.4,2017,12,3
37.8,34.6,2017,12,3
40.9,34.7,2017,12,4
41.7,36,2017,12,2
43.4,12.9,2017,12,1
43.5,13.4,2017,12,1
44.6,15.5,2017,12,1
64.3,31.7,2017,12,1
65.6,32.9,2017,12,1
68.7,35.6,2017,12,1
70.9,35.3,2017,12,1
1.5,15.9,2017,11,2
2.8,15.6,2017,11,1
14.2,12.5,2017,11,1
24,13,2017,11,1
36.5,35.3,2017,11,6
36.7,35.7,2017,11,4
37.1,35.7,2017,11,4
37.3,35.9,2017,11,3
37.6,35,2017,11,1
38.9,35,2017,11,3
39.2,39.4,2017,11,3
40.3,34.9,2017,11,1
40.4,35,2017,11,1
43.6,13.3,2017,11,2
43.7,13.6,2017,11,2
44.3,33.7,2017,11,2
63.1,34.9,2017,11,2
63.5,34.9,2017,11,2
64.3,34.1,2017,11,1
66.9,32.1,2017,11,4
67.7,32.8,2017,11,1
67.8,35.6,2017,11,1
68.6,33.7,2017,11,1
68.6,33.9,2017,11,1
68.8,34.4,2017,11,1
68.9,36.5,2017,11,1
69.2,37.1,2017,11,2
69.3,34.5,2017,11,1
69.5,37.4,2017,11,2
69.6,37.4,2017,11,2
70.8,35.3,2017,11,3
70.9,34.2,2017,11,2
71.3,34.6,2017,11,1
74,34.7,2017,11,6
-6,14.7,2017,10,1
-2.4,14.9,2017,10,1
30.5,29.3,2017,10,2
35.8,33.2,2017,10,7
36,32.7,2017,10,8
36.3,32.8,2017,10,11
36.3,33.4,2017,10,8
36.4,35.9,2017,10,5
36.5,32.5,2017,10,10
36.6,35,2017,10,3
36.8,33.3,2017,10,3
37.3,36,2017,10,7
39.5,39.1,2017,10,1
41.8,37.6,2017,10,2
43.1,16.3,2017,10,4
43.6,17.2,2017,10,1
44,35.2,2017,10,1
44.2,15.8,2017,10,1
44.8,14.6,2017,10,1
44.9,14.3,2017,10,1
45.6,16.7,2017,10,1
61.4,32.1,2017,10,3
63.5,35.1,2017,10,1
63.6,32.1,2017,10,1
64.4,31.8,2017,10,3
68.6,33,2017,10,1
68.6,36.9,2017,10,1
68.7,36,2017,10,1
69.3,33.1,2017,10,1
70.7,34.3,2017,10,3
71.7,34.3,2017,10,1
72.1,30.4,2017,10,2
72.5,34.1,2017,10,1
72.5,35.2,2017,10,1
74.2,33.4,2017,10,7
74.8,34.1,2017,10,8
74.9,34,2017,10,6
-5.7,15,2017,9,1
4.2,36.3,2017,9,1
4.4,36.9,2017,9,1
12.3,11.2,2017,9,3
12.5,10.8,2017,9,1
13.6,12.6,2017,9,4
35.2,31.8,2017,9,3
36.5,35.7,2017,9,6
37.1,34.2,2017,9,8
37.3,35.3,2017,9,2
37.5,34.5,2017,9,2
37.6,34.9,2017,9,2
37.7,35.6,2017,9,2
37.9,48.1,2017,9,5
38,48.4,2017,9,6
38.2,34.6,2017,9,3
38.6,34.7,2017,9,3
40.4,35.3,2017,9,2
43.1,15.3,2017,9,1
43.2,16.9,2017,9,1
43.5,37.1,2017,9,3
43.8,16.8,2017,9,1
44.3,14,2017,9,1
44.4,15.3,2017,9,2
44.5,31.7,2017,9,2
44.7,13.9,2017,9,2
44.8,13.9,2017,9,3
44.9,15.4,2017,9,1
45,15.6,2017,9,1
45.8,14.2,2017,9,1
46.6,40,2017,9,7
64.2,31.3,2017,9,2
65.3,31.5,2017,9,1
68.7,36.7,2017,9,2
68.8,33.2,2017,9,3
69.2,35,2017,9,2
69.5,37.3,2017,9,2
70.4,37.1,2017,9,4
74.5,34.3,2017,9,5
74.8,33.8,2017,9,3
-3.9,14.9,2017,8,3
-2.7,14.3,2017,8,1
-1.4,14.6,2017,8,1
1.9,36.5,2017,8,1
1.9,36.6,2017,8,2
12.1,13.1,2017,8,1
13.5,10.9,2017,8,6
13.5,11.6,2017,8,2
13.8,11.8,2017,8,1
13.9,12,2017,8,3
14,11.9,2017,8,3
14.1,13.3,2017,8,1
24.4,14.3,2017,8,2
36.3,32.9,2017,8,5
36.3,35.7,2017,8,3
36.3,36,2017,8,2
36.4,33.8,2017,8,8
36.4,35.5,2017,8,6
36.9,35.6,2017,8,6
37,32.8,2017,8,2
37.3,32.9,2017,8,2
38.2,35.8,2017,8,3
38.7,33.5,2017,8,2
38.7,34.7,2017,8,3
38.9,35.1,2017,8,3
38.9,35.5,2017,8,1
39.9,35.6,2017,8,5
40.2,37.9,2017,8,3
40.8,34.6,2017,8,5
40.9,34.4,2017,8,3
42.9,37.4,2017,8,1
43.1,40.5,2017,8,1
43.2,17.3,2017,8,2
43.3,16.9,2017,8,4
43.4,17.5,2017,8,1
43.6,13.1,2017,8,1
43.6,34.8,2017,8,1
44.5,39.1,2017,8,1
44.7,14.1,2017,8,2
45.4,14.2,2017,8,1
62.1,32.6,2017,8,1
62.5,31,2017,8,1
64.1,34.3,2017,8,1
64.9,35.3,2017,8,1
65.2,32,2017,8,1
65.5,36,2017,8,1
65.6,31.8,2017,8,3
65.8,36.1,2017,8,2
65.9,32.5,2017,8,1
66,32.6,2017,8,1
66.1,36.8,2017,8,1
66.3,36.9,2017,8,1
66.4,31,2017,8,1
67.1,32,2017,8,1
67.7,30.2,2017,8,1
67.8,32.9,2017,8,3
68,33.5,2017,8,3
68.3,33.4,2017,8,1
68.4,33.8,2017,8,2
68.6,33.5,2017,8,1
68.6,37,2017,8,1
68.7,34.5,2017,8,2
68.9,33.7,2017,8,2
69,37.1,2017,8,1
69.3,33.8,2017,8,2
69.3,36.3,2017,8,2
70,34.1,2017,8,2
70,34.2,2017,8,2
70.5,34,2017,8,1
70.6,37.6,2017,8,1
71.2,34.9,2017,8,1
71.4,34.3,2017,8,1
74.1,33.7,2017,8,5
74.5,31.9,2017,8,1
75.2,33.6,2017,8,3
6,36.8,2017,7,2
12.1,11,2017,7,2
12.7,13.1,2017,7,2
12.9,13.4,2017,7,1
13.5,13.2,2017,7,1
13.6,13,2017,7,2
14.2,11,2017,7,3
14.2,11.3,2017,7,4
14.4,27,2017,7,2
14.5,11.8,2017,7,2
15.1,32.4,2017,7,1
31.2,27.2,2017,7,1
36.1,35.7,2017,7,3
36.3,35.5,2017,7,6
36.4,34.9,2017,7,4
36.9,33.4,2017,7,4
37.5,34.7,2017,7,3
37.6,35.2,2017,7,1
37.7,36.5,2017,7,1
37.8,36.1,2017,7,1
38.4,36,2017,7,2
40,35.8,2017,7,1
40.7,35.5,2017,7,3
43.7,38.4,2017,7,1
43.9,14,2017,7,1
44.4,35.1,2017,7,2
44.4,36.9,2017,7,1
47.3,39.6,2017,7,2
49.1,10.6,2017,7,1
61.6,35.1,2017,7,1
64.2,31.5,2017,7,1
65.2,31.1,2017,7,2
65.8,32.7,2017,7,2
66,36.1,2017,7,1
67.4,25,2017,7,1
68,34.9,2017,7,1
68.1,32.9,2017,7,1
68.6,33.4,2017,7,1
68.9,33.2,2017,7,1
69.2,36.8,2017,7,1
69.7,34,2017,7,1
69.7,34.3,2017,7,1
69.9,33.8,2017,7,3
70,33.3,2017,7,3
70.3,34.3,2017,7,2
70.7,33.9,2017,7,2
72.4,34.2,2017,7,1
73.1,31.4,2017,7,2
74.1,34.3,2017,7,1
74.2,34.3,2017,7,3
74.2,34.4,2017,7,3
74.8,32.5,2017,7,4
-8,12.7,2017,6,1
-6,14.3,2017,6,1
-5,14.3,2017,6,1
-3.7,16.7,2017,6,1
-1.3,15.8,2017,6,4
0.9,19.5,2017,6,5
3.4,14.9,2017,6,1
12.5,11.2,2017,6,1
12.8,11.1,2017,6,3
13.1,13.5,2017,6,1
13.4,11.5,2017,6,2
13.5,10.8,2017,6,2
13.6,11,2017,6,2
14,11.3,2017,6,2
14.5,12.1,2017,6,2
30.8,27.6,2017,6,1
30.8,29.3,2017,6,3
36,33.2,2017,6,4
36,33.4,2017,6,3
36.4,34.3,2017,6,1
36.4,35.8,2017,6,3
36.6,35.1,2017,6,2
36.9,32.8,2017,6,3
36.9,34.5,2017,6,2
37,33,2017,6,2
37.1,35.1,2017,6,5
37.2,32.6,2017,6,2
37.3,35.2,2017,6,2
37.5,35.5,2017,6,1
37.8,34.2,2017,6,2
37.8,47.2,2017,6,5
38.6,48.7,2017,6,4
38.8,48.8,2017,6,2
39.7,35.1,2017,6,2
40.3,34.7,2017,6,1
40.7,34.8,2017,6,3
40.7,35.6,2017,6,1
41,33,2017,6,1
41,35.2,2017,6,2
43,33.5,2017,6,1
43.3,17,2017,6,1
43.3,36.2,2017,6,1
43.4,38.5,2017,6,2
43.5,14.9,2017,6,1
43.5,34.8,2017,6,1
43.8,34.5,2017,6,1
44.3,37.2,2017,6,1
44.5,16.9,2017,6,1
44.6,43.5,2017,6,2
46,43.2,2017,6,1
48.1,46.4,2017,6,3
61.6,32.7,2017,6,1
62.3,34.8,2017,6,1
62.7,31.5,2017,6,3
62.7,32.7,2017,6,1
65.7,31.2,2017,6,1
65.8,32.6,2017,6,1
66.2,35.8,2017,6,3
66.2,36,2017,6,4
66.7,32.6,2017,6,1
68.4,33.2,2017,6,1
68.5,33.3,2017,6,2
68.5,33.4,2017,6,3
68.9,33.3,2017,6,2
68.9,34,2017,6,3
69.1,34,2017,6,3
69.6,33.4,2017,6,1
69.6,34.1,2017,6,2
70.2,33,2017,6,1
70.3,34.8,2017,6,2
70.6,33.1,2017,6,1
70.7,37.4,2017,6,1
70.7,37.7,2017,6,2
71,34.2,2017,6,3
71.1,36.9,2017,6,1
71.4,34.8,2017,6,1
71.9,35,2017,6,1
74.1,33.8,2017,6,5
74.8,33.7,2017,6,3
79.9,37.1,2017,6,2
-5.6,15,2017,5,1
-4.3,15.8,2017,5,2
0.4,14.7,2017,5,1
1.5,16.5,2017,5,2
3.9,36.2,2017,5,1
4.5,16.9,2017,5,1
13.3,11.8,2017,5,2
13.8,10.6,2017,5,2
13.8,11.5,2017,5,2
14,12.5,2017,5,1
14.1,11.2,2017,5,3
14.1,12.1,2017,5,2
14.2,12,2017,5,1
14.3,12,2017,5,2
28.5,37.2,2017,5,1
34.1,30.5,2017,5,1
36,33,2017,5,2
36.1,33.3,2017,5,3
36.4,32.7,2017,5,3
36.4,35.6,2017,5,4
36.4,36,2017,5,3
36.6,35.7,2017,5,2
36.8,34.8,2017,5,3
36.8,36,2017,5,2
36.9,34.7,2017,5,3
37,35.8,2017,5,1
37,36.4,2017,5,3
37.1,34.8,2017,5,1
37.1,35.2,2017,5,2
37.1,36.4,2017,5,1
37.5,35.6,2017,5,2
37.5,36,2017,5,2
37.5,47.1,2017,5,4
37.5,48,2017,5,2
37.6,36.5,2017,5,1
37.7,36.1,2017,5,2
37.7,47.2,2017,5,1
37.8,34.8,2017,5,2
38.2,35.9,2017,5,3
38.3,35.8,2017,5,2
38.4,34.1,2017,5,2
38.6,34.6,2017,5,2
38.9,36,2017,5,5
39.3,48.6,2017,5,2
40.3,34.3,2017,5,1
41.6,43.9,2017,5,1
41.8,36.4,2017,5,1
42.4,34.1,2017,5,1
42.5,36.5,2017,5,1
43.4,17.4,2017,5,3
43.5,13.5,2017,5,1
44,12.8,2017,5,1
44.4,33.7,2017,5,1
45.9,43.1,2017,5,1
61.5,31.5,2017,5,1
62,32.4,2017,5,1
62.2,32.6,2017,5,1
62.2,33.4,2017,5,1
62.3,33.3,2017,5,1
62.8,31.6,2017,5,2
62.9,32.2,2017,5,1
63.1,35,2017,5,1
64.8,31.7,2017,5,1
64.8,36.1,2017,5,2
65,32.5,2017,5,2
65,36.2,2017,5,1
65.3,35.6,2017,5,3
65.5,36.2,2017,5,1
66.3,31.5,2017,5,1
66.3,36.7,2017,5,2
68.7,36.2,2017,5,2
68.9,34.4,2017,5,1
69,36.7,2017,5,1
69.1,34.3,2017,5,1
69.2,35.1,2017,5,1
69.3,32.8,2017,5,1
69.3,35.1,2017,5,1
69.4,32.9,2017,5,1
69.9,33.5,2017,5,2
70.4,37.3,2017,5,2
70.7,34.2,2017,5,1
70.8,36.2,2017,5,1
71,33.7,2017,5,2
71.1,34,2017,5,2
71.3,31,2017,5,1
71.5,35.3,2017,5,1
72,35.3,2017,5,1
72.3,30.9,2017,5,1
74,34.3,2017,5,2
74.1,34.7,2017,5,1
75,33.7,2017,5,2
75.1,33.8,2017,5,2
79.8,19.9,2017,5,1
-7.3,15.2,2017,4,1
-5,14.1,2017,4,1
-4.5,14.2,2017,4,1
-4.2,14.5,2017,4,1
-4.2,15,2017,4,1
-2.9,15,2017,4,1
0.3,17.8,2017,4,1
1,15.9,2017,4,1
2.1,15.9,2017,4,1
2.4,15.9,2017,4,2
3,15.4,2017,4,1
6.6,36.4,2017,4,3
8.9,35.3,2017,4,3
12.8,11.2,2017,4,2
12.9,11.3,2017,4,1
12.9,11.4,2017,4,2
13.1,11.8,2017,4,3
13.3,13.7,2017,4,1
13.7,32.7,2017,4,1
13.8,11.1,2017,4,3
14,12.1,2017,4,2
14,12.2,2017,4,1
14.8,32.4,2017,4,1
27.5,38.2,2017,4,1
30,31.2,2017,4,2
32.1,26.1,2017,4,1
32.8,25.8,2017,4,1
34,28.6,2017,4,2
34.1,11.2,2017,4,1
35.8,35.5,2017,4,2
36,33.5,2017,4,4
36.1,35.5,2017,4,2
36.2,32.5,2017,4,1
36.2,33.1,2017,4,3
36.2,33.7,2017,4,1
36.3,32.6,2017,4,4
36.4,33.4,2017,4,3
36.4,35.3,2017,4,2
36.5,32.6,2017,4,1
36.5,34.2,2017,4,1
36.5,35.9,2017,4,3
36.6,33.1,2017,4,2
36.6,33.5,2017,4,4
36.6,34,2017,4,1
36.9,32.5,2017,4,1
36.9,32.9,2017,4,1
37,33.9,2017,4,1
37,34.9,2017,4,1
37.1,35.8,2017,4,1
37.2,35.9,2017,4,1
37.3,32.7,2017,4,1
37.4,34.8,2017,4,2
37.5,34.6,2017,4,1
37.5,36.1,2017,4,1
37.5,47.9,2017,4,3
37.6,36.3,2017,4,2
37.7,33.8,2017,4,1
37.7,34.6,2017,4,1
37.8,34.7,2017,4,1
37.8,34.9,2017,4,1
37.9,34.5,2017,4,1
38,34.2,2017,4,1
38.1,34,2017,4,1
38.1,34.4,2017,4,1
38.1,37.8,2017,4,1
38.4,35.6,2017,4,1
38.5,34.7,2017,4,1
39,35.3,2017,4,1
39.5,34.5,2017,4,1
39.5,34.6,2017,4,1
39.5,48.7,2017,4,3
40.1,35.2,2017,4,1
40.5,34.6,2017,4,1
40.5,35.2,2017,4,1
40.6,35.3,2017,4,1
40.8,35.9,2017,4,1
42.5,37.8,2017,4,1
42.9,16.2,2017,4,2
43.2,15.1,2017,4,1
43.3,35.7,2017,4,2
43.4,37.2,2017,4,1
44.3,37.6,2017,4,1
44.5,34.9,2017,4,1
44.8,14.4,2017,4,1
45,14.5,2017,4,1
46.6,43.3,2017,4,3
46.7,43.7,2017,4,2
57.2,27.4,2017,4,1
61.2,34.2,2017,4,1
61.5,31.6,2017,4,1
62.7,31.4,2017,4,1
63.6,34.4,2017,4,1
65,36.8,2017,4,1
65.7,36,2017,4,2
65.9,36.3,2017,4,1
66.4,30.9,2017,4,1
67.1,33.5,2017,4,1
67.2,32.3,2017,4,1
67.5,36,2017,4,2
68.2,33.2,2017,4,1
68.5,34,2017,4,1
68.7,35.9,2017,4,3
68.8,34.1,2017,4,2
68.8,34.5,2017,4,1
68.8,36.3,2017,4,2
68.9,34.1,2017,4,1
69.2,34.4,2017,4,2
69.2,34.8,2017,4,1
69.2,34.9,2017,4,3
69.3,34.9,2017,4,2
69.3,36.2,2017,4,1
69.4,37.4,2017,4,1
69.8,34.9,2017,4,1
69.8,37.2,2017,4,1
70.1,34.3,2017,4,2
70.3,32.5,2017,4,1
70.6,32.9,2017,4,1
71.5,33.4,2017,4,1
74,34.1,2017,4,1
74.2,33.1,2017,4,4
74.2,34.5,2017,4,1
74.3,33.3,2017,4,1
74.3,34.4,2017,4,1
74.5,33.9,2017,4,1
74.8,34,2017,4,1
74.8,34.5,2017,4,1
74.9,34.7,2017,4,2
76.2,33.9,2017,4,1
-4.8,14.1,2017,3,1
-3.8,16.3,2017,3,1
-2.2,15,2017,3,1
0.2,17.2,2017,3,1
0.5,15.7,2017,3,4
0.9,19.9,2017,3,1
2.2,36.2,2017,3,1
3,28,2017,3,3
4.9,36.7,2017,3,1
8.6,35.5,2017,3,1
9,33.7,2017,3,1
12.3,11.8,2017,3,1
13.2,12.9,2017,3,3
13.5,12.7,2017,3,1
13.7,11.2,2017,3,1
14.2,12.2,2017,3,2
14.4,11.3,2017,3,1
14.4,11.8,2017,3,1
14.4,11.9,2017,3,1
14.4,12,2017,3,1
14.7,27.2,2017,3,1
19.4,19.6,2017,3,1
31.2,30.3,2017,3,2
31.4,29.8,2017,3,1
32,10,2017,3,1
32.7,10,2017,3,1
36.3,35.6,2017,3,2
36.4,35.2,2017,3,1
36.5,35.2,2017,3,2
36.6,32.5,2017,3,3
36.7,33.6,2017,3,6
36.7,36.1,2017,3,3
36.7,36.2,2017,3,1
36.8,48,2017,3,1
36.9,36,2017,3,1
37.2,35.5,2017,3,3
37.4,35.1,2017,3,1
37.4,35.9,2017,3,3
37.8,47.1,2017,3,3
37.9,47.2,2017,3,1
38.2,48.4,2017,3,3
38.4,48.3,2017,3,1
38.4,48.6,2017,3,3
38.5,35.8,2017,3,3
38.9,48.7,2017,3,2
39.1,36,2017,3,1
39.5,35.8,2017,3,1
40.5,38,2017,3,2
40.9,36.5,2017,3,1
43.1,13.3,2017,3,1
43.3,14.5,2017,3,1
43.3,17.2,2017,3,3
43.5,17.1,2017,3,1
43.7,33.2,2017,3,1
43.9,37.2,2017,3,1
44,37.5,2017,3,1
44.1,13.8,2017,3,1
44.2,13.9,2017,3,2
44.3,14.2,2017,3,1
44.4,13.9,2017,3,1
44.4,14,2017,3,1
44.4,15.1,2017,3,1
44.6,16.3,2017,3,1
44.7,13.7,2017,3,1
44.7,43,2017,3,1
45.2,36,2017,3,1
45.3,34.1,2017,3,1
47.6,42.9,2017,3,1
61.3,34.6,2017,3,1
61.5,34.3,2017,3,1
61.7,32.2,2017,3,1
62.1,33.3,2017,3,1
62.7,34.8,2017,3,1
62.8,34.2,2017,3,1
63.8,32.9,2017,3,1
63.8,33.2,2017,3,1
64,32.1,2017,3,2
64.3,35.7,2017,3,1
64.7,35.8,2017,3,1
65.2,35.9,2017,3,1
65.8,36.6,2017,3,1
65.9,31.5,2017,3,1
66,31.3,2017,3,1
66,37,2017,3,1
67.2,31.9,2017,3,3
67.7,32.5,2017,3,1
67.9,32.3,2017,3,1
67.9,33,2017,3,1
68.2,33.5,2017,3,1
68.3,35.5,2017,3,1
68.4,33.7,2017,3,1
68.7,36.3,2017,3,1
68.7,36.8,2017,3,1
68.9,36.2,2017,3,1
69.3,32.3,2017,3,1
69.4,32.1,2017,3,1
69.4,33.4,2017,3,1
69.5,33.3,2017,3,1
69.5,37.2,2017,3,4
69.7,34.6,2017,3,1
70,33.1,2017,3,1
70.1,34.9,2017,3,1
70.3,31.8,2017,3,1
70.6,34.5,2017,3,1
70.8,35.2,2017,3,1
71,34.4,2017,3,1
73.8,33.9,2017,3,1
73.9,34.4,2017,3,1
74.1,32.6,2017,3,1
74.1,33.5,2017,3,3
74.3,33,2017,3,1
74.4,34.3,2017,3,2
74.6,34,2017,3,1
74.8,33.9,2017,3,2
75.1,33.7,2017,3,2
75.3,33.9,2017,3,1
-4.9,14.5,2017,2,1
-4.4,14.4,2017,2,1
-4,14.7,2017,2,1
-3.9,13.2,2017,2,1
-1.4,17,2017,2,1
-0.8,16.1,2017,2,1
-0.2,14.4,2017,2,1
2.3,48.9,2017,2,1
2.7,33.6,2017,2,1
3.1,36.5,2017,2,1
3.9,36.4,2017,2,1
3.9,36.9,2017,2,1
4.8,36.1,2017,2,1
6.2,35.6,2017,2,1
6.7,36.3,2017,2,1
7,34.9,2017,2,1
8.1,34.7,2017,2,1
9.5,35,2017,2,1
12.3,11,2017,2,1
12.4,11.3,2017,2,1
12.4,12.8,2017,2,1
12.6,11.2,2017,2,1
12.6,12.6,2017,2,1
13,11.6,2017,2,1
13.1,11.2,2017,2,2
13.5,13.4,2017,2,1
13.6,11.4,2017,2,1
13.7,11.7,2017,2,1
13.8,11,2017,2,1
13.9,11.5,2017,2,1
13.9,11.6,2017,2,1
14.1,11,2017,2,2
14.1,11.9,2017,2,1
14.2,11.4,2017,2,2
14.3,12.6,2017,2,1
14.5,11,2017,2,1
14.5,11.9,2017,2,1
23.6,15.4,2017,2,1
24.7,11.5,2017,2,1
25,27.5,2017,2,1
29.7,11,2017,2,1
30.2,30.4,2017,2,1
30.9,29.9,2017,2,1
31,30.9,2017,2,1
32.8,39.9,2017,2,1
35.8,33.1,2017,2,1
36,35.6,2017,2,2
36.1,32.9,2017,2,2
36.2,33.2,2017,2,2
36.2,33.5,2017,2,1
36.3,35.3,2017,2,1
36.3,35.4,2017,2,2
36.4,32.6,2017,2,2
36.4,33,2017,2,1
36.4,35.7,2017,2,2
36.6,34.5,2017,2,4
36.7,33.7,2017,2,4
36.7,35,2017,2,1
36.8,35,2017,2,1
36.8,35.7,2017,2,2
36.9,35.7,2017,2,1
36.9,36.2,2017,2,1
37,35,2017,2,1
37,35.5,2017,2,2
37.1,35.5,2017,2,1
37.2,36.1,2017,2,1
37.3,34.9,2017,2,2
37.3,35.8,2017,2,3
37.4,35.5,2017,2,1
37.6,47.9,2017,2,1
37.6,48,2017,2,2
37.6,48.1,2017,2,2
37.8,48.1,2017,2,1
37.9,36.3,2017,2,1
38,36.5,2017,2,8
38.3,36.6,2017,2,1
38.4,34.7,2017,2,1
38.4,48.5,2017,2,2
38.5,36.6,2017,2,1
38.5,48.6,2017,2,2
39,36.7,2017,2,1
39.2,39.1,2017,2,1
39.6,34.4,2017,2,1
39.8,37.2,2017,2,1
40.2,35.2,2017,2,2
40.3,37.4,2017,2,1
41.4,38.1,2017,2,1
42.4,38.3,2017,2,1
43.3,16.8,2017,2,2
43.3,37.4,2017,2,1
43.5,17.7,2017,2,2
43.5,35.3,2017,2,1
43.5,44.7,2017,2,1
43.6,37.3,2017,2,2
43.7,13.5,2017,2,1
44,35.4,2017,2,1
44.1,35.5,2017,2,1
44.1,35.7,2017,2,1
44.1,39.5,2017,2,1
44.2,35.2,2017,2,1
44.5,15.8,2017,2,1
44.5,16.2,2017,2,1
44.6,15.8,2017,2,1
44.8,15.8,2017,2,1
44.9,14.5,2017,2,1
44.9,34.2,2017,2,1
45,36.5,2017,2,3
45,37.5,2017,2,1
45.1,36.7,2017,2,2
45.2,34.3,2017,2,2
45.4,14,2017,2,2
45.7,14,2017,2,1
46.3,35.7,2017,2,1
46.4,43.1,2017,2,1
46.7,43.9,2017,2,1
47.4,39.6,2017,2,1
61.7,25,2017,2,1
61.7,32.7,2017,2,1
62.2,32.2,2017,2,1
62.2,35,2017,2,1
62.3,34.2,2017,2,1
62.4,31.3,2017,2,1
62.5,34.9,2017,2,1
62.9,34.9,2017,2,1
63.3,33.8,2017,2,2
63.4,32.2,2017,2,1
64.1,31.5,2017,2,2
64.6,35.3,2017,2,2
64.9,36.1,2017,2,1
64.9,36.5,2017,2,1
65.5,36.3,2017,2,1
65.8,31.6,2017,2,1
66.2,33.8,2017,2,1
66.5,36.8,2017,2,1
67.7,36.7,2017,2,1
67.9,32.2,2017,2,1
69,37.2,2017,2,1
69.1,34.5,2017,2,1
69.3,32.5,2017,2,1
69.3,35,2017,2,1
69.4,34.4,2017,2,1
69.4,34.5,2017,2,1
70,33,2017,2,1
70.1,32.3,2017,2,1
70.2,32.1,2017,2,1
70.2,34.3,2017,2,2
70.3,33.7,2017,2,1
70.3,34.5,2017,2,1
70.4,34.6,2017,2,1
70.5,34.2,2017,2,1
70.7,36.9,2017,2,3
71.1,34.8,2017,2,1
73.7,34.2,2017,2,1
73.9,33.6,2017,2,1
73.9,34.3,2017,2,1
74.1,33.1,2017,2,1
74.1,34.2,2017,2,1
74.5,32.5,2017,2,1
74.5,34.4,2017,2,1
74.6,32.6,2017,2,1
74.6,32.7,2017,2,1
74.9,32.5,2017,2,2
74.9,34.2,2017,2,1
-7.5,14.8,2017,1,1
-6.5,12.8,2017,1,1
-5.4,14,2017,1,1
-4.8,13.9,2017,1,1
-4.4,13.7,2017,1,1
-3.7,14.2,2017,1,1
-3.4,16.6,2017,1,1
-3.1,14.1,2017,1,1
-2.8,15.1,2017,1,1
-2.4,15.1,2017,1,1
-2.2,14.5,2017,1,1
0.7,15,2017,1,1
8.5,36.2,2017,1,1
8.7,35.2,2017,1,1
8.8,35.2,2017,1,1
12.5,10.7,2017,1,1
12.6,11,2017,1,1
13.4,11.7,2017,1,1
13.6,11.1,2017,1,1
13.6,11.5,2017,1,1
14,11.4,2017,1,1
14.2,11.2,2017,1,1
14.5,12.6,2017,1,1
14.6,11.4,2017,1,1
17.4,28,2017,1,1
24.2,14.6,2017,1,1
24.6,13.3,2017,1,1
27.4,37,2017,1,1
29,41,2017,1,1
31.6,31.2,2017,1,1
31.8,31.4,2017,1,1
34.6,36.8,2017,1,1
35.2,31.7,2017,1,1
36,32.9,2017,1,2
36.1,33.2,2017,1,1
36.2,33,2017,1,1
36.2,36.2,2017,1,1
36.3,33,2017,1,1
36.3,33.1,2017,1,1
36.3,33.6,2017,1,1
36.3,33.8,2017,1,1
36.4,35.1,2017,1,1
36.4,36.1,2017,1,1
36.5,33.4,2017,1,1
36.5,33.7,2017,1,1
36.5,34.8,2017,1,1
36.6,34.6,2017,1,1
36.6,36,2017,1,1
36.6,36.1,2017,1,1
36.7,33.1,2017,1,1
36.7,34,2017,1,1
36.7,36.6,2017,1,1
36.8,34.2,2017,1,1
36.9,35.9,2017,1,1
37,33.5,2017,1,1
37,34.6,2017,1,1
37,36.5,2017,1,2
37,36.6,2017,1,1
37.1,34.3,2017,1,1
37.1,35.4,2017,1,1
37.1,35.6,2017,1,1
37.2,35.3,2017,1,1
37.2,36.6,2017,1,3
37.3,35.5,2017,1,1
37.4,35.8,2017,1,1
37.4,36.2,2017,1,1
37.4,36.4,2017,1,1
37.5,34.9,2017,1,1
37.5,35.9,2017,1,1
37.5,47.5,2017,1,1
37.5,48.4,2017,1,1
37.7,34.8,2017,1,1
37.7,47.6,2017,1,1
37.7,47.8,2017,1,1
37.8,36.4,2017,1,1
37.8,47.3,2017,1,1
37.8,48.3,2017,1,1
37.9,47.1,2017,1,1
37.9,48.2,2017,1,1
38,36.8,2017,1,1
38,38.5,2017,1,1
38.1,48.1,2017,1,1
38.1,48.9,2017,1,1
38.3,48.4,2017,1,1
38.4,48.8,2017,1,1
38.5,48.5,2017,1,1
38.6,48.6,2017,1,1
38.7,35.8,2017,1,1
38.8,48.7,2017,1,1
39,48.6,2017,1,1
39.1,35.9,2017,1,1
39.1,48.8,2017,1,1
39.2,35.7,2017,1,1
41.7,36.4,2017,1,1
42,45,2017,1,1
42.3,37.9,2017,1,1
42.5,37.5,2017,1,1
42.7,15.3,2017,1,1
43.1,17,2017,1,1
43.2,16.2,2017,1,1
43.2,36.4,2017,1,1
43.2,37.6,2017,1,1
43.4,13.7,2017,1,1
43.5,33.6,2017,1,1
43.7,13.1,2017,1,1
43.7,37.6,2017,1,1
43.8,39,2017,1,1
43.9,13.3,2017,1,1
43.9,14.5,2017,1,1
44,15.2,2017,1,1
44,38.7,2017,1,1
44.1,16.5,2017,1,1
44.1,37.1,2017,1,1
44.2,14,2017,1,1
44.2,14.1,2017,1,1
44.2,15.5,2017,1,1
44.2,32.9,2017,1,1
44.3,13.3,2017,1,1
44.3,14.3,2017,1,1
44.3,15.5,2017,1,1
44.4,16.2,2017,1,1
44.4,16.9,2017,1,1
44.5,36.6,2017,1,1
44.5,39.3,2017,1,1
44.6,14.2,2017,1,1
44.8,17.2,2017,1,1
44.9,15.6,2017,1,1
45.4,16.8,2017,1,1
45.5,14,2017,1,1
45.9,18.2,2017,1,1
46.5,42.7,2017,1,1
46.8,40.4,2017,1,1
46.9,40.2,2017,1,1
46.9,43.2,2017,1,1
48.3,42.1,2017,1,1
49.4,10.9,2017,1,1
61.3,31.7,2017,1,1
61.5,26.1,2017,1,1
61.9,31,2017,1,1
62.8,31.5,2017,1,1
63.1,26,2017,1,1
64,35.7,2017,1,1
64.2,26.7,2017,1,1
64.9,35.7,2017,1,1
64.9,36,2017,1,1
64.9,36.7,2017,1,1
65.3,34.5,2017,1,1
65.4,36.1,2017,1,1
66.1,30.2,2017,1,1
67.4,36.1,2017,1,1
67.5,32.9,2017,1,1
67.5,35.9,2017,1,1
67.9,33.2,2017,1,1
68,36.3,2017,1,1
68.2,33.6,2017,1,1
68.4,37,2017,1,1
68.6,34.1,2017,1,1
68.7,35,2017,1,1
68.8,36.4,2017,1,1
68.9,32.9,2017,1,1
68.9,35,2017,1,1
69,34.8,2017,1,1
69.1,33,2017,1,1
69.1,33.5,2017,1,1
69.1,33.6,2017,1,1
69.1,35.1,2017,1,1
69.3,33.2,2017,1,1
69.4,33.5,2017,1,1
69.5,35.1,2017,1,1
69.6,32.3,2017,1,1
69.7,33.4,2017,1,1
69.8,33.4,2017,1,1
70,33.2,2017,1,1
70,34.3,2017,1,1
70.2,33.4,2017,1,1
70.2,34.4,2017,1,1
70.3,34.4,2017,1,1
70.4,30.6,2017,1,1
70.4,37.7,2017,1,1
70.5,31.9,2017,1,1
70.5,33.4,2017,1,1
70.6,33,2017,1,1
70.6,34.6,2017,1,1
70.9,34.7,2017,1,1
73.4,61.2,2017,1,1
73.9,33.4,2017,1,1
73.9,33.9,2017,1,1
74,33.3,2017,1,1
74.1,33.3,2017,1,1
74.1,33.4,2017,1,1
74.1,33.9,2017,1,1
74.2,34.1,2017,1,1
74.3,34.3,2017,1,1
74.4,34.4,2017,1,1
74.5,33.1,2017,1,1
74.5,34,2017,1,1
74.6,33.9,2017,1,1
74.6,34.4,2017,1,1
74.7,34,2017,1,1
74.8,31.8,2017,1,1
74.9,33.7,2017,1,1
74.9,33.9,2017,1,1
75,32,2017,1,1
75.1,33.4,2017,1,1
75.2,33.8,2017,1,1
75.4,32.2,2017,1,1
-3,20,2017,0,1
-2.2,15.1,2017,0,1
-1.1,14.8,2017,0,1
-0.9,14.7,2017,0,1
0.7,15.3,2017,0,1
1.4,15.8,2017,0,2
2.3,20,2017,0,1
7.8,35,2017,0,1
8.9,35.1,2017,0,1
14.1,12.3,2017,0,3
14.2,12.3,2017,0,1
14.3,12.1,2017,0,1
14.3,12.2,2017,0,1
24.7,13.1,2017,0,1
25.1,13.3,2017,0,1
25.5,16,2017,0,1
29.4,22.1,2017,0,1
35.9,33,2017,0,1
35.9,35.2,2017,0,1
36.2,34.7,2017,0,1
36.4,32.8,2017,0,1
36.5,34.6,2017,0,1
36.9,36.5,2017,0,1
37.1,36.5,2017,0,1
37.2,36.3,2017,0,1
37.3,36.5,2017,0,1
39,36.1,2017,0,1
39,36.2,2017,0,1
40,35.9,2017,0,3
40.4,35.9,2017,0,2
40.5,35.3,2017,0,1
41.5,37,2017,0,1
44.1,17.5,2017,0,2
44.9,43.3,2017,0,1
45.1,37.6,2017,0,1
45.3,43.6,2017,0,1
46.6,43.2,2017,0,1
46.7,42.8,2017,0,1
47.6,42.6,2017,0,1
62,27.3,2017,0,1
63.2,34.4,2017,0,1
64.9,37,2017,0,1
65.3,35.9,2017,0,1
65.5,31.6,2017,0,1
66.3,35.8,2017,0,1
68.9,36.6,2017,0,1
69.1,34.9,2017,0,1
69.7,32.3,2017,0,1
71.2,37.1,2017,0,1
36.4,33.5,2018,2802,337
43,14.8,2018,1602,61
38,35,2018,1261,29
36.4,33.6,2018,1238,192
36.3,33.5,2018,967,152
43.2,14.9,2018,799,31
68.4,33.5,2018,639,16
70.4,34.1,2018,548,128
62.1,32.4,2018,538,36
37.2,33,2018,534,68
35.9,32.8,2018,482,15
67.8,33.3,2018,416,47
36.9,32.8,2018,390,2
69.2,34.5,2018,390,38
65,31.6,2018,383,25
70.4,34.3,2018,343,78
65.9,32.6,2018,331,40
69.2,37,2018,329,23
64.6,31.8,2018,318,47
64.4,31.6,2018,312,43
68.4,33.3,2018,306,43
33.7,30.5,2018,296,27
65.4,36,2018,242,26
66,32.8,2018,226,41
36.2,32.9,2018,225,6
43.9,17.1,2018,225,15
70.1,34.2,2018,209,51
66.7,33,2018,208,23
65,33,2018,200,22
66.6,36.8,2018,200,16
36.5,33.5,2018,196,33
43.2,14.1,2018,196,9
68,33.5,2018,196,14
62.8,32.8,2018,195,28
64.8,36.2,2018,193,47
70.7,34.1,2018,193,74
65.8,31,2018,191,35
33.8,31.1,2018,190,24
62.1,32.8,2018,188,10
65,32.1,2018,184,23
42.6,36.2,2018,181,34
62.1,32.5,2018,181,12
63.9,31.6,2018,181,36
68.6,36.7,2018,181,17
64,31,2018,176,56
62.5,32.5,2018,174,31
68,33.2,2018,173,19
67.8,32.9,2018,166,17
66.6,36.5,2018,161,16
65,36.1,2018,157,16
66.3,32.9,2018,157,13
43.5,17.4,2018,156,4
66.1,37.3,2018,155,5
67.3,31.4,2018,155,7
43.1,14.7,2018,153,7
40.9,34.5,2018,152,12
69.7,34.8,2018,152,10
44,13.5,2018,151,8
67.6,32.7,2018,150,14
67.2,32.2,2018,148,35
67.5,33.1,2018,146,6
65.1,36.5,2018,142,17
71.3,36.4,2018,142,3
36.9,35.8,2018,140,3
64.8,36.3,2018,140,27
36.7,35.8,2018,136,19
70.6,34.3,2018,136,44
71.3,35.5,2018,135,20
44,13.6,2018,134,11
69.3,37.1,2018,133,10
70.8,34.3,2018,131,34
62.5,32.6,2018,128,11
68.9,37.1,2018,125,13
71.1,35,2018,123,21
37,35.4,2018,121,3
66,32.1,2018,121,6
68.6,36.3,2018,119,11
62.6,32.8,2018,118,7
70.5,34.4,2018,117,18
40.2,34.4,2018,116,11
67.4,31.7,2018,114,3
40.3,34.9,2018,112,8
63.8,35.7,2018,112,10
65.5,32.6,2018,112,17
70.4,34.8,2018,111,18
68.3,33.6,2018,110,11
68.4,33.7,2018,110,8
43.5,13.9,2018,109,2
45.4,15.4,2018,109,7
70.8,34.1,2018,106,35
39.5,34.5,2018,104,9
62.2,32.5,2018,104,10
68.6,36,2018,104,13
70.6,34,2018,103,7
13.4,13.4,2018,102,4
65.3,35.8,2018,102,1
45,36.5,2018,100,9
68.6,37,2018,99,11
37.1,35.7,2018,98,14
69.6,35,2018,96,17
67.1,33.5,2018,95,4
68.3,34.2,2018,93,1
68.7,33.5,2018,93,14
36.6,35.3,2018,92,43
62.9,34.9,2018,91,8
71,35.2,2018,90,10
71.3,34.9,2018,90,1
67.2,33.3,2018,89,5
36,33.1,2018,87,14
66.6,31.5,2018,87,7
66.7,32.6,2018,87,8
36.7,36,2018,86,32
69.4,37,2018,86,9
70.6,34.2,2018,86,66
38.6,48.1,2018,85,55
44.2,35.2,2018,85,11
70.2,34.2,2018,85,7
70.1,34.3,2018,84,7
65.5,36,2018,83,4
65.3,35.6,2018,82,7
68.7,33.9,2018,81,7
69,33.5,2018,81,3
65.9,32.1,2018,80,1
69,33.4,2018,80,9
70.2,34.7,2018,80,14
70.8,35.9,2018,80,3
33.7,29.9,2018,79,8
68.1,32.9,2018,79,8
68.4,36.9,2018,79,6
69,35.8,2018,78,24
69.8,33.7,2018,78,4
37.2,36.2,2018,77,39
44.2,15.4,2018,77,7
64.9,36.2,2018,77,7
67.9,32.3,2018,77,6
68.2,32.7,2018,77,1
40.9,34.6,2018,76,6
67,32.5,2018,76,9
69,34,2018,76,16
69.2,34,2018,76,24
70.2,34.8,2018,76,20
43.8,35.3,2018,75,5
61.7,32.8,2018,75,3
68.8,36.8,2018,75,21
70.1,34.8,2018,75,15
43.1,36.3,2018,74,11
36.9,35.5,2018,73,10
69.8,34.3,2018,73,8
13.4,11.2,2018,72,12
37.7,48.1,2018,71,44
62,34.5,2018,71,21
68.3,33.1,2018,71,10
70.9,34.7,2018,71,11
70.9,35,2018,71,17
36.8,36,2018,70,4
63.8,33.2,2018,69,2
65.9,36.2,2018,69,3
68.1,33.2,2018,69,4
36.8,32.9,2018,68,9
40.8,34.7,2018,68,7
36.9,36.1,2018,67,4
64.3,36,2018,67,10
64.7,32.5,2018,67,4
13.8,13,2018,66,6
36.6,35.9,2018,66,12
66.9,32.1,2018,66,7
68.7,36.3,2018,66,4
42.6,37.4,2018,65,26
64.3,35.6,2018,65,10
61.3,32.4,2018,64,5
64.3,34.1,2018,64,6
43.1,14.3,2018,63,3
63.6,34.8,2018,63,9
63.8,35,2018,63,18
65.7,31.6,2018,63,17
62.6,32.7,2018,62,5
67,30.2,2018,62,10
67,36.8,2018,62,19
36.8,35.6,2018,61,12
66.5,32.2,2018,61,10
71,34.1,2018,61,34
13.5,13.5,2018,60,4
36.5,35.4,2018,60,19
65,31.5,2018,60,1
69.3,33.7,2018,60,22
36.1,32.6,2018,59,34
67.4,32.5,2018,58,11
36.6,35.6,2018,57,16
36.9,34.9,2018,57,16
13.7,14,2018,56,1
36.8,35.9,2018,56,19
64.8,35.8,2018,56,9
65.4,36.2,2018,56,3
36.7,34.8,2018,55,41
62.5,31,2018,55,18
68.5,33.4,2018,55,7
69.4,33.8,2018,55,1
69.6,33.8,2018,55,4
36.5,35.5,2018,54,21
43.4,14.3,2018,54,7
64.9,36.4,2018,54,7
69.6,34.2,2018,54,2
36.2,35.7,2018,53,9
36.3,35.7,2018,53,9
43.2,37,2018,53,10
64.8,35.6,2018,53,11
64.9,31.6,2018,53,5
64.9,36.3,2018,53,9
68.8,32.4,2018,53,17
44.5,36.6,2018,52,6
66.8,37.1,2018,52,6
67.5,36,2018,52,2
68.7,33.7,2018,52,7
12.7,13.1,2018,51,1
36.7,35.6,2018,51,27
36.8,32.7,2018,51,3
39.5,39.1,2018,51,17
43.6,17.1,2018,51,1
63.1,35.2,2018,51,8
65.5,32.9,2018,51,8
70.8,34.2,2018,51,28
14.1,11.5,2018,50,7
62.9,32.2,2018,50,7
63.3,35.6,2018,50,1
64.2,35.6,2018,50,6
64.9,35.3,2018,50,5
69.2,33.2,2018,50,1
36.3,35.8,2018,49,24
66.1,33.6,2018,49,3
69.6,40.3,2018,49,1
2,15.4,2018,48,5
12.1,12,2018,48,1
40.3,35.2,2018,48,14
62.2,33.3,2018,48,1
63.1,34.8,2018,48,5
70.9,36.7,2018,48,3
43.1,16.3,2018,47,4
69.1,33.5,2018,47,4
69.3,32.7,2018,47,3
64.3,31.7,2018,46,10
12.5,12.6,2018,45,1
36,32.9,2018,45,9
45.4,14.4,2018,45,3
64.9,36.1,2018,45,7
65.2,32,2018,45,2
66.2,35.8,2018,45,11
69.2,34.2,2018,45,8
68.2,33.6,2018,44,4
68.2,35.4,2018,44,2
36,35.8,2018,43,3
36.3,32.8,2018,43,17
36.5,36.2,2018,43,2
40.5,35,2018,43,13
65.6,32.4,2018,43,1
-2.2,15.1,2018,42,4
15.7,23.3,2018,42,2
36.7,34.9,2018,42,24
65.5,32,2018,42,6
68.3,33.7,2018,42,1
69.9,33.4,2018,42,17
71.4,35.1,2018,42,2
36.2,32.6,2018,41,19
49.1,10.9,2018,41,1
70.7,37.4,2018,41,4
14,12.6,2018,40,1
36.3,32.6,2018,40,6
44.1,37.5,2018,40,16
45.3,14.3,2018,40,1
63.1,35,2018,40,4
68.7,35.9,2018,40,7
70.3,34.4,2018,40,8
24.6,12.9,2018,39,6
36.7,35.4,2018,39,22
41.8,33,2018,39,4
64.2,31,2018,39,1
69.7,37.4,2018,39,8
40.5,34.5,2018,38,4
63.3,34.4,2018,38,4
64.7,35.4,2018,38,3
68.2,37,2018,38,2
69.7,33.9,2018,38,2
36.2,35.6,2018,37,15
43.3,35.5,2018,37,3
62.3,32.5,2018,37,3
62.5,32.7,2018,37,3
65.5,36.1,2018,37,3
69.4,37.2,2018,37,4
71,34.2,2018,37,6
36,32.8,2018,36,9
43.1,14.1,2018,36,2
43.4,34.9,2018,36,1
62,32.4,2018,36,4
65.8,36.8,2018,36,4
68.4,33.4,2018,36,6
68.4,35.3,2018,36,5
70.8,35.3,2018,36,4
-4.4,15.2,2018,35,1
24.4,12.8,2018,35,3
36.6,35.8,2018,35,12
36.7,35.3,2018,35,11
36.8,35.8,2018,35,8
37.1,36.3,2018,35,21
40.3,34.7,2018,35,1
40.5,38,2018,35,16
42.5,37.9,2018,35,5
61.5,32.3,2018,35,1
61.9,32.1,2018,35,2
74.9,33.7,2018,35,7
34.4,30.7,2018,34,1
43.6,35.8,2018,34,6
65.1,35.1,2018,34,5
13.2,12.9,2018,33,4
13.3,13.5,2018,33,8
36.6,35.4,2018,33,25
36.8,35.7,2018,33,13
39.8,34.5,2018,33,3
44.4,35.5,2018,33,4
62.5,33,2018,33,2
62.8,34.2,2018,33,5
66.2,31,2018,33,4
68.6,34.5,2018,33,2
68.8,32.9,2018,33,4
13.2,11.8,2018,32,9
64,35.7,2018,32,1
64,35.8,2018,32,1
64.9,32.1,2018,32,2
67.5,32.9,2018,32,2
69.8,33.3,2018,32,3
36.1,35.8,2018,31,4
37,35.6,2018,31,4
37.2,34.1,2018,31,3
39.3,34.3,2018,31,1
39.5,34.2,2018,31,1
40.4,35.2,2018,31,8
43.1,14.6,2018,31,2
44.6,15.8,2018,31,2
65.5,32.7,2018,31,1
24.5,12.9,2018,30,4
37,33.1,2018,30,5
37,35.9,2018,30,8
45.4,14.3,2018,30,8
64.4,32.5,2018,30,1
65,31.8,2018,30,1
67.8,32.5,2018,30,1
70.2,34.3,2018,30,2
70.5,34.1,2018,30,3
24,13.1,2018,29,3
37.2,35.2,2018,29,20
37.7,33.8,2018,29,1
38.7,33.5,2018,29,2
62.9,31.7,2018,29,6
68.2,33.4,2018,29,4
69.5,37.2,2018,29,3
69.7,34,2018,29,2
13.2,32.9,2018,28,3
24.5,13.1,2018,28,4
49.4,10.9,2018,28,2
62.3,33.4,2018,28,2
64,34.4,2018,28,5
64.1,31.3,2018,28,6
66.1,32.4,2018,28,2
68.8,35,2018,28,4
68.8,36.3,2018,28,3
69.1,36.6,2018,28,5
69.2,34.6,2018,28,1
24.3,12.5,2018,27,1
34.5,31.5,2018,27,16
38.7,34.5,2018,27,2
40.1,35.4,2018,27,4
44.3,37.2,2018,27,6
62.1,33.3,2018,27,2
62.2,33.2,2018,27,2
64.9,36,2018,27,4
65.9,32.7,2018,27,6
66.5,31.9,2018,27,4
68.5,35.8,2018,27,2
68.6,33.4,2018,27,4
69.8,36.7,2018,27,10
13.3,13.4,2018,26,3
24.3,12.9,2018,26,6
35.9,32.7,2018,26,4
36.4,32.9,2018,26,10
36.6,35.5,2018,26,10
36.7,35.5,2018,26,14
36.8,35.1,2018,26,1
36.8,35.5,2018,26,10
62.4,33.2,2018,26,7
68,34.2,2018,26,9
68.5,33.3,2018,26,4
70.7,35,2018,26,6
37,35.7,2018,25,7
41,35.7,2018,25,1
44.2,13.4,2018,25,2
64.1,30.9,2018,25,5
65.8,36.2,2018,25,3
66,32.9,2018,25,2
66.9,36.8,2018,25,2
69.9,33.8,2018,25,4
70.4,34.2,2018,25,5
71.4,35,2018,25,4
74.9,33.8,2018,25,9
13.6,12.6,2018,24,3
66.3,35.8,2018,24,5
68.7,36.2,2018,24,2
69,33.1,2018,24,3
69.9,33.5,2018,24,4
70.3,34.1,2018,24,13
72,36.8,2018,24,9
14.3,12.6,2018,23,2
36.8,34.9,2018,23,12
42.3,37.2,2018,23,1
42.3,37.9,2018,23,8
45.2,14.3,2018,23,1
48.9,11,2018,23,4
65.5,36.3,2018,23,2
68.4,33.6,2018,23,6
69.2,36.2,2018,23,4
69.4,36.8,2018,23,3
12,11.7,2018,22,1
13.5,13.4,2018,22,2
36.2,35.8,2018,22,19
37,35.8,2018,22,10
37.1,36.1,2018,22,10
37.1,36.2,2018,22,10
37.6,34.5,2018,22,3
38.9,34.9,2018,22,3
43.3,15.7,2018,22,1
43.3,16.7,2018,22,7
44,37,2018,22,7
44.4,17.2,2018,22,2
62.7,32.7,2018,22,1
64.5,35.8,2018,22,3
64.8,35.4,2018,22,1
68.3,32.3,2018,22,4
68.5,33.5,2018,22,5
69.9,34.3,2018,22,2
71.5,35.3,2018,22,3
-1.5,12.4,2018,21,3
14.5,12.3,2018,21,2
14.7,13.5,2018,21,1
36.5,32.5,2018,21,2
36.6,35.2,2018,21,2
43.2,16,2018,21,1
43.3,14.6,2018,21,1
64.7,36,2018,21,3
65.8,36.1,2018,21,3
66,32.4,2018,21,2
67.2,31.9,2018,21,3
73.9,34.4,2018,21,9
36.1,32.7,2018,20,8
36.2,36.5,2018,20,4
43,36.4,2018,20,1
43.6,13.4,2018,20,1
43.8,16.9,2018,20,5
44.4,36.9,2018,20,1
45.1,37,2018,20,2
62.1,32.6,2018,20,3
66.8,33.1,2018,20,1
69,37.1,2018,20,5
69.4,36.4,2018,20,3
69.7,32.9,2018,20,4
71.2,35,2018,20,4
74.5,33.1,2018,20,7
13.6,12.9,2018,19,2
30,28.1,2018,19,1
36.5,34.9,2018,19,13
36.9,35,2018,19,8
39,48.9,2018,19,14
44.4,33.3,2018,19,4
62.2,32.7,2018,19,1
64,33.1,2018,19,2
65,34,2018,19,6
65.8,36.4,2018,19,3
66.5,31.6,2018,19,1
66.9,36.3,2018,19,1
70.5,35.1,2018,19,4
70.8,36.7,2018,19,3
71.1,34.8,2018,19,5
-4.3,15.8,2018,18,1
-3,16.8,2018,18,3
36.2,37.2,2018,18,4
36.4,35.9,2018,18,7
36.5,35.8,2018,18,6
36.6,34.8,2018,18,9
36.7,33.1,2018,18,1
36.9,35.6,2018,18,7
37,33,2018,18,1
43.4,14.1,2018,18,4
61.6,35.1,2018,18,3
62.8,31.5,2018,18,1
64.7,31.9,2018,18,2
65.2,31.5,2018,18,2
65.5,31.9,2018,18,1
65.6,33.2,2018,18,1
66.1,30.2,2018,18,1
66.3,31.8,2018,18,3
66.5,36.8,2018,18,3
66.5,37.3,2018,18,2
67.6,32.2,2018,18,2
67.8,33,2018,18,1
68.7,34,2018,18,1
69,36,2018,18,3
74.8,34.1,2018,18,9
-5,14.6,2018,17,2
12.1,11.7,2018,17,1
13,13,2018,17,1
14.5,13.5,2018,17,1
36.8,35.4,2018,17,10
37.2,35.4,2018,17,6
37.2,36,2018,17,7
40.8,39.1,2018,17,5
41,34.5,2018,17,8
45,34,2018,17,5
46.3,35.5,2018,17,1
62,33.7,2018,17,3
63,34.3,2018,17,1
64.2,31.5,2018,17,2
64.9,31.5,2018,17,1
64.9,37,2018,17,2
65.2,30.1,2018,17,1
66.3,36.7,2018,17,6
69.8,34,2018,17,1
69.9,33.3,2018,17,1
69.9,34.6,2018,17,2
70.1,34.7,2018,17,4
12,11.2,2018,16,2
12.8,11.8,2018,16,2
34,29.5,2018,16,4
36,35.7,2018,16,12
36.1,33,2018,16,4
36.2,33.4,2018,16,2
36.4,35.6,2018,16,8
36.4,35.7,2018,16,9
36.9,32.9,2018,16,2
40.6,34.8,2018,16,5
62.7,34.3,2018,16,1
63.5,34.9,2018,16,2
65.8,36.5,2018,16,3
67.8,31.8,2018,16,1
68.9,36.7,2018,16,6
69.3,36.2,2018,16,1
69.5,37.5,2018,16,5
69.9,37.4,2018,16,1
70.1,33.6,2018,16,2
70.4,36.8,2018,16,2
71.1,36.9,2018,16,3
74.9,33.6,2018,16,2
1.8,14.9,2018,15,1
2.3,20,2018,15,2
2.7,15,2018,15,1
36.3,35.4,2018,15,4
36.4,32.6,2018,15,2
42.1,36.8,2018,15,2
43.6,14,2018,15,1
43.6,34.5,2018,15,4
44.3,13.4,2018,15,1
44.5,34.6,2018,15,3
63.1,35.8,2018,15,2
63.2,34.8,2018,15,3
65.2,35.7,2018,15,2
65.6,31.6,2018,15,2
66.1,36.1,2018,15,4
66.4,36,2018,15,3
66.5,36.1,2018,15,2
66.5,36.7,2018,15,3
66.6,32.9,2018,15,3
67.2,31.6,2018,15,1
67.9,33,2018,15,2
69.3,32.9,2018,15,1
70.3,36.9,2018,15,1
74.8,33.7,2018,15,4
75.1,33.9,2018,15,7
0,17.8,2018,14,1
2.1,15.4,2018,14,1
2.1,15.9,2018,14,3
13.6,12.7,2018,14,1
13.7,11.2,2018,14,1
13.9,11.3,2018,14,2
36,33,2018,14,1
36.4,32.5,2018,14,1
41.2,37.1,2018,14,1
43,16,2018,14,2
43.6,35.2,2018,14,2
63.4,34.7,2018,14,2
65.3,34.5,2018,14,4
66.1,30.5,2018,14,1
66.7,32.3,2018,14,1
68.1,31.7,2018,14,1
68.5,33.7,2018,14,1
68.9,33.8,2018,14,3
69,36.7,2018,14,5
71.1,34.9,2018,14,4
71.3,35.8,2018,14,2
-5.2,14.1,2018,13,2
12.8,13.4,2018,13,5
13.7,11.5,2018,13,4
13.8,13.1,2018,13,3
36.1,32.8,2018,13,9
36.4,35.4,2018,13,16
38.3,34.6,2018,13,4
40.1,35.2,2018,13,1
43.3,35.6,2018,13,1
43.6,34.8,2018,13,1
44.6,34.8,2018,13,3
47.5,15.5,2018,13,3
61.5,29,2018,13,2
61.9,30.4,2018,13,1
63.9,30.2,2018,13,1
64.1,35.6,2018,13,2
65,32.5,2018,13,3
65.2,36,2018,13,1
65.5,36.2,2018,13,1
65.7,36.1,2018,13,2
66.2,36.9,2018,13,3
66.3,30.5,2018,13,2
66.6,36.7,2018,13,2
67,24.9,2018,13,3
68.7,36.1,2018,13,2
68.9,33.5,2018,13,1
68.9,33.9,2018,13,4
68.9,34.5,2018,13,1
68.9,36.5,2018,13,3
69.1,33.4,2018,13,2
69.1,34.2,2018,13,5
70.3,34.7,2018,13,5
70.8,37.2,2018,13,1
70.9,34.8,2018,13,1
73.9,34,2018,13,4
75,33.8,2018,13,5
75.1,33.7,2018,13,7
-6.2,15.2,2018,12,1
-5.7,15,2018,12,1
-4.2,15,2018,12,1
1,16.4,2018,12,1
1.5,15.9,2018,12,4
3,19.9,2018,12,1
13.1,13.7,2018,12,1
13.2,12.5,2018,12,2
13.9,11.2,2018,12,2
34.3,31.3,2018,12,5
37.4,33.5,2018,12,2
39.5,34.4,2018,12,1
40.9,37.4,2018,12,8
41,34.4,2018,12,6
43.2,39.7,2018,12,6
43.3,13.6,2018,12,1
43.5,35,2018,12,2
44.1,15.5,2018,12,1
44.1,17,2018,12,1
44.6,36.1,2018,12,1
62.2,32.2,2018,12,1
63.8,34.9,2018,12,1
64.3,35,2018,12,2
64.9,35.8,2018,12,1
65.3,36.9,2018,12,2
65.4,36.1,2018,12,1
66.1,36.2,2018,12,2
66.2,31.6,2018,12,1
67.3,36.1,2018,12,1
67.5,35.9,2018,12,1
68.9,33.7,2018,12,3
69.5,33.7,2018,12,3
70,33,2018,12,4
70.4,34.9,2018,12,3
70.7,34.4,2018,12,3
72.3,34.8,2018,12,1
73.8,34.3,2018,12,3
74.5,34.3,2018,12,5
74.9,33.9,2018,12,8
75.1,33.8,2018,12,4
-2,14.2,2018,11,2
2.7,16.7,2018,11,2
7,36.8,2018,11,1
13.2,13.9,2018,11,1
13.8,11.2,2018,11,4
31.2,30,2018,11,3
36.3,35.6,2018,11,5
36.5,33.1,2018,11,1
40.1,35.3,2018,11,3
40.8,34.6,2018,11,1
43.3,35.7,2018,11,2
44.7,36.9,2018,11,4
49.2,11.3,2018,11,8
64.7,35.8,2018,11,1
64.8,36.1,2018,11,4
65.1,36.8,2018,11,2
65.3,31.7,2018,11,1
65.8,37.5,2018,11,2
66.7,36.7,2018,11,2
66.8,32.5,2018,11,1
66.8,36.7,2018,11,2
68.1,33.7,2018,11,2
68.6,33.3,2018,11,3
68.8,33,2018,11,1
68.8,33.2,2018,11,7
68.9,32.4,2018,11,3
68.9,34.4,2018,11,3
69,35.1,2018,11,1
69.1,32.7,2018,11,2
69.3,34.9,2018,11,5
69.7,33.4,2018,11,3
70,34.2,2018,11,3
70.5,36.9,2018,11,2
70.8,34,2018,11,2
74.2,31.2,2018,11,1
74.3,31.5,2018,11,1
74.3,34.4,2018,11,7
-4.3,15.4,2018,10,1
-3.2,13.4,2018,10,1
-1.3,14.3,2018,10,3
13.5,11.6,2018,10,4
13.8,11.1,2018,10,4
14.2,12.2,2018,10,1
14.2,12.4,2018,10,3
36.2,33,2018,10,1
36.3,32.7,2018,10,4
36.3,32.9,2018,10,3
36.6,32.7,2018,10,5
36.9,36,2018,10,2
37.7,47.8,2018,10,4
38.3,34.5,2018,10,5
40.3,35,2018,10,1
42.4,34.1,2018,10,3
43.4,37,2018,10,3
43.7,16.9,2018,10,3
44.1,37.1,2018,10,3
44.6,15.7,2018,10,1
44.9,34.2,2018,10,2
45.6,14.5,2018,10,1
45.6,16.7,2018,10,1
62,32.5,2018,10,1
62.4,31.3,2018,10,1
64.3,35.8,2018,10,2
64.6,31.7,2018,10,1
65.4,35.9,2018,10,1
66.8,32.4,2018,10,2
67,32.6,2018,10,2
68,35.5,2018,10,2
68.5,34.1,2018,10,2
68.7,33.6,2018,10,1
69,34.3,2018,10,1
69.3,34,2018,10,3
69.4,33.4,2018,10,1
69.7,34.6,2018,10,2
70.2,34.5,2018,10,1
70.3,34.2,2018,10,3
70.8,34.4,2018,10,1
71,34.7,2018,10,1
74.1,33.7,2018,10,6
74.9,32.7,2018,10,2
75.2,33.7,2018,10,6
8.3,36.5,2018,9,1
13.5,10.9,2018,9,2
13.7,11.1,2018,9,5
14.1,12.3,2018,9,1
24.3,13.1,2018,9,4
34.2,31.3,2018,9,5
36.2,32.7,2018,9,7
36.5,35.7,2018,9,7
36.9,36.4,2018,9,2
41,34.2,2018,9,1
41.9,36.3,2018,9,2
42.4,38.3,2018,9,5
42.8,36.4,2018,9,2
43.3,14.1,2018,9,1
43.9,33.4,2018,9,1
44,13.4,2018,9,1
61.4,32.1,2018,9,1
62.2,35,2018,9,1
62.3,33.6,2018,9,1
63.3,32,2018,9,2
63.7,33.2,2018,9,1
64.1,30.7,2018,9,1
65.9,36.1,2018,9,1
66.2,36,2018,9,2
66.9,32,2018,9,2
67.4,32,2018,9,1
68.1,33.1,2018,9,2
69,37.2,2018,9,4
69.2,33,2018,9,2
69.3,32.8,2018,9,2
69.4,33,2018,9,3
69.8,32.6,2018,9,2
70.8,35,2018,9,2
74,34.7,2018,9,3
74.1,33.6,2018,9,3
74.9,34,2018,9,6
75,33.9,2018,9,4
-2.8,15.4,2018,8,1
-0,16.3,2018,8,3
7.1,34.9,2018,8,2
14,11.9,2018,8,3
14.2,12.3,2018,8,5
35.8,32.7,2018,8,1
36,35.6,2018,8,5
36.6,34.9,2018,8,7
36.7,33.7,2018,8,3
37.4,35.4,2018,8,2
38,48.4,2018,8,6
38.2,37.8,2018,8,4
41.4,37.6,2018,8,1
43.3,16.9,2018,8,5
43.9,16.2,2018,8,1
44.6,37.3,2018,8,2
45.2,34.3,2018,8,2
45.7,43.3,2018,8,2
46.6,40,2018,8,8
52.6,29.7,2018,8,1
61.6,32.2,2018,8,1
62.2,34.3,2018,8,5
62.3,27.4,2018,8,2
63.1,29.9,2018,8,2
63.3,35,2018,8,2
64.2,35.7,2018,8,1
64.6,35.8,2018,8,2
66.7,36.2,2018,8,1
68.5,36.1,2018,8,2
68.8,34,2018,8,2
69.1,34.9,2018,8,2
69.1,36.7,2018,8,1
69.3,34.5,2018,8,1
69.6,34.8,2018,8,2
69.7,33.6,2018,8,1
70.1,33.5,2018,8,1
70.1,34.9,2018,8,1
70.4,34.7,2018,8,1
70.7,37.7,2018,8,1
74.2,33.4,2018,8,5
74.6,32.6,2018,8,3
74.8,34.5,2018,8,3
75.2,33.8,2018,8,2
-3.9,15.1,2018,7,1
-3.6,14.1,2018,7,1
-2.6,15.1,2018,7,2
-2.1,13.9,2018,7,2
-1.8,16.1,2018,7,1
1.2,12.2,2018,7,1
2.4,15.9,2018,7,1
12.5,13.1,2018,7,1
12.8,11.1,2018,7,1
13.5,11.3,2018,7,2
13.8,11.3,2018,7,1
14.2,11.1,2018,7,2
14.5,32.5,2018,7,1
24.1,12.9,2018,7,3
34,11.4,2018,7,1
35.9,33.1,2018,7,5
35.9,33.2,2018,7,3
36.4,35.5,2018,7,4
36.6,33.1,2018,7,1
36.6,33.5,2018,7,3
36.8,36.2,2018,7,3
36.9,36.2,2018,7,2
38.1,35.4,2018,7,2
38.8,48.8,2018,7,2
42.4,15.5,2018,7,1
42.5,33.9,2018,7,1
42.7,33.8,2018,7,1
43.3,14.5,2018,7,2
43.3,17,2018,7,1
43.4,16.8,2018,7,3
43.7,38.4,2018,7,5
44.1,17.4,2018,7,5
44.9,33.7,2018,7,2
45.3,14.5,2018,7,1
49.9,11.5,2018,7,1
61.5,31.5,2018,7,1
62.1,31.2,2018,7,1
62.4,32.6,2018,7,2
62.7,31.5,2018,7,1
63.1,35.1,2018,7,1
63.2,33.8,2018,7,1
64.2,35.1,2018,7,1
64.3,31.6,2018,7,1
64.3,35.9,2018,7,1
65.6,31.8,2018,7,2
65.8,32.6,2018,7,3
66,37.1,2018,7,1
66.4,35.9,2018,7,1
68,33,2018,7,1
68.8,35.8,2018,7,2
68.8,36.6,2018,7,1
68.9,33.3,2018,7,2
69.2,33.6,2018,7,4
69.7,34.9,2018,7,3
69.9,33.1,2018,7,1
70,34.3,2018,7,3
70,34.7,2018,7,2
70.2,34.4,2018,7,1
70.6,34.6,2018,7,2
71,34.8,2018,7,4
74.8,33.8,2018,7,3
-5.2,14.9,2018,6,1
-4.1,14.5,2018,6,1
0.1,17.5,2018,6,1
0.4,12.1,2018,6,1
12,11.1,2018,6,1
13,11.6,2018,6,3
13.2,14.5,2018,6,1
13.5,11.2,2018,6,1
14.2,11,2018,6,3
14.8,13.5,2018,6,1
30.2,30.6,2018,6,1
32.8,11.8,2018,6,2
34.4,31.4,2018,6,4
36.1,33.7,2018,6,2
36.2,32.8,2018,6,5
36.3,33,2018,6,2
36.4,32.8,2018,6,3
37,34.9,2018,6,2
37.8,47.2,2018,6,4
38,48.3,2018,6,5
42.2,37.7,2018,6,1
43,37.3,2018,6,3
43.5,14,2018,6,1
43.6,37.3,2018,6,4
43.7,16.4,2018,6,1
44.1,15.4,2018,6,1
44.9,14.3,2018,6,1
45.4,34.5,2018,6,2
46.9,34.9,2018,6,1
63.6,32.6,2018,6,1
64,29.4,2018,6,1
64,32.1,2018,6,1
64.2,31.3,2018,6,1
64.2,35,2018,6,1
64.5,32.5,2018,6,1
64.6,31.9,2018,6,1
64.6,36.1,2018,6,1
65,34.1,2018,6,1
65.4,26.2,2018,6,1
65.5,33.2,2018,6,1
66,32.6,2018,6,1
66.1,31.2,2018,6,1
66.4,35.7,2018,6,1
66.6,31.2,2018,6,2
66.7,29.8,2018,6,1
66.7,32,2018,6,1
66.9,36,2018,6,1
67.8,32.8,2018,6,1
68.8,31.9,2018,6,1
69,33.8,2018,6,1
69,34.1,2018,6,2
69,36.6,2018,6,1
69.5,32.6,2018,6,1
69.9,34.5,2018,6,1
70.2,34.1,2018,6,1
70.3,34.3,2018,6,1
70.6,37.5,2018,6,1
70.8,36.8,2018,6,1
70.8,38.4,2018,6,1
70.9,35.3,2018,6,1
71.2,34.9,2018,6,2
71.2,37.1,2018,6,2
74.1,32.6,2018,6,1
74.8,33.9,2018,6,5
74.8,34.6,2018,6,1
74.9,32.5,2018,6,3
75.1,33.6,2018,6,2
-7.2,13.9,2018,5,2
-4.2,14.5,2018,5,2
-4,14.7,2018,5,3
-3.6,15.1,2018,5,1
-3.2,21.1,2018,5,1
-2.9,14.2,2018,5,2
-0.6,34.8,2018,5,1
1.4,12,2018,5,1
1.4,20.1,2018,5,1
8.1,34.7,2018,5,1
12.4,11.2,2018,5,1
12.4,13.2,2018,5,1
31.5,30.2,2018,5,1
34.1,31.2,2018,5,2
34.4,31.3,2018,5,3
36.3,35.9,2018,5,3
36.4,33,2018,5,2
36.5,36.1,2018,5,1
36.7,33.6,2018,5,2
36.7,35.9,2018,5,3
36.8,32.8,2018,5,2
37.2,36.5,2018,5,2
38.5,48.7,2018,5,3
38.9,36,2018,5,3
39.2,39.4,2018,5,1
41.4,38.1,2018,5,4
42.5,37.5,2018,5,2
43.3,16.2,2018,5,1
43.3,16.4,2018,5,1
43.3,36.2,2018,5,1
43.5,35.2,2018,5,1
43.5,36,2018,5,1
43.6,35.3,2018,5,2
43.9,34.2,2018,5,1
44.5,13.3,2018,5,1
44.8,16.2,2018,5,1
45.2,34.4,2018,5,1
45.3,15.5,2018,5,1
45.4,34.3,2018,5,3
45.5,14.1,2018,5,2
61.3,34.6,2018,5,1
61.8,31.3,2018,5,1
62,34,2018,5,2
64.3,31.5,2018,5,2
64.9,31.7,2018,5,1
64.9,36.5,2018,5,1
65,36.8,2018,5,1
65.6,26.3,2018,5,1
66.4,31,2018,5,1
66.8,29.8,2018,5,1
67,32.1,2018,5,1
67.3,32,2018,5,1
67.3,36,2018,5,1
67.7,36,2018,5,2
68.5,33.6,2018,5,1
68.8,34.4,2018,5,1
69.4,34.8,2018,5,1
69.5,37.3,2018,5,1
69.7,34.3,2018,5,1
70.5,34.9,2018,5,1
70.6,34.7,2018,5,2
70.9,35.1,2018,5,1
71.3,35.2,2018,5,1
74,33.8,2018,5,1
74.4,34.3,2018,5,1
-5.9,13.6,2018,4,1
-2.8,15.1,2018,4,1
-1.5,14.1,2018,4,2
-1.3,15.8,2018,4,4
0.5,15.7,2018,4,1
8.7,35.2,2018,4,2
12.8,11.2,2018,4,1
13.4,12.7,2018,4,1
13.6,11.1,2018,4,1
13.9,31.4,2018,4,1
14,12.2,2018,4,1
14,31.4,2018,4,1
24.1,13.1,2018,4,2
25,27.5,2018,4,2
31.3,26.9,2018,4,1
35.8,33.1,2018,4,1
35.8,33.3,2018,4,4
35.9,33,2018,4,1
36.1,33.1,2018,4,5
36.1,33.6,2018,4,3
36.4,33.8,2018,4,3
36.9,33.7,2018,4,1
37,36.2,2018,4,4
37,36.6,2018,4,1
37.1,33,2018,4,1
37.3,35,2018,4,3
38.1,34,2018,4,1
38.4,48.5,2018,4,1
39,32.7,2018,4,1
39.4,40.4,2018,4,2
39.4,48.8,2018,4,1
40.5,35.2,2018,4,1
40.7,33.7,2018,4,1
42.2,37.5,2018,4,2
42.2,37.8,2018,4,1
43.1,16.1,2018,4,1
43.2,16.9,2018,4,2
43.3,16.6,2018,4,1
43.3,17.2,2018,4,3
43.3,35.4,2018,4,1
43.8,16.8,2018,4,2
43.8,34.2,2018,4,1
44.1,13.4,2018,4,1
44.8,36.6,2018,4,1
45,14.1,2018,4,1
45.4,17.3,2018,4,2
46.3,35.2,2018,4,1
46.7,43.2,2018,4,3
47,40,2018,4,3
61.2,34.2,2018,4,1
61.9,33.3,2018,4,1
62.7,33.3,2018,4,1
63,34.8,2018,4,1
63,35.2,2018,4,1
63.1,34.3,2018,4,1
64.2,31.6,2018,4,1
64.2,31.8,2018,4,1
64.5,34.7,2018,4,1
64.7,31.8,2018,4,1
64.9,32.4,2018,4,2
65.1,31.6,2018,4,1
65.1,36.9,2018,4,1
65.2,31.1,2018,4,2
65.4,31.6,2018,4,2
65.5,35.9,2018,4,2
66,37,2018,4,1
66.1,33.7,2018,4,1
66.2,33.8,2018,4,3
66.7,35.8,2018,4,1
67.4,36.1,2018,4,1
68.5,37,2018,4,1
68.6,32.9,2018,4,1
68.6,33,2018,4,1
68.6,33.8,2018,4,1
68.6,36.1,2018,4,1
68.7,34.4,2018,4,1
68.7,36.8,2018,4,1
69.1,34.1,2018,4,4
69.2,34.1,2018,4,1
69.3,35.1,2018,4,1
69.5,33.2,2018,4,1
69.6,37.3,2018,4,2
69.6,37.4,2018,4,1
70.6,34.1,2018,4,1
70.6,34.4,2018,4,1
70.6,37.1,2018,4,2
70.9,34.4,2018,4,1
70.9,36.9,2018,4,1
73.9,33.9,2018,4,3
74,34.4,2018,4,2
74.1,33.1,2018,4,3
74.3,34.3,2018,4,2
74.5,32.7,2018,4,3
74.6,34.3,2018,4,3
74.7,32.9,2018,4,3
-5,18.6,2018,3,1
-4.4,14.7,2018,3,1
-3.7,16.4,2018,3,1
-2.9,14.3,2018,3,2
-2.7,14.3,2018,3,1
-2.5,16.8,2018,3,1
-2,14.7,2018,3,1
-1.3,14.8,2018,3,2
-0,17.2,2018,3,1
0.6,11.3,2018,3,1
1.7,12.8,2018,3,1
2.1,13.9,2018,3,1
2.4,15.7,2018,3,1
5.6,50.6,2018,3,1
12.3,11.2,2018,3,1
12.3,11.5,2018,3,1
12.5,12.9,2018,3,1
12.6,11.8,2018,3,2
12.9,13.2,2018,3,1
13.4,12.9,2018,3,1
13.6,11,2018,3,1
13.6,13,2018,3,1
13.7,12.9,2018,3,1
13.8,11,2018,3,1
13.9,11.4,2018,3,1
14,13.2,2018,3,2
14.1,11.4,2018,3,1
14.1,11.6,2018,3,1
14.5,13.3,2018,3,1
26.5,11.2,2018,3,1
33.1,31,2018,3,1
35.3,32,2018,3,2
35.8,33.2,2018,3,4
36,33.2,2018,3,1
36,35.2,2018,3,1
36.1,35.7,2018,3,1
36.2,33.1,2018,3,2
36.3,35.1,2018,3,2
36.4,34.9,2018,3,1
36.4,35.3,2018,3,1
36.5,34.8,2018,3,1
36.5,35,2018,3,1
36.6,33,2018,3,1
36.7,34.7,2018,3,2
36.7,36.1,2018,3,2
36.8,35,2018,3,1
36.9,34.7,2018,3,2
36.9,35.7,2018,3,2
37,35,2018,3,3
37,36,2018,3,5
37,36.1,2018,3,4
37,36.3,2018,3,2
37.2,35.5,2018,3,1
37.6,36.2,2018,3,2
37.8,47.6,2018,3,1
38.3,33.6,2018,3,1
38.5,40.5,2018,3,2
38.6,34.4,2018,3,1
40.1,38.4,2018,3,1
40.2,35.3,2018,3,1
40.4,38.4,2018,3,2
41,38.5,2018,3,1
41.9,37.9,2018,3,1
42.7,16.9,2018,3,2
43.2,16.4,2018,3,1
43.2,36,2018,3,1
43.3,33.4,2018,3,2
43.3,34,2018,3,1
43.5,17.1,2018,3,1
43.5,33.6,2018,3,1
43.7,15.1,2018,3,1
44.1,39.5,2018,3,1
44.2,14,2018,3,1
44.4,33.5,2018,3,1
44.4,35.1,2018,3,2
44.4,37,2018,3,1
44.5,15.7,2018,3,1
44.7,14.1,2018,3,2
44.8,14.4,2018,3,1
45.1,36.6,2018,3,1
45.6,33.7,2018,3,1
46.4,35,2018,3,1
46.5,35,2018,3,1
50,10,2018,3,2
61.3,32.1,2018,3,1
62.1,34.8,2018,3,1
63.1,32.2,2018,3,1
64.3,35.7,2018,3,1
64.4,31.7,2018,3,2
64.5,34.1,2018,3,1
64.8,32.1,2018,3,1
65.2,36.9,2018,3,1
65.3,31.4,2018,3,1
66,37.4,2018,3,1
66.1,36.8,2018,3,2
66.5,28.9,2018,3,1
66.6,31.3,2018,3,1
67.5,33,2018,3,1
67.6,32.8,2018,3,1
68,36.4,2018,3,1
68.1,32.6,2018,3,1
68.3,32.7,2018,3,1
68.4,33.8,2018,3,1
68.4,37,2018,3,1
68.7,34.1,2018,3,1
68.7,34.5,2018,3,1
68.7,36,2018,3,1
68.8,29.6,2018,3,1
68.8,34.3,2018,3,2
68.8,35.9,2018,3,1
69.1,32.3,2018,3,1
69.1,33.6,2018,3,1
69.1,36.2,2018,3,1
69.2,36.1,2018,3,1
69.3,33.6,2018,3,1
69.3,35,2018,3,1
69.3,35.2,2018,3,1
69.3,36.7,2018,3,1
69.3,38.1,2018,3,1
69.5,32.8,2018,3,1
69.7,34.2,2018,3,1
69.8,33.8,2018,3,1
69.8,35,2018,3,1
69.9,33,2018,3,2
70,35,2018,3,1
70.2,33,2018,3,2
70.3,34.8,2018,3,1
70.4,34.4,2018,3,1
70.4,34.5,2018,3,1
70.7,34.3,2018,3,1
70.9,31.8,2018,3,1
71,34.9,2018,3,1
71,37,2018,3,1
71.3,35,2018,3,1
71.5,35.4,2018,3,1
74,33.6,2018,3,2
74.2,33.1,2018,3,3
74.4,34.7,2018,3,1
74.7,32.6,2018,3,3
74.7,34.1,2018,3,1
74.8,32.8,2018,3,1
74.9,33,2018,3,1
75,33.7,2018,3,2
75,34,2018,3,2
75.3,32.4,2018,3,2
-5,14.3,2018,2,1
-4.6,13.9,2018,2,2
-4.3,14,2018,2,1
-3.6,14.3,2018,2,1
-3.4,13.6,2018,2,1
-3.1,16.8,2018,2,1
-2.4,15.1,2018,2,1
-1.9,15.4,2018,2,1
-1.6,14.4,2018,2,1
-0.5,15.5,2018,2,1
-0.2,15,2018,2,1
0.8,14,2018,2,1
0.9,19.5,2018,2,1
1,13.3,2018,2,1
1.2,14.9,2018,2,1
2.4,43.2,2018,2,1
3,28,2018,2,1
6,36.8,2018,2,1
8.9,35.3,2018,2,1
11.3,33,2018,2,1
12.5,10.9,2018,2,1
13.1,11.2,2018,2,1
13.1,13.5,2018,2,1
13.2,12.6,2018,2,1
13.3,11.9,2018,2,1
13.3,13.7,2018,2,2
13.4,11.7,2018,2,1
13.4,12.8,2018,2,2
13.5,13.3,2018,2,1
13.9,11.1,2018,2,1
13.9,12,2018,2,5
14,11.4,2018,2,1
14,13.5,2018,2,1
14.1,11.2,2018,2,2
14.2,11.3,2018,2,1
14.2,11.4,2018,2,1
15,13.5,2018,2,1
24.2,12.5,2018,2,1
24.3,13.2,2018,2,1
24.4,12.9,2018,2,2
30,31.2,2018,2,1
31.1,27.2,2018,2,1
34.4,31.5,2018,2,1
35.8,34.4,2018,2,1
35.8,35.5,2018,2,1
36.2,35.9,2018,2,1
36.2,36.2,2018,2,1
36.4,35.8,2018,2,1
36.5,35.3,2018,2,2
36.6,35,2018,2,1
36.7,35,2018,2,1
36.8,33,2018,2,1
36.8,34.8,2018,2,2
36.9,34.8,2018,2,2
36.9,35.4,2018,2,1
37.1,36,2018,2,2
37.2,34.2,2018,2,2
37.2,36.4,2018,2,1
37.3,35.2,2018,2,1
37.5,36.3,2018,2,2
37.5,36.4,2018,2,4
37.9,47.1,2018,2,1
38.1,48.4,2018,2,2
38.9,39.1,2018,2,1
39.3,48.6,2018,2,1
39.4,39.2,2018,2,1
39.6,48.6,2018,2,2
40.5,34.6,2018,2,1
40.6,34.9,2018,2,3
40.7,34.8,2018,2,4
41,39.3,2018,2,1
42,45,2018,2,1
42.5,37.2,2018,2,1
42.5,39.1,2018,2,1
42.6,16.9,2018,2,2
42.8,16.3,2018,2,1
42.9,16.3,2018,2,1
42.9,37.4,2018,2,1
43.1,40.5,2018,2,1
43.2,15.1,2018,2,1
43.2,16.8,2018,2,1
43.2,17.2,2018,2,1
43.2,36.4,2018,2,1
43.6,37.2,2018,2,2
43.7,37.1,2018,2,1
43.8,17,2018,2,1
44.1,34,2018,2,1
44.2,35.5,2018,2,1
44.3,37.6,2018,2,1
44.6,36.9,2018,2,2
44.8,43.1,2018,2,1
45,14.7,2018,2,2
45.1,36.7,2018,2,1
45.8,14,2018,2,1
45.9,18.2,2018,2,1
45.9,43.1,2018,2,1
46,51.6,2018,2,1
46.8,42.7,2018,2,1
46.9,43.2,2018,2,1
47.3,39.6,2018,2,2
61,29.4,2018,2,1
61.3,33,2018,2,1
62.2,32.4,2018,2,1
62.2,34.5,2018,2,1
62.3,33.7,2018,2,1
62.5,34.9,2018,2,1
62.6,31.4,2018,2,1
62.6,34.9,2018,2,1
63.3,33.8,2018,2,1
63.7,32.1,2018,2,1
64.1,31.5,2018,2,1
64.3,31.4,2018,2,1
64.6,35.9,2018,2,1
65,32.4,2018,2,1
65.1,37,2018,2,1
65.3,31.5,2018,2,1
65.3,34.7,2018,2,1
65.7,37.3,2018,2,2
65.8,36.7,2018,2,1
66,31.3,2018,2,1
66.1,36.3,2018,2,1
66.3,31.1,2018,2,1
66.3,36.8,2018,2,1
66.6,36.3,2018,2,1
66.8,32.1,2018,2,1
66.8,37.3,2018,2,1
68.6,33.5,2018,2,1
68.6,37.2,2018,2,1
68.8,36.7,2018,2,1
68.8,37.2,2018,2,1
68.9,35,2018,2,1
68.9,37.2,2018,2,1
69,34.6,2018,2,1
69.1,33.9,2018,2,1
69.1,36.1,2018,2,1
69.2,34.8,2018,2,1
69.2,36.8,2018,2,1
69.3,33.8,2018,2,2
69.6,36.2,2018,2,1
69.7,35,2018,2,1
69.9,32.5,2018,2,1
69.9,37.5,2018,2,1
70,34.1,2018,2,1
70.1,37.3,2018,2,1
70.4,35.1,2018,2,1
70.4,35.2,2018,2,1
70.5,31.9,2018,2,1
70.5,34,2018,2,1
71.5,34.8,2018,2,1
71.7,35,2018,2,1
72,34,2018,2,1
73.4,35.6,2018,2,1
73.7,34.4,2018,2,1
74,34.3,2018,2,1
74.1,33.3,2018,2,2
74.1,34.5,2018,2,2
74.2,34.3,2018,2,1
74.2,34.4,2018,2,2
74.2,34.5,2018,2,1
74.4,34.2,2018,2,1
74.4,34.4,2018,2,1
74.5,32.5,2018,2,1
74.5,32.8,2018,2,2
74.5,34.2,2018,2,1
74.7,32.5,2018,2,1
74.7,32.8,2018,2,2
74.7,33.9,2018,2,1
74.7,34.4,2018,2,1
74.8,32.5,2018,2,2
74.8,34,2018,2,1
75.1,34,2018,2,2
75.2,33.6,2018,2,1
75.3,32.5,2018,2,2
79.8,19.9,2018,2,1
-9.2,14.5,2018,1,1
-6.5,13.2,2018,1,1
-4.8,14.6,2018,1,1
-4.7,14.8,2018,1,1
-4.6,14,2018,1,1
-4.6,14.9,2018,1,1
-3.9,13.2,2018,1,1
-3.4,13.2,2018,1,1
-2,15.9,2018,1,1
-1.9,15.2,2018,1,1
-1.5,14.2,2018,1,1
-1.2,13.9,2018,1,1
-1,14.5,2018,1,1
-0.7,14.6,2018,1,1
-0.5,14.7,2018,1,1
-0.3,14.7,2018,1,1
0.9,11.4,2018,1,1
1.2,12.1,2018,1,1
2,18.9,2018,1,1
2.2,16.2,2018,1,1
2.3,48.9,2018,1,1
7.8,48.6,2018,1,1
8.3,36.2,2018,1,1
8.5,35.3,2018,1,1
8.9,35,2018,1,1
8.9,35.1,2018,1,1
9.1,35.5,2018,1,1
9.2,35.4,2018,1,1
9.2,35.5,2018,1,1
12.5,11.8,2018,1,1
12.6,10.9,2018,1,1
13.4,10.6,2018,1,1
13.4,10.8,2018,1,1
13.5,10.8,2018,1,1
13.7,11.4,2018,1,1
13.7,12.8,2018,1,1
13.8,10.6,2018,1,1
13.8,11.4,2018,1,1
13.8,12.1,2018,1,1
13.9,11,2018,1,1
13.9,13.4,2018,1,1
14,11.2,2018,1,1
14.2,11.2,2018,1,1
14.8,32.4,2018,1,1
23.9,13.6,2018,1,1
24.3,13.3,2018,1,2
24.7,13.1,2018,1,1
26.3,12.8,2018,1,1
27.4,38.6,2018,1,1
31,37,2018,1,1
34.3,31.2,2018,1,1
34.3,31.4,2018,1,1
34.6,31.7,2018,1,1
35.2,32.5,2018,1,1
35.3,32.2,2018,1,1
35.3,32.5,2018,1,1
35.7,33,2018,1,1
35.9,33.3,2018,1,1
36,33.3,2018,1,1
36.1,32.9,2018,1,1
36.4,33.9,2018,1,1
36.4,36,2018,1,1
36.5,32.6,2018,1,1
36.5,35.6,2018,1,1
36.6,32.5,2018,1,1
36.6,33.4,2018,1,1
36.6,35.7,2018,1,1
36.7,35.1,2018,1,2
36.7,36.2,2018,1,1
36.8,36.1,2018,1,1
36.9,34.5,2018,1,1
36.9,35.3,2018,1,1
36.9,36.5,2018,1,2
37,36.4,2018,1,1
37.1,35.1,2018,1,1
37.1,35.2,2018,1,1
37.3,34.9,2018,1,1
37.3,35.5,2018,1,1
37.3,35.8,2018,1,1
37.4,35,2018,1,1
37.4,35.3,2018,1,1
37.5,35.8,2018,1,1
37.6,35.2,2018,1,1
37.6,36.5,2018,1,1
37.7,36.2,2018,1,1
37.9,47.2,2018,1,1
37.9,48.2,2018,1,1
37.9,48.4,2018,1,1
38.2,48.4,2018,1,1
38.4,48.7,2018,1,1
38.5,48.6,2018,1,1
38.8,34,2018,1,2
39.2,39.1,2018,1,1
39.5,38.9,2018,1,1
39.5,48.7,2018,1,1
39.8,35.6,2018,1,1
40.7,34.3,2018,1,1
40.7,38.3,2018,1,1
41.1,47.7,2018,1,1
41.6,36.5,2018,1,1
41.8,37.6,2018,1,1
41.9,37.5,2018,1,1
42.7,17.1,2018,1,1
42.8,14.8,2018,1,1
42.8,33.6,2018,1,1
43.2,13.3,2018,1,1
43.2,13.8,2018,1,1
43.2,13.9,2018,1,1
43.2,16.6,2018,1,1
43.2,17.3,2018,1,1
43.2,35.5,2018,1,1
43.2,37.6,2018,1,1
43.3,37.2,2018,1,1
43.4,37.2,2018,1,1
43.5,16.7,2018,1,1
43.5,16.8,2018,1,1
43.5,37.1,2018,1,1
43.5,44.7,2018,1,1
43.6,35.1,2018,1,1
43.7,35.2,2018,1,1
43.8,13.4,2018,1,1
43.8,13.5,2018,1,1
43.9,35.7,2018,1,1
44,56.3,2018,1,1
44.1,35.7,2018,1,1
44.2,15.8,2018,1,1
44.3,13.3,2018,1,1
44.5,14.1,2018,1,1
44.6,13.2,2018,1,1
44.6,16.3,2018,1,1
44.6,33.7,2018,1,1
44.8,13.2,2018,1,1
44.8,38.2,2018,1,1
44.9,14.5,2018,1,1
44.9,34,2018,1,1
44.9,34.4,2018,1,1
45,15.5,2018,1,1
45,44.8,2018,1,1
45.6,14,2018,1,1
45.6,40.9,2018,1,1
45.8,14.2,2018,1,1
45.8,39.5,2018,1,1
45.9,43.3,2018,1,1
46,15.2,2018,1,1
46,35.6,2018,1,1
46.3,35.3,2018,1,1
46.3,42.8,2018,1,1
46.7,24.7,2018,1,1
46.7,43.8,2018,1,1
47.5,40.5,2018,1,1
47.6,42.9,2018,1,1
61.3,31.7,2018,1,1
61.9,33.1,2018,1,1
62.8,31.6,2018,1,1
63.1,34.9,2018,1,1
63.7,33.6,2018,1,1
63.7,34,2018,1,1
64.1,27,2018,1,1
64.5,31.8,2018,1,1
64.8,35.9,2018,1,1
64.9,36.7,2018,1,1
65.1,35.9,2018,1,1
65.2,34.5,2018,1,1
65.7,32.4,2018,1,1
65.7,32.6,2018,1,1
65.7,34.6,2018,1,1
65.9,36.3,2018,1,1
66.4,36.4,2018,1,1
66.7,36.8,2018,1,1
67,32.2,2018,1,1
67.8,35.4,2018,1,1
68.5,32.9,2018,1,1
68.8,33.3,2018,1,1
68.9,36.6,2018,1,1
69.4,34.4,2018,1,1
69.6,35.1,2018,1,1
69.7,36.5,2018,1,1
69.8,34.9,2018,1,1
69.9,32.6,2018,1,1
70.3,31.7,2018,1,1
70.5,32.8,2018,1,1
70.6,32.9,2018,1,1
70.8,34.7,2018,1,1
71.4,34.9,2018,1,1
73.9,33.8,2018,1,1
73.9,34.6,2018,1,1
74,29.5,2018,1,1
74,33.7,2018,1,1
74.1,33.2,2018,1,1
74.1,33.5,2018,1,1
74.1,33.8,2018,1,1
74.4,34.1,2018,1,1
74.6,33.9,2018,1,1
75,32.4,2018,1,1
75.2,32.4,2018,1,1
75.3,33.6,2018,1,1
75.4,33.6,2018,1,1
-2.8,13.3,2018,0,1
-0.9,15.4,2018,0,1
1.2,13.3,2018,0,1
1.2,15.1,2018,0,1
2,48.8,2018,0,1
2.4,36.4,2018,0,1
6.2,36.4,2018,0,1
12.6,11.1,2018,0,1
13,11.5,2018,0,3
13.3,13.6,2018,0,2
13.6,11.9,2018,0,1
13.7,11.9,2018,0,1
14,11.8,2018,0,1
14.4,12.4,2018,0,1
17.4,21.7,2018,0,1
25,13.2,2018,0,1
25.1,13.3,2018,0,1
32.7,10,2018,0,1
35.9,32.9,2018,0,1
36.2,33.6,2018,0,1
36.3,36,2018,0,1
36.5,32.8,2018,0,1
36.6,33.7,2018,0,1
36.6,34.6,2018,0,1
36.7,36.6,2018,0,1
36.9,36.3,2018,0,1
37,36.5,2018,0,1
37.1,36.5,2018,0,1
37.2,36.3,2018,0,1
37.3,35.1,2018,0,1
37.5,35.2,2018,0,1
37.6,35.1,2018,0,3
37.7,36.3,2018,0,1
37.8,36.2,2018,0,1
37.9,36.1,2018,0,1
38,36,2018,0,1
40,35.5,2018,0,1
40.2,35.4,2018,0,2
40.7,35.5,2018,0,1
41,35.2,2018,0,1
41.4,36.8,2018,0,1
44,36.2,2018,0,1
44.4,33.7,2018,0,1
46.8,40.4,2018,0,2
48.9,10.8,2018,0,1
50.3,11,2018,0,1
62,30.9,2018,0,1
66.4,30.9,2018,0,1
68.8,33.1,2018,0,1
68.9,32.9,2018,0,1
69,34.7,2018,0,1
69.1,34.3,2018,0,1
70.5,33.4,2018,0,1
70.9,33.7,2018,0,1
72.4,34.8,2018,0,1
74,33.4,2018,0,1
76.2,33.9,2018,0,1
13.2,32.9,2019,974,63
36.5,35.4,2019,895,59
36.2,35.7,2019,499,55
65,31.6,2019,497,67
65.9,32.6,2019,496,77
64.6,31.8,2019,473,95
36.7,35.4,2019,468,69
63.9,31.6,2019,405,65
63.5,35.5,2019,399,40
66,32.1,2019,376,44
68.4,33.3,2019,375,71
43.5,16.2,2019,374,13
68,33.2,2019,360,61
65,32.1,2019,335,57
44.6,13.9,2019,320,9
36.7,35.6,2019,317,87
36.5,35.3,2019,314,13
70.7,34.1,2019,297,36
63.3,35.6,2019,289,11
68.9,36.7,2019,271,38
66.7,33,2019,268,38
65.5,32,2019,266,37
68.7,33.5,2019,262,40
67.4,32.5,2019,260,45
33.8,31.1,2019,252,36
67,32.5,2019,249,39
62.1,32.4,2019,246,28
69.2,34.5,2019,235,34
65.5,32.6,2019,227,32
70.1,34.2,2019,219,47
36.4,35.5,2019,216,51
36.6,35.6,2019,209,87
36.9,35.6,2019,209,35
68.4,33.5,2019,207,35
43.9,17.1,2019,206,3
66.6,36.5,2019,198,29
66.6,36.8,2019,196,30
65.6,33.2,2019,195,11
36.8,35.4,2019,193,15
62.8,32.8,2019,193,21
67.8,32.9,2019,193,34
68.8,36.8,2019,193,11
71.2,36.8,2019,183,9
36.5,35.5,2019,182,41
69.6,35,2019,182,33
62.9,34.9,2019,180,12
37.7,48.1,2019,174,80
44.7,13.9,2019,171,9
68.1,32.9,2019,161,27
68.6,36,2019,159,22
68.7,33.9,2019,158,37
36.7,35.5,2019,157,21
65.4,35.9,2019,155,15
65.8,31,2019,153,22
70,34.2,2019,153,15
68.9,37.1,2019,152,14
36.6,35.5,2019,150,41
66.5,32.2,2019,150,24
68.9,34.4,2019,149,5
64.3,35.6,2019,146,18
36.6,35.3,2019,145,35
69.1,36.6,2019,145,23
42.6,36.2,2019,143,45
66.2,36.9,2019,142,10
65.5,32.9,2019,141,25
68.6,34.5,2019,141,15
68.7,35.9,2019,140,13
69.4,36.8,2019,140,20
69.4,36.4,2019,139,17
44.4,14.6,2019,137,1
44.8,14,2019,137,2
36.8,35.5,2019,136,24
67.6,32.7,2019,136,22
13.9,25.9,2019,135,8
68.9,37.2,2019,131,5
69,33.4,2019,131,32
66.7,32.6,2019,128,13
66.9,32.1,2019,128,12
68.8,34.3,2019,127,19
66.1,30.2,2019,125,7
62.4,33.2,2019,123,26
65.9,32.7,2019,122,21
67.3,31.4,2019,122,11
36.3,35.5,2019,121,21
65.1,36.5,2019,121,16
66.3,33.4,2019,121,13
68.7,36,2019,121,7
37.2,35.2,2019,120,13
68.5,34.1,2019,120,25
44.8,13.9,2019,119,6
64.8,35.8,2019,119,22
62.8,34.2,2019,117,15
65.2,35.7,2019,116,8
65.4,36.2,2019,115,11
64.2,35.6,2019,114,7
43,14.8,2019,113,19
67.2,31.9,2019,113,19
68.9,33.9,2019,112,22
69.2,37,2019,112,14
64.7,36,2019,110,9
68.8,31.9,2019,109,4
66.9,36.8,2019,108,23
70.7,35,2019,108,9
70.4,34.3,2019,107,49
67.2,31.6,2019,106,2
38,35,2019,105,15
68.3,33.1,2019,103,19
70.4,34.1,2019,103,26
37.2,36.2,2019,102,36
68.9,33.8,2019,102,18
70.2,34.2,2019,102,15
36.9,35.5,2019,101,14
66.6,31.5,2019,101,10
1.3,15.2,2019,100,3
64.4,34.2,2019,100,1
65.7,32.4,2019,100,13
65,36.1,2019,97,12
66.7,35.8,2019,97,8
69.4,37,2019,97,16
69.4,37.1,2019,97,8
64.8,32.1,2019,96,5
13.8,13.1,2019,95,5
43.2,14.9,2019,94,3
14.3,12.9,2019,92,2
64.7,32.5,2019,91,19
66,32.8,2019,90,14
67.4,36.1,2019,89,11
68.4,33.4,2019,89,13
33.7,30.5,2019,88,7
38.9,34.9,2019,87,15
44.7,14.1,2019,86,1
70.9,34.7,2019,86,17
65.6,31.8,2019,85,11
62,32.4,2019,84,9
65,32.5,2019,84,17
66.2,31,2019,84,11
68.8,36.7,2019,84,12
36.2,35.6,2019,82,9
64.8,36.3,2019,82,13
37,35.7,2019,81,10
65.8,34.7,2019,81,5
66.9,36.3,2019,81,10
69,34,2019,81,17
65.3,34.5,2019,80,10
13.4,32.9,2019,79,5
64.4,31.6,2019,79,15
69.5,37.5,2019,78,10
70.5,34.4,2019,78,21
63.6,34.8,2019,77,16
66.1,37.3,2019,77,7
66.3,36.7,2019,77,12
70.1,34.8,2019,76,22
40.5,35,2019,75,13
66.3,32.9,2019,75,14
69.2,34.2,2019,75,15
33.7,29.9,2019,74,4
64,31,2019,74,16
68.5,33.4,2019,74,7
69.3,34,2019,74,6
70.9,35,2019,74,11
36.4,35.6,2019,73,25
36.5,35.7,2019,73,26
65.3,35.6,2019,73,14
36.6,35.8,2019,72,15
36.6,35.9,2019,71,14
62.1,32.5,2019,71,16
66.3,35.8,2019,71,9
13.8,13.8,2019,70,1
65.3,34.7,2019,70,4
65.4,36,2019,69,14
65.7,34.6,2019,69,11
66.3,32.4,2019,69,9
-1.3,14.8,2019,68,4
68.4,33.7,2019,68,13
69.6,37.3,2019,68,9
36.2,35.8,2019,67,22
36.8,35.6,2019,67,16
36.9,35.7,2019,67,20
64.2,31.9,2019,67,2
64.8,36.2,2019,67,11
36.8,35.9,2019,66,24
63.1,34.8,2019,66,7
65.3,36.9,2019,66,8
65.7,31.6,2019,66,35
13.7,11.4,2019,65,4
69.3,32.7,2019,65,15
69.6,34.1,2019,65,5
64,34.4,2019,64,8
36.4,35.4,2019,63,22
62.8,32.1,2019,63,1
66.5,36.8,2019,63,9
68.6,36.3,2019,63,15
69,36,2019,63,4
65.8,34.6,2019,62,2
68.6,37,2019,62,5
66.2,36,2019,61,6
66.8,37.1,2019,61,11
68.2,33.4,2019,61,9
69.7,34.8,2019,61,15
13.2,32.7,2019,60,12
65.7,36.1,2019,60,8
69.1,34,2019,60,16
69.8,34.3,2019,60,8
12.8,12.5,2019,59,8
36.5,35.6,2019,59,30
66.5,31.9,2019,59,15
66.8,36.7,2019,59,10
68.6,36.7,2019,59,17
70.3,34.4,2019,59,7
13.2,32.8,2019,58,14
36.6,35.4,2019,58,33
68.4,36.9,2019,57,6
68.6,33.5,2019,57,7
69,37.1,2019,57,4
69.3,37.1,2019,57,6
69.7,37.4,2019,57,11
-0.9,14.2,2019,56,2
62.5,32.6,2019,56,9
1.5,15.9,2019,55,2
13.7,12.9,2019,55,3
34.1,31.2,2019,55,23
64.9,31.6,2019,55,6
68.3,33.6,2019,55,14
69.4,33.8,2019,55,3
13.3,32.8,2019,54,14
69.2,36.2,2019,54,4
2.1,15.4,2019,53,1
13,32.2,2019,53,3
37.2,35.4,2019,53,12
63.1,35.2,2019,53,9
65.1,31.6,2019,53,5
66,36.1,2019,53,5
66.9,36.5,2019,53,3
36.7,35.3,2019,52,14
63.1,35,2019,52,7
64.1,30.9,2019,52,15
64.9,32.1,2019,52,1
71,34.2,2019,52,10
69.9,33.5,2019,51,7
70.8,37.2,2019,51,5
45,15.4,2019,50,1
64.3,36,2019,50,9
36.3,35.6,2019,49,18
37,35.8,2019,49,6
43.6,34.5,2019,49,8
62.2,35,2019,49,7
62.9,32.2,2019,49,6
68.9,36.6,2019,49,8
69.5,37.2,2019,49,12
71.4,35,2019,49,5
62.5,33,2019,48,2
65,36.8,2019,48,6
65.6,32.9,2019,48,5
66.8,37,2019,48,8
69,36.7,2019,48,9
14,13.2,2019,47,10
1.8,14.9,2019,46,2
36.1,35.9,2019,46,1
66.1,30.5,2019,46,2
67.8,32.8,2019,46,7
75,34,2019,46,1
14,12.2,2019,45,2
70,34.3,2019,45,6
40.3,35.2,2019,44,6
43,37.3,2019,44,17
63.3,34.4,2019,44,12
63.6,32.6,2019,44,5
65.1,36.9,2019,44,4
66.9,36,2019,44,9
67.6,32.2,2019,44,6
70.9,36.7,2019,44,5
36,35.8,2019,43,5
61.3,32.4,2019,43,10
61.3,33,2019,43,8
69.2,35,2019,43,5
69.8,36.7,2019,43,4
70.6,34.3,2019,43,8
70.9,38.2,2019,43,5
14.1,11.5,2019,42,3
37,35.9,2019,42,15
37.1,36.1,2019,42,6
41.8,33,2019,42,9
62.1,32.8,2019,42,5
66,32.2,2019,42,3
66.8,32.4,2019,42,3
67,32.2,2019,42,8
68.5,35.8,2019,42,5
68.6,36.1,2019,42,6
69,33.9,2019,42,5
69.1,33.5,2019,42,2
13.2,12.5,2019,41,9
34.5,31.5,2019,41,17
36.3,35.8,2019,41,19
38.6,48.1,2019,41,41
61.6,35.1,2019,41,9
65.2,35.8,2019,41,4
67.9,32.3,2019,41,5
68.3,32.3,2019,41,11
69.7,34,2019,41,7
-6.2,15.2,2019,40,2
44.6,15.7,2019,40,3
64.7,32.4,2019,40,1
68,34.2,2019,40,4
68.1,33.2,2019,39,7
68.4,37,2019,39,4
69,33.1,2019,39,8
71.1,35,2019,39,10
36.8,35.7,2019,38,10
45,34,2019,38,11
64.3,34.1,2019,38,4
65,35.9,2019,38,10
68.4,33.8,2019,38,7
68.8,36.3,2019,38,5
70.4,34.8,2019,38,8
71.3,35.5,2019,38,6
13.9,13.7,2019,37,1
40.3,36.8,2019,37,5
43.2,17.3,2019,37,3
65.9,36.2,2019,37,5
67.2,32.2,2019,37,9
68.7,36.2,2019,37,4
68.9,36.8,2019,37,4
70.4,36.8,2019,37,3
-0.5,14.7,2019,36,2
34.2,31.3,2019,36,17
38.8,34,2019,36,2
40.9,34.5,2019,36,5
64,32.1,2019,36,10
66.9,37,2019,36,2
13.1,12.3,2019,35,6
49,11,2019,35,8
61.7,32.8,2019,35,3
64.2,31.5,2019,35,2
66.3,37,2019,35,4
68.5,33.3,2019,35,8
69.1,34.3,2019,35,3
69.4,37.4,2019,35,2
70.8,35.9,2019,35,5
12,11.7,2019,34,3
12.8,13.5,2019,34,1
13.5,13.5,2019,34,5
34,29.5,2019,34,1
36.6,35.7,2019,34,13
36.7,35.7,2019,34,11
64.6,31.6,2019,34,9
65.8,32.6,2019,34,5
66,30.1,2019,34,1
66.3,30.5,2019,34,2
66.6,35.5,2019,34,1
67.7,36,2019,34,2
67.8,33.3,2019,34,12
70.3,34.1,2019,34,15
70.8,35.3,2019,34,5
38.9,35.2,2019,33,1
39.5,39.1,2019,33,11
40.4,35.1,2019,33,5
43.1,16.4,2019,33,6
64.9,36.3,2019,33,8
68.3,34.2,2019,33,4
44.9,12.8,2019,32,1
62.6,34.9,2019,32,5
64.9,36,2019,32,4
65.5,33.4,2019,32,4
66.5,31.2,2019,32,1
67.8,35.6,2019,32,4
68,33,2019,32,5
68.1,33.1,2019,32,2
68.9,33.3,2019,32,7
69,38.6,2019,32,1
69.6,37.4,2019,32,2
71.1,34.8,2019,32,6
63,35.2,2019,31,5
63.5,34.3,2019,31,1
68,33.1,2019,31,3
68.1,32.6,2019,31,8
68.2,33,2019,31,1
-5.3,14.8,2019,30,2
13.7,11.1,2019,30,7
14.3,12.6,2019,30,3
36,35.7,2019,30,8
36.7,35.9,2019,30,5
66.6,32.9,2019,30,4
68.7,33.7,2019,30,6
-2.6,15.1,2019,29,7
12.7,11.5,2019,29,2
13.3,13.7,2019,29,8
13.6,11.4,2019,29,2
14,12.6,2019,29,4
41,34.5,2019,29,2
62,34.5,2019,29,7
63.3,34.9,2019,29,1
65.2,34.5,2019,29,1
66.7,36.8,2019,29,8
70.2,34.5,2019,29,5
74,33.8,2019,29,9
-4.2,15,2019,28,4
-1,14.5,2019,28,2
13.3,12.6,2019,28,3
36.3,33.5,2019,28,7
43.2,16,2019,28,4
44,37,2019,28,14
60.7,28.9,2019,28,1
62.2,34.3,2019,28,11
63.8,35.7,2019,28,4
65,34,2019,28,1
65.9,35.4,2019,28,3
66.2,33.8,2019,28,4
67.5,32.1,2019,28,1
67.8,31.8,2019,28,3
68.5,33.5,2019,28,5
69.3,33.7,2019,28,5
70.1,34.3,2019,28,3
70.2,34.8,2019,28,5
74.7,32.6,2019,28,6
12.3,11.5,2019,27,2
13,32.4,2019,27,3
13.3,13.5,2019,27,4
14.7,26.1,2019,27,3
36.7,35.8,2019,27,10
43.4,37,2019,27,5
63.4,34,2019,27,1
64.9,36.1,2019,27,3
65.2,32,2019,27,7
67,36.8,2019,27,10
68.8,34,2019,27,3
69.2,33.2,2019,27,3
69.3,33.8,2019,27,6
70.8,34.2,2019,27,7
12.5,11.2,2019,26,3
36.3,35.7,2019,26,8
62.6,32.7,2019,26,4
63.8,35.8,2019,26,1
64.3,35,2019,26,7
65.7,34.5,2019,26,5
67.4,31.7,2019,26,4
68.9,33.7,2019,26,4
70.7,37.7,2019,26,3
36.8,35.8,2019,25,8
37.4,11.6,2019,25,3
43.7,13.3,2019,25,1
62,32.3,2019,25,4
63.9,35.6,2019,25,1
64.5,32.5,2019,25,8
68.8,32.4,2019,25,7
69.2,34,2019,25,3
69.3,36.3,2019,25,2
12.5,13.1,2019,24,3
13.4,11.2,2019,24,10
14,13.5,2019,24,1
32.9,31,2019,24,4
43.1,14.7,2019,24,5
43.4,16.1,2019,24,1
63.1,34.3,2019,24,3
64.5,35.8,2019,24,5
64.8,32.4,2019,24,1
64.8,35.9,2019,24,3
65.9,36.3,2019,24,5
66.9,36.4,2019,24,4
68.4,35.3,2019,24,5
68.8,30.3,2019,24,3
69.3,36.4,2019,24,1
69.4,37.2,2019,24,3
70.6,34.2,2019,24,5
12.8,11.8,2019,23,4
13.3,13.6,2019,23,1
36.2,33.5,2019,23,3
36.4,35.7,2019,23,10
36.5,35.8,2019,23,7
38.8,35.3,2019,23,1
40.9,34.4,2019,23,2
43.4,16.2,2019,23,2
43.7,13.6,2019,23,1
64.3,31.7,2019,23,3
65,34.6,2019,23,2
66,37.4,2019,23,5
67.1,35.7,2019,23,3
68.9,32.4,2019,23,9
69.1,34.1,2019,23,7
69.5,36.7,2019,23,5
-3.2,13.4,2019,22,4
43.3,37.2,2019,22,8
64.8,36.1,2019,22,3
65.1,32.4,2019,22,2
66.4,35.9,2019,22,4
68.2,33.2,2019,22,2
68.4,33.6,2019,22,3
68.9,36.5,2019,22,4
69.3,32.8,2019,22,2
69.8,33.8,2019,22,5
2,15.4,2019,21,2
34.4,31.4,2019,21,8
37.1,36.2,2019,21,10
40.3,34.7,2019,21,2
43.9,34.2,2019,21,4
44,13.6,2019,21,9
61.4,32.1,2019,21,3
62.9,32.6,2019,21,3
64.1,31.3,2019,21,10
66,37.1,2019,21,5
66.7,36.7,2019,21,5
68.8,33.3,2019,21,2
68.8,35,2019,21,4
70.3,34.7,2019,21,1
12,11.3,2019,20,3
36.2,33.1,2019,20,9
36.7,36.3,2019,20,2
36.9,35.8,2019,20,7
43.2,14.1,2019,20,8
43.4,17.4,2019,20,1
61.2,34.2,2019,20,8
65.2,31.5,2019,20,4
67.2,32.9,2019,20,1
68,36.3,2019,20,4
69.1,34.2,2019,20,4
69.2,33.6,2019,20,7
69.6,34.2,2019,20,1
70.8,36.4,2019,20,3
74.9,33.8,2019,20,9
24.3,13.1,2019,19,6
36,35.6,2019,19,6
40.1,36.6,2019,19,2
40.5,38,2019,19,7
41,34.4,2019,19,2
62.3,33.4,2019,19,8
62.8,34.5,2019,19,1
62.9,31.7,2019,19,6
66.4,36,2019,19,3
67.1,31.5,2019,19,1
68.8,36.2,2019,19,3
69,34.1,2019,19,3
69.8,34,2019,19,2
69.9,37.5,2019,19,2
71,35.2,2019,19,3
13.5,32.7,2019,18,1
13.6,10.9,2019,18,2
38.8,34.7,2019,18,1
39.8,35.2,2019,18,5
43.2,36.4,2019,18,3
44.4,33.7,2019,18,6
45,36.5,2019,18,11
62.5,32.5,2019,18,4
63.1,35.1,2019,18,1
63.2,33.8,2019,18,2
63.8,33.9,2019,18,1
66.2,30.2,2019,18,1
66.2,35.8,2019,18,5
66.9,36.6,2019,18,1
69.1,35.9,2019,18,2
69.7,33.5,2019,18,1
71,34.3,2019,18,2
71.1,34.9,2019,18,3
74.9,33.7,2019,18,10
75,33.8,2019,18,7
3.9,14.8,2019,17,1
4.1,15.8,2019,17,1
12.1,11,2019,17,3
13.9,12.4,2019,17,2
14.4,27,2019,17,1
38.9,36.4,2019,17,2
44.2,35.2,2019,17,7
44.4,35.5,2019,17,2
64.9,36.4,2019,17,5
65.8,31.8,2019,17,2
66,32.7,2019,17,3
66.1,36.8,2019,17,3
66.3,36,2019,17,2
68.6,33,2019,17,3
68.6,33.3,2019,17,3
68.6,38.4,2019,17,1
68.7,36.1,2019,17,6
69,35.8,2019,17,4
70,34.4,2019,17,1
75.1,33.9,2019,17,7
-1.4,13.9,2019,16,1
13.3,32.9,2019,16,2
13.6,32.4,2019,16,3
13.8,11.2,2019,16,5
31.2,30,2019,16,5
36.1,32.7,2019,16,15
36.3,32.8,2019,16,8
40.4,36.7,2019,16,3
43.6,37.3,2019,16,7
43.8,35.3,2019,16,3
44,36.2,2019,16,2
44.1,37.5,2019,16,10
44.4,35.2,2019,16,2
45.4,17.3,2019,16,2
45.4,34.3,2019,16,9
62.2,32.4,2019,16,3
63.5,35.3,2019,16,1
64.3,34.4,2019,16,2
66.8,37.3,2019,16,4
68,33.5,2019,16,3
68.5,32.7,2019,16,4
69.1,36.7,2019,16,4
69.8,33.7,2019,16,2
70.2,33.4,2019,16,4
-6.7,14.6,2019,15,1
-2.4,14.1,2019,15,4
-2.4,14.9,2019,15,2
-1,13.6,2019,15,1
0.9,19.5,2019,15,2
13.2,11.9,2019,15,3
13.4,14.4,2019,15,1
43.1,16.3,2019,15,1
43.5,17.1,2019,15,1
43.5,17.4,2019,15,1
43.9,13.6,2019,15,2
44.1,17,2019,15,2
44.3,15.4,2019,15,1
45,15.5,2019,15,1
62.2,32.5,2019,15,3
63.2,34.4,2019,15,2
63.3,32,2019,15,3
63.7,33.6,2019,15,1
64.9,37,2019,15,3
65,34.1,2019,15,3
65.2,31.1,2019,15,4
65.6,32.4,2019,15,1
65.7,31.9,2019,15,1
67,30.2,2019,15,3
68.1,33.7,2019,15,4
68.8,34.4,2019,15,5
69.2,33,2019,15,2
69.5,33.7,2019,15,6
70.7,34.4,2019,15,3
79.8,19.9,2019,15,5
-4.9,14.1,2019,14,1
13.1,14.3,2019,14,1
13.6,13.2,2019,14,1
14.5,12.3,2019,14,1
33,31,2019,14,3
36.1,35.8,2019,14,3
36.4,35.1,2019,14,1
36.8,36,2019,14,3
40.9,34.6,2019,14,2
42.3,37.4,2019,14,6
44.3,13.4,2019,14,2
44.7,36.9,2019,14,6
45.4,14,2019,14,3
62.4,35,2019,14,1
63.3,35,2019,14,2
64.2,31.8,2019,14,2
64.6,25.3,2019,14,1
64.8,35.4,2019,14,1
65,33,2019,14,4
66,31.3,2019,14,1
66.1,36.1,2019,14,2
66.3,36.8,2019,14,2
67.4,32.3,2019,14,1
68.2,33.3,2019,14,3
68.7,33.6,2019,14,2
69.4,33.4,2019,14,2
70.1,34.7,2019,14,2
70.7,34.7,2019,14,3
74.5,34.3,2019,14,10
74.9,33.9,2019,14,2
-1.6,14.1,2019,13,2
13.1,12,2019,13,2
13.2,32.6,2019,13,1
13.8,13.3,2019,13,1
14.2,12.5,2019,13,2
36,32.7,2019,13,11
36.3,35.9,2019,13,6
39,48.9,2019,13,11
43.2,37,2019,13,7
43.3,17.4,2019,13,1
44.1,37.1,2019,13,7
61.1,34.7,2019,13,5
61.3,31.7,2019,13,3
62.2,33.2,2019,13,4
64.1,35.6,2019,13,1
68.3,33.8,2019,13,3
69,32.8,2019,13,5
69.3,33.2,2019,13,1
69.6,32.7,2019,13,3
69.9,33.8,2019,13,5
70.5,35.1,2019,13,1
71.3,35.2,2019,13,3
71.4,35.1,2019,13,2
36,32.8,2019,12,9
36.9,36.1,2019,12,2
37,36.1,2019,12,5
37,36.2,2019,12,7
37.1,36.3,2019,12,9
38.8,35.6,2019,12,1
40.2,35.4,2019,12,4
40.2,36.7,2019,12,3
40.6,34.9,2019,12,2
42.2,37.5,2019,12,6
43.2,37.6,2019,12,4
43.3,16.2,2019,12,1
44.3,37.6,2019,12,6
44.4,13.6,2019,12,1
44.5,36.6,2019,12,5
44.7,17.4,2019,12,1
63,35.1,2019,12,1
64.4,33.5,2019,12,2
64.9,34.1,2019,12,1
65.6,31.6,2019,12,3
65.8,36.2,2019,12,2
66.1,31.2,2019,12,1
66.7,36.1,2019,12,1
67.5,32.8,2019,12,1
68.3,33.5,2019,12,1
68.5,32.4,2019,12,1
68.5,36.1,2019,12,2
68.8,35.8,2019,12,5
69.7,34.6,2019,12,1
69.7,36.5,2019,12,3
69.8,33.3,2019,12,1
70,34.1,2019,12,2
70.4,35.9,2019,12,1
72,36.8,2019,12,4
75,33.9,2019,12,5
75.1,33.8,2019,12,6
-2.8,13.9,2019,11,2
-2.7,14.3,2019,11,3
-2.2,14.3,2019,11,1
12.5,10.8,2019,11,4
13.3,11.9,2019,11,3
16.6,31.2,2019,11,4
30.9,29.9,2019,11,3
39.5,35,2019,11,4
40.1,36.7,2019,11,2
40.9,37.4,2019,11,6
41,35.2,2019,11,1
43.4,35.1,2019,11,2
43.7,37.1,2019,11,5
61.2,34.6,2019,11,3
63.8,35.1,2019,11,2
64.3,35.7,2019,11,1
64.5,34,2019,11,1
64.9,35.3,2019,11,3
65.1,35.1,2019,11,3
65.6,36.9,2019,11,2
66.2,32.1,2019,11,2
66.4,36.8,2019,11,2
66.7,36,2019,11,1
68.8,33.2,2019,11,4
70.4,37.1,2019,11,2
70.7,36.9,2019,11,2
70.8,36.8,2019,11,1
71.1,37.1,2019,11,1
-2.8,14,2019,10,2
11.9,12.9,2019,10,1
12.6,11.6,2019,10,1
13,11.5,2019,10,6
14.2,12.2,2019,10,2
36.9,36,2019,10,7
40.2,36.6,2019,10,3
40.3,36.7,2019,10,2
43.7,13.4,2019,10,1
44.6,37.3,2019,10,5
44.7,13.7,2019,10,1
45.3,15.5,2019,10,3
48.9,10.8,2019,10,2
49.1,11,2019,10,1
62.8,34.9,2019,10,1
62.9,34.2,2019,10,1
63,34.3,2019,10,1
63.4,35.5,2019,10,1
63.8,35,2019,10,4
67.5,33.1,2019,10,2
67.7,32.6,2019,10,2
68.6,33.7,2019,10,1
69,36.1,2019,10,1
69.2,34.9,2019,10,1
69.3,36.9,2019,10,1
69.4,33,2019,10,1
70.3,34.2,2019,10,2
70.8,31.8,2019,10,2
71.2,36.7,2019,10,2
74.3,34,2019,10,3
74.5,33.1,2019,10,5
75.2,33.8,2019,10,3
-2.4,13.6,2019,9,1
0.8,15.7,2019,9,1
8,10,2019,9,1
12.6,13.3,2019,9,3
12.8,12.3,2019,9,1
12.9,13,2019,9,1
13.2,11.8,2019,9,5
13.2,12.9,2019,9,1
13.6,12.7,2019,9,2
13.7,32.7,2019,9,2
13.8,11.1,2019,9,3
13.9,12,2019,9,5
14.7,13.5,2019,9,3
36,33.1,2019,9,1
36.1,32.8,2019,9,5
37.5,47.9,2019,9,7
38,34.2,2019,9,1
40.5,34.9,2019,9,3
44.1,17.4,2019,9,3
44.2,15.4,2019,9,3
45.1,36.7,2019,9,3
47.5,15.5,2019,9,3
62.9,35.1,2019,9,1
64.7,31.8,2019,9,2
65.2,35.6,2019,9,1
65.3,35.9,2019,9,1
65.5,36.3,2019,9,3
66.1,32.4,2019,9,1
66.1,36.3,2019,9,2
66.7,29.8,2019,9,1
66.7,32,2019,9,1
67.2,36.9,2019,9,1
67.5,32.9,2019,9,1
67.6,31.9,2019,9,1
68.1,32.8,2019,9,1
68.4,33,2019,9,1
68.6,35.9,2019,9,1
69,33.5,2019,9,3
69.1,33.4,2019,9,3
69.1,33.6,2019,9,1
69.3,32.6,2019,9,2
69.3,35,2019,9,2
69.4,37.3,2019,9,1
70.6,37,2019,9,1
72,35.3,2019,9,2
-0.8,16.1,2019,8,1
2.4,15.9,2019,8,5
12.8,12.1,2019,8,2
13.1,11.8,2019,8,2
14.2,11.3,2019,8,5
14.2,12.3,2019,8,1
30.7,29.2,2019,8,1
36.5,32.4,2019,8,1
36.8,36.2,2019,8,2
37.4,36.4,2019,8,2
37.6,36.2,2019,8,3
41.9,34.5,2019,8,1
42.4,38.3,2019,8,4
42.5,15.5,2019,8,1
43,16.5,2019,8,1
43.1,14,2019,8,1
43.5,35.3,2019,8,4
44.6,13.6,2019,8,2
44.7,17.1,2019,8,1
44.8,13.2,2019,8,1
62.2,32.2,2019,8,2
62.3,25.1,2019,8,1
62.4,34.7,2019,8,1
62.9,34.8,2019,8,1
62.9,35.2,2019,8,1
63.8,34.9,2019,8,1
64.5,31.8,2019,8,2
64.6,35.9,2019,8,2
66,32.4,2019,8,1
66,32.6,2019,8,2
66,32.9,2019,8,1
66.3,31.8,2019,8,1
66.5,36.7,2019,8,1
68,35.5,2019,8,1
68.8,34.5,2019,8,1
69,37.2,2019,8,2
69.4,33.3,2019,8,1
69.5,35.1,2019,8,1
69.6,33.8,2019,8,4
69.9,33.3,2019,8,6
71.1,36.8,2019,8,1
71.6,34,2019,8,2
73.9,33.9,2019,8,4
-5,18.6,2019,7,1
-4.8,12.2,2019,7,1
-3.6,15,2019,7,1
-2,14.7,2019,7,3
-1.6,13.8,2019,7,2
-1.4,15.4,2019,7,3
-1,13.7,2019,7,2
0.8,15.4,2019,7,2
2.1,15.9,2019,7,2
2.4,15.7,2019,7,1
13.1,32.7,2019,7,3
13.2,32.5,2019,7,3
13.3,32.6,2019,7,2
13.6,13,2019,7,1
13.9,11.2,2019,7,2
14.6,31.5,2019,7,3
17.2,23.9,2019,7,1
36.9,36.3,2019,7,3
37.3,36.3,2019,7,1
37.8,47.3,2019,7,3
38.2,48.4,2019,7,6
38.5,48.7,2019,7,5
40.7,38.5,2019,7,4
43,16,2019,7,4
43.1,36.3,2019,7,2
43.2,35.5,2019,7,2
43.6,35.8,2019,7,2
43.7,37.6,2019,7,3
43.8,13.4,2019,7,1
44.2,13.4,2019,7,2
44.5,13.9,2019,7,1
44.6,36.9,2019,7,1
44.9,34.4,2019,7,2
45.5,14.1,2019,7,2
61.9,31,2019,7,2
62.1,33.3,2019,7,2
64.2,35.7,2019,7,2
64.7,31.9,2019,7,1
65,32.2,2019,7,1
65.6,33.1,2019,7,1
65.8,36.8,2019,7,4
66.4,35.7,2019,7,2
66.5,36.1,2019,7,2
67.2,36.8,2019,7,2
67.3,36,2019,7,1
67.6,32.8,2019,7,1
67.6,33.8,2019,7,1
68,32.8,2019,7,1
68,36.2,2019,7,1
68.1,35.5,2019,7,2
68.4,36.1,2019,7,1
68.5,34.2,2019,7,1
68.6,34.4,2019,7,1
68.7,33.2,2019,7,3
69,36.8,2019,7,1
69.3,34.9,2019,7,4
69.5,33.8,2019,7,1
69.6,34.9,2019,7,1
69.8,34.9,2019,7,4
69.9,33,2019,7,5
70.1,34.9,2019,7,1
70.4,34.2,2019,7,1
70.8,34.1,2019,7,1
71,34.1,2019,7,2
74.1,33.5,2019,7,4
74.4,34.4,2019,7,1
74.8,33.7,2019,7,3
75,33.7,2019,7,2
-5,14.2,2019,6,1
-3.6,14.5,2019,6,2
-2.9,14.3,2019,6,3
-2.4,15.2,2019,6,3
-1.9,14,2019,6,1
-1.7,14,2019,6,2
-1.3,14.7,2019,6,1
-1.1,11.2,2019,6,1
-1.1,13.9,2019,6,1
-0,16.3,2019,6,2
12.6,32.8,2019,6,1
13.5,13.6,2019,6,1
13.8,12.4,2019,6,2
14,11.2,2019,6,3
31.2,30.3,2019,6,1
35.9,32.8,2019,6,2
36.1,32.6,2019,6,9
36.1,33,2019,6,10
36.2,32.6,2019,6,5
36.2,35.5,2019,6,1
36.3,35.1,2019,6,1
36.4,35.9,2019,6,3
37,33,2019,6,1
37.2,36,2019,6,3
40.3,34.9,2019,6,3
42.1,36.3,2019,6,1
42.3,37.9,2019,6,3
42.5,36.5,2019,6,1
42.5,37.2,2019,6,2
42.9,36.3,2019,6,1
43.1,16.1,2019,6,2
43.2,13.3,2019,6,1
43.5,14,2019,6,2
43.9,39.4,2019,6,2
44.4,17.2,2019,6,2
44.4,35.1,2019,6,1
44.5,13.7,2019,6,2
44.7,13.8,2019,6,1
45.2,34.5,2019,6,2
46.3,34.8,2019,6,1
49.2,11.3,2019,6,4
62.8,31.5,2019,6,1
63.1,29.9,2019,6,2
63.2,35.1,2019,6,1
63.3,33.8,2019,6,2
63.8,34.1,2019,6,1
64.7,35.8,2019,6,3
64.9,34.4,2019,6,1
65.7,31.7,2019,6,2
66.6,36.7,2019,6,2
67.9,33.2,2019,6,2
68.4,34,2019,6,1
68.5,35.9,2019,6,1
68.9,35,2019,6,3
68.9,37.3,2019,6,1
69.1,36.1,2019,6,2
69.7,33.4,2019,6,2
69.7,33.6,2019,6,3
69.7,35,2019,6,1
69.9,33.1,2019,6,2
69.9,33.6,2019,6,1
70.1,33.4,2019,6,1
70.1,37.3,2019,6,2
70.2,33.5,2019,6,1
70.3,35,2019,6,1
70.4,34.9,2019,6,1
70.8,34.8,2019,6,2
74.8,33.9,2019,6,3
-4.5,14.2,2019,5,1
-1.6,14.4,2019,5,2
-1.5,13.7,2019,5,1
1.2,14.7,2019,5,2
3.8,15.1,2019,5,1
10.2,36.8,2019,5,2
13.1,13.7,2019,5,3
13.9,12.2,2019,5,1
14,11,2019,5,1
14,12.1,2019,5,4
14.2,12.4,2019,5,2
31.5,30.2,2019,5,1
32.8,30.9,2019,5,2
35.8,35.5,2019,5,2
35.9,33.1,2019,5,4
36.1,35.6,2019,5,1
36.4,32.8,2019,5,5
36.4,33.4,2019,5,2
36.4,35.8,2019,5,2
36.4,36,2019,5,2
36.9,36.2,2019,5,3
37.6,34.5,2019,5,1
39.9,10.4,2019,5,1
41,37.4,2019,5,3
43.2,14.2,2019,5,1
43.7,13.5,2019,5,1
43.7,34.6,2019,5,2
43.8,15.8,2019,5,1
43.8,33.3,2019,5,1
43.9,13.4,2019,5,1
44.1,37.4,2019,5,2
44.2,33.9,2019,5,1
45.4,14.3,2019,5,3
45.7,14,2019,5,1
46,17.3,2019,5,1
60.9,33.6,2019,5,1
61.6,35.2,2019,5,1
61.7,32.7,2019,5,1
61.7,35.1,2019,5,1
61.8,34.3,2019,5,2
62,33.7,2019,5,3
62.3,35.1,2019,5,1
62.5,32.3,2019,5,1
63.1,35.8,2019,5,1
63.4,34.4,2019,5,1
64.1,30.7,2019,5,1
64.1,35.7,2019,5,1
64.3,31.5,2019,5,1
64.3,35.9,2019,5,2
64.4,35.9,2019,5,1
64.5,34.4,2019,5,1
64.9,33.7,2019,5,1
65.4,32.2,2019,5,1
65.7,36.2,2019,5,1
65.8,32.8,2019,5,1
66.1,33.2,2019,5,1
66.1,33.6,2019,5,1
66.8,32.1,2019,5,1
67.3,32.2,2019,5,1
67.3,36.1,2019,5,1
67.8,33,2019,5,1
67.9,30.1,2019,5,1
68,36.9,2019,5,1
68.2,33.1,2019,5,1
68.2,34.5,2019,5,1
68.7,32.9,2019,5,2
68.7,33.4,2019,5,1
68.7,34.4,2019,5,1
68.8,32.9,2019,5,2
68.9,34.1,2019,5,1
69.1,33.9,2019,5,1
69.1,34.4,2019,5,1
69.1,35,2019,5,1
69.2,33.9,2019,5,1
69.2,35.1,2019,5,2
69.3,34.5,2019,5,2
69.3,36,2019,5,1
69.5,33.1,2019,5,2
69.5,37.3,2019,5,1
69.5,37.4,2019,5,1
69.6,36.2,2019,5,1
69.9,34.6,2019,5,1
70.1,33.6,2019,5,1
70.2,34.7,2019,5,3
70.7,34,2019,5,2
70.7,35.1,2019,5,1
70.8,34.3,2019,5,2
71,34.9,2019,5,1
71.2,34.7,2019,5,1
73.8,34.3,2019,5,1
73.9,34.6,2019,5,3
74.1,33.7,2019,5,1
74.2,32.9,2019,5,1
74.2,33.1,2019,5,4
74.2,33.4,2019,5,3
74.4,34.2,2019,5,2
74.8,33.8,2019,5,2
75.1,33.7,2019,5,1
-6.4,13.7,2019,4,1
-4.2,14.8,2019,4,1
-3.9,13.2,2019,4,1
-3.8,13.4,2019,4,1
-3.7,16.4,2019,4,2
-1.6,13.9,2019,4,2
-0.8,14.2,2019,4,1
-0.3,11.2,2019,4,1
0.1,17.5,2019,4,1
3.6,15.4,2019,4,1
8.4,35.6,2019,4,1
12.5,31.8,2019,4,1
12.9,32,2019,4,1
13.3,11.6,2019,4,1
13.4,10.7,2019,4,2
13.7,14,2019,4,3
32.7,29.9,2019,4,1
34.1,31.1,2019,4,1
36,32.9,2019,4,4
36,33.3,2019,4,2
36,35.9,2019,4,1
36.2,35.9,2019,4,2
36.7,36,2019,4,2
36.8,32.8,2019,4,1
36.8,36.1,2019,4,3
37.2,33,2019,4,1
37.9,37.2,2019,4,2
38,48.3,2019,4,4
38.3,34.6,2019,4,3
38.6,34.4,2019,4,2
40.3,37.4,2019,4,1
40.5,38.9,2019,4,1
40.8,34.6,2019,4,1
42.6,33.6,2019,4,1
43.2,39.7,2019,4,2
43.3,16.3,2019,4,1
43.4,16.3,2019,4,1
43.5,13.9,2019,4,1
43.6,37,2019,4,2
43.9,33.4,2019,4,1
44.1,34.8,2019,4,3
44.2,39.1,2019,4,1
44.3,39.1,2019,4,1
44.4,33.3,2019,4,3
45.1,34.9,2019,4,1
45.3,33.9,2019,4,1
45.4,14.5,2019,4,1
45.4,35.6,2019,4,2
62,32.6,2019,4,1
62.4,32.6,2019,4,1
62.6,32.8,2019,4,1
63.1,26,2019,4,1
64.8,32.2,2019,4,1
64.9,31.5,2019,4,1
64.9,36.5,2019,4,1
65,31.5,2019,4,1
65.3,31.5,2019,4,1
65.7,37.3,2019,4,1
66.2,31.5,2019,4,2
66.5,36.6,2019,4,1
66.6,33.3,2019,4,1
67.1,32,2019,4,1
67.7,33,2019,4,1
67.8,32.7,2019,4,1
68.2,33.6,2019,4,1
68.3,32.5,2019,4,1
68.3,35.5,2019,4,1
68.5,32.9,2019,4,1
68.5,33.6,2019,4,1
68.5,37,2019,4,2
68.6,34.1,2019,4,1
68.6,37.2,2019,4,2
68.9,34,2019,4,1
68.9,34.5,2019,4,4
68.9,35.1,2019,4,1
69,33.8,2019,4,1
69.1,34.9,2019,4,1
69.3,34.3,2019,4,1
69.4,36.1,2019,4,1
69.7,33.8,2019,4,1
69.7,40.1,2019,4,1
70.4,33.2,2019,4,2
70.4,36.5,2019,4,1
70.6,34,2019,4,2
70.8,31.6,2019,4,1
70.8,38.4,2019,4,1
71.1,33.5,2019,4,1
73.1,30.7,2019,4,1
73.9,34.4,2019,4,2
74.1,33.8,2019,4,2
74.9,33.6,2019,4,2
75.3,33.1,2019,4,1
76.6,11.1,2019,4,1
-4.8,14.1,2019,3,1
-4.5,16.6,2019,3,1
-3.6,14.3,2019,3,2
-2.5,14.4,2019,3,1
-2,14.5,2019,3,1
-1.8,16.1,2019,3,1
-1.3,13.7,2019,3,1
-1.2,13.9,2019,3,1
-0.9,14.7,2019,3,1
-0.7,14.1,2019,3,1
-0,14.5,2019,3,1
1.7,36.5,2019,3,1
3.5,36.8,2019,3,2
8.9,35.1,2019,3,1
9.1,34.8,2019,3,1
12.1,10.7,2019,3,2
12.1,13.1,2019,3,1
12.2,10.7,2019,3,1
12.3,10.9,2019,3,1
12.4,13.1,2019,3,1
12.5,11.8,2019,3,2
12.5,12.9,2019,3,1
12.7,32.4,2019,3,1
12.7,32.8,2019,3,2
13.1,13.3,2019,3,1
13.3,10.8,2019,3,1
13.4,13.6,2019,3,1
13.5,11.3,2019,3,1
13.6,11.9,2019,3,6
13.6,13.1,2019,3,2
13.6,13.7,2019,3,1
13.7,11,2019,3,1
13.7,13,2019,3,1
14,12,2019,3,1
14.1,12.8,2019,3,1
23.4,12.3,2019,3,1
33.3,31,2019,3,2
34.3,31.3,2019,3,2
35.9,33.2,2019,3,3
36,33,2019,3,1
36.1,35.7,2019,3,3
36.2,36.5,2019,3,2
36.6,35.2,2019,3,3
37,35.4,2019,3,2
37,36,2019,3,4
37.1,36.5,2019,3,1
37.5,48,2019,3,3
37.6,47.7,2019,3,2
37.7,47.8,2019,3,2
37.9,47.4,2019,3,1
37.9,48.4,2019,3,3
39.5,35.4,2019,3,1
41,38.5,2019,3,1
41.2,37.1,2019,3,3
41.9,37.3,2019,3,2
42,36.2,2019,3,1
42.2,37.7,2019,3,2
42.3,38.5,2019,3,1
42.6,37.4,2019,3,2
42.8,37.7,2019,3,2
42.8,39.6,2019,3,1
43,14.7,2019,3,1
43.1,37,2019,3,1
43.1,38.3,2019,3,1
43.3,13.8,2019,3,2
43.4,13.9,2019,3,1
43.4,37.2,2019,3,1
43.6,35.3,2019,3,1
43.6,43.5,2019,3,1
43.7,38.4,2019,3,2
43.9,39.2,2019,3,1
44,13.5,2019,3,2
44,39.9,2019,3,2
44.1,35.7,2019,3,3
44.4,38.4,2019,3,1
44.5,13.8,2019,3,1
44.8,43.2,2019,3,1
44.9,36.6,2019,3,2
45,36.4,2019,3,1
45.3,34.4,2019,3,1
45.7,43.3,2019,3,1
47,40,2019,3,3
47.5,42.9,2019,3,1
50.4,10.6,2019,3,1
61.3,34.6,2019,3,1
61.5,35.3,2019,3,1
61.8,29.2,2019,3,1
61.8,34.4,2019,3,1
62,30.9,2019,3,1
62,34.8,2019,3,1
62.1,34.2,2019,3,1
62.2,33.4,2019,3,1
63.1,32.2,2019,3,1
63.4,34.8,2019,3,1
64.1,33.1,2019,3,1
64.3,31.4,2019,3,1
64.4,31.8,2019,3,1
65.1,32.3,2019,3,1
65.1,35.9,2019,3,1
65.2,30.1,2019,3,1
65.5,31.6,2019,3,1
65.6,31.4,2019,3,1
66.5,36.9,2019,3,1
67.1,36.5,2019,3,1
68.2,36.1,2019,3,1
68.3,31.9,2019,3,1
68.5,33.2,2019,3,1
68.7,33.3,2019,3,1
68.7,35.6,2019,3,1
68.7,36.7,2019,3,1
69,35.1,2019,3,2
69.1,34.8,2019,3,3
69.4,32.8,2019,3,1
69.4,34.5,2019,3,1
69.5,31.9,2019,3,1
69.6,37.5,2019,3,1
69.8,32.7,2019,3,1
69.8,32.9,2019,3,1
69.9,37.3,2019,3,1
70,28.7,2019,3,1
70,33,2019,3,1
70,35,2019,3,1
70.1,33.5,2019,3,1
70.1,34.1,2019,3,1
70.5,31.9,2019,3,2
70.5,33.3,2019,3,1
70.6,37.6,2019,3,1
70.8,35,2019,3,1
70.9,37,2019,3,1
71.2,34.9,2019,3,1
73.8,33.9,2019,3,1
73.9,34,2019,3,2
74.1,32.6,2019,3,1
74.1,33.9,2019,3,1
74.2,33.2,2019,3,2
74.2,34.4,2019,3,3
74.5,32.8,2019,3,2
74.6,34.3,2019,3,1
74.7,32.9,2019,3,2
74.8,34.5,2019,3,2
75,34.4,2019,3,2
-7.6,12.9,2019,2,1
-6.1,14.7,2019,2,1
-5.2,13.9,2019,2,1
-5,10.2,2019,2,1
-5,14.6,2019,2,1
-4.6,14.9,2019,2,1
-3.7,14.4,2019,2,1
-3.6,13.7,2019,2,1
-3.3,14.1,2019,2,1
-3.1,14.6,2019,2,1
-2.9,15.3,2019,2,1
-2.8,14.1,2019,2,1
-2.4,13.8,2019,2,2
-2.1,14.3,2019,2,1
-2.1,14.8,2019,2,1
-1.9,14.9,2019,2,1
-1.4,11.4,2019,2,1
-1.1,14.3,2019,2,1
-1,14.8,2019,2,1
-0.6,35.2,2019,2,1
-0.1,14.8,2019,2,1
1.3,13.7,2019,2,1
2,36.3,2019,2,1
2.2,22.6,2019,2,1
4.4,14.1,2019,2,1
9.1,34.4,2019,2,1
11.8,12.1,2019,2,1
12.6,10.9,2019,2,2
12.8,11,2019,2,1
13,13,2019,2,1
13.4,32.2,2019,2,1
13.6,11.1,2019,2,1
13.8,11.9,2019,2,1
13.9,11.1,2019,2,1
14,11.9,2019,2,1
14.1,12.6,2019,2,1
14.6,12,2019,2,1
14.7,27.2,2019,2,1
16.2,31.2,2019,2,1
19.4,19.6,2019,2,1
31.3,29.8,2019,2,1
34.4,31.3,2019,2,2
34.5,31.6,2019,2,1
35.2,32.1,2019,2,1
35.9,35.4,2019,2,2
36.4,32.7,2019,2,1
36.4,33.5,2019,2,3
36.4,35.3,2019,2,2
36.6,32.9,2019,2,1
36.7,34.8,2019,2,2
36.8,34.8,2019,2,1
37.1,36,2019,2,1
37.5,36.3,2019,2,1
37.8,48.2,2019,2,1
38,36.7,2019,2,1
38,47.6,2019,2,1
38,48.4,2019,2,2
38.1,48.4,2019,2,2
38.5,48.6,2019,2,2
38.8,48.7,2019,2,2
39,36.7,2019,2,1
39.1,36.5,2019,2,1
39.3,36.4,2019,2,1
39.3,48.7,2019,2,1
39.5,38.5,2019,2,1
39.6,39.8,2019,2,1
39.9,39.5,2019,2,2
40.3,36.9,2019,2,1
40.4,35.2,2019,2,2
40.5,34.5,2019,2,1
41,34.2,2019,2,1
41.4,38.1,2019,2,1
41.7,39,2019,2,1
42.1,45,2019,2,1
42.4,36.4,2019,2,1
43.1,14.8,2019,2,1
43.2,16.7,2019,2,2
43.2,16.8,2019,2,1
43.3,16.9,2019,2,2
43.3,17.2,2019,2,2
43.3,35.7,2019,2,1
43.5,15.4,2019,2,1
43.6,43.6,2019,2,1
43.7,16.9,2019,2,1
43.7,37,2019,2,1
43.8,13.3,2019,2,1
43.8,13.7,2019,2,1
43.8,16.9,2019,2,1
43.8,17,2019,2,1
43.8,35.5,2019,2,1
43.8,43.7,2019,2,1
43.9,35.1,2019,2,1
44,33,2019,2,1
44.1,14.9,2019,2,1
44.2,33.1,2019,2,1
44.3,13.5,2019,2,1
44.3,35.1,2019,2,1
44.4,36,2019,2,1
44.5,39.3,2019,2,1
44.8,14.5,2019,2,1
45.2,43.2,2019,2,1
45.4,36.1,2019,2,1
45.6,14.5,2019,2,1
45.6,16.7,2019,2,2
45.7,36.8,2019,2,1
45.8,16.6,2019,2,1
46.7,43.2,2019,2,1
47.3,39.6,2019,2,2
62.1,32.3,2019,2,1
62.1,32.6,2019,2,1
62.3,27.4,2019,2,1
62.5,31,2019,2,2
62.7,32.8,2019,2,1
62.7,34.9,2019,2,1
63.8,33.2,2019,2,1
63.9,34.3,2019,2,1
64.2,31.2,2019,2,1
64.7,31.7,2019,2,1
65.4,34.6,2019,2,1
65.5,34.6,2019,2,1
65.5,36.2,2019,2,1
65.5,57.2,2019,2,1
65.9,34.4,2019,2,1
66,31.9,2019,2,1
66,32,2019,2,1
66.2,36.1,2019,2,1
66.2,36.8,2019,2,1
66.5,36,2019,2,1
66.6,32.2,2019,2,1
66.6,33.7,2019,2,1
66.7,37.3,2019,2,1
66.8,35.9,2019,2,1
67,36.6,2019,2,1
67.3,35.9,2019,2,1
67.5,36,2019,2,1
67.8,37.2,2019,2,1
68,36.4,2019,2,1
68.1,36.5,2019,2,1
68.4,33.2,2019,2,1
68.6,28,2019,2,1
68.7,36.8,2019,2,1
68.8,36.6,2019,2,1
68.9,33.2,2019,2,1
69.3,35.9,2019,2,1
69.4,33.7,2019,2,1
69.4,35.1,2019,2,1
69.5,36.8,2019,2,1
69.8,32.6,2019,2,1
69.8,37.1,2019,2,1
69.9,33.4,2019,2,1
69.9,34.3,2019,2,1
69.9,36.9,2019,2,1
70.2,33,2019,2,1
70.2,34.1,2019,2,1
70.3,32,2019,2,1
70.3,34.8,2019,2,1
70.3,37.6,2019,2,1
70.4,32.2,2019,2,1
70.4,34.5,2019,2,1
70.5,32.8,2019,2,1
70.6,37.2,2019,2,2
70.9,32.6,2019,2,1
71.4,29.9,2019,2,1
71.5,35.3,2019,2,1
71.7,35,2019,2,1
72,33.8,2019,2,1
72,34.1,2019,2,1
73.1,31.4,2019,2,1
73.9,33.4,2019,2,1
74,33.4,2019,2,2
74.1,32.2,2019,2,1
74.1,34.3,2019,2,1
74.4,34.1,2019,2,1
74.4,34.7,2019,2,2
74.9,32.6,2019,2,2
74.9,34,2019,2,1
74.9,34.1,2019,2,1
75.2,33.6,2019,2,2
75.2,33.7,2019,2,1
75.3,33.6,2019,2,1
75.7,33.3,2019,2,1
-7.3,55,2019,1,1
-5.9,13.6,2019,1,1
-4.3,10.7,2019,1,1
-4,14.7,2019,1,2
-3.9,14,2019,1,1
-3.9,16,2019,1,1
-3.8,12.4,2019,1,1
-3.8,14.3,2019,1,1
-3.8,16.3,2019,1,1
-3.7,13.1,2019,1,1
-3.5,12.8,2019,1,1
-3.4,16.6,2019,1,1
-3,14.2,2019,1,1
-3,16.8,2019,1,1
-3,20,2019,1,1
-2.9,11.7,2019,1,1
-2.9,16.3,2019,1,1
-2.8,14.3,2019,1,1
-2.4,14.4,2019,1,1
-2.1,13.9,2019,1,1
-2,15.2,2019,1,1
-1.9,14.2,2019,1,1
-1.8,13.9,2019,1,1
-1.8,14.2,2019,1,1
-1.7,13.1,2019,1,1
-1.6,14.5,2019,1,1
-1.3,14.1,2019,1,1
-1.3,14.3,2019,1,2
-1.1,13.3,2019,1,1
-1.1,14.8,2019,1,1
-1,14,2019,1,1
-1,14.2,2019,1,1
-1,14.4,2019,1,1
-0.9,14,2019,1,1
-0.7,14.6,2019,1,1
-0.5,13.3,2019,1,1
-0.1,14.2,2019,1,1
-0.1,51.5,2019,1,1
0.5,14.8,2019,1,1
0.9,14.8,2019,1,1
1.7,13.7,2019,1,1
2,15.9,2019,1,1
2,35.9,2019,1,1
4,36.7,2019,1,1
8.7,35.2,2019,1,1
8.7,36.2,2019,1,1
8.8,35.2,2019,1,1
12,10.2,2019,1,1
12,11.2,2019,1,2
12.8,10.9,2019,1,1
13,11.7,2019,1,1
13,32.5,2019,1,1
13.4,13.5,2019,1,1
13.7,10.9,2019,1,1
13.8,10.6,2019,1,1
13.8,11,2019,1,1
13.8,11.4,2019,1,1
14,11.3,2019,1,1
14,11.7,2019,1,1
14.2,11.4,2019,1,1
14.8,32.4,2019,1,1
15.1,32.4,2019,1,1
24.3,13.2,2019,1,1
33.5,31.1,2019,1,1
34.4,31.5,2019,1,1
34.6,31.7,2019,1,2
35.2,32,2019,1,1
35.3,31.6,2019,1,1
35.8,33.2,2019,1,2
35.9,33,2019,1,1
36.1,33.3,2019,1,1
36.1,35.4,2019,1,1
36.2,32.7,2019,1,3
36.2,32.9,2019,1,1
36.3,32.6,2019,1,1
36.3,35.3,2019,1,1
36.3,36.6,2019,1,1
36.4,32.6,2019,1,1
36.4,34.7,2019,1,1
36.4,35.2,2019,1,1
36.7,35.2,2019,1,2
36.8,35.1,2019,1,1
36.9,32.8,2019,1,1
36.9,35.9,2019,1,1
37,36.3,2019,1,1
37,48.1,2019,1,1
37.6,47.1,2019,1,1
37.6,47.3,2019,1,1
37.6,47.8,2019,1,1
37.6,47.9,2019,1,1
37.6,48,2019,1,1
37.7,48.6,2019,1,1
37.8,47.1,2019,1,1
37.8,47.2,2019,1,1
37.8,48,2019,1,1
37.8,48.1,2019,1,1
37.8,48.6,2019,1,1
37.9,47.1,2019,1,1
37.9,47.3,2019,1,1
37.9,48.1,2019,1,1
38,36.5,2019,1,1
38.3,48.6,2019,1,1
38.4,48.5,2019,1,1
38.6,38,2019,1,1
38.8,48.8,2019,1,1
38.9,48.6,2019,1,1
39,39.6,2019,1,1
39,48.6,2019,1,1
40.1,35.4,2019,1,1
40.4,37.7,2019,1,1
40.4,38.4,2019,1,1
40.8,39.1,2019,1,1
40.9,36.5,2019,1,1
41,33,2019,1,1
42.1,38.4,2019,1,1
42.4,37.1,2019,1,1
42.6,34,2019,1,1
42.6,37.9,2019,1,1
42.7,15.2,2019,1,1
42.8,33.6,2019,1,1
42.8,37.1,2019,1,2
42.9,16.2,2019,1,1
42.9,37.4,2019,1,1
43.1,14.1,2019,1,1
43.1,14.6,2019,1,1
43.1,40.2,2019,1,1
43.2,17,2019,1,1
43.3,14.2,2019,1,1
43.3,14.5,2019,1,1
43.3,16.6,2019,1,1
43.4,38.3,2019,1,1
43.8,17.1,2019,1,1
43.8,34.2,2019,1,1
43.8,37,2019,1,1
43.9,13.5,2019,1,1
43.9,35.3,2019,1,1
44,17.6,2019,1,1
44.1,13.5,2019,1,1
44.2,13.9,2019,1,1
44.3,17.5,2019,1,1
44.5,34.3,2019,1,1
44.8,36.8,2019,1,1
45,41.2,2019,1,1
45.1,34.2,2019,1,1
45.1,41.1,2019,1,1
45.2,34.3,2019,1,1
45.2,40.9,2019,1,1
45.2,43.3,2019,1,1
45.9,18.2,2019,1,1
46.4,35.3,2019,1,1
46.6,40,2019,1,1
46.9,40.3,2019,1,1
47.1,40,2019,1,1
48.4,41.9,2019,1,1
60.2,26.2,2019,1,1
61.8,34.9,2019,1,1
62,34,2019,1,1
62.1,34.1,2019,1,1
62.1,34.3,2019,1,1
62.2,33.8,2019,1,1
62.2,34.5,2019,1,1
63.1,31.9,2019,1,1
63.2,34.8,2019,1,1
63.9,34.4,2019,1,1
65.1,33.6,2019,1,1
65.1,34.5,2019,1,1
65.1,35.2,2019,1,1
65.3,31.8,2019,1,1
65.3,34.8,2019,1,1
65.4,31.6,2019,1,1
65.8,36.5,2019,1,1
65.9,31.5,2019,1,1
65.9,36.4,2019,1,1
66.1,37,2019,1,1
66.2,36.2,2019,1,1
66.4,31,2019,1,1
66.8,36,2019,1,1
66.8,36.8,2019,1,1
67,36.5,2019,1,1
67.1,36.4,2019,1,1
67.1,36.7,2019,1,2
67.1,36.9,2019,1,1
67.3,32.4,2019,1,1
67.3,35.7,2019,1,1
67.9,32.9,2019,1,1
68.2,28.6,2019,1,1
68.8,34.1,2019,1,1
69,34.2,2019,1,1
69,34.7,2019,1,1
69.1,34.5,2019,1,3
69.1,37.1,2019,1,1
69.2,34.8,2019,1,2
69.4,32.7,2019,1,1
69.5,33.3,2019,1,1
69.5,37.1,2019,1,1
69.7,32.9,2019,1,1
69.8,33.2,2019,1,1
69.8,34.7,2019,1,1
70,33.1,2019,1,1
70,33.4,2019,1,1
70,33.5,2019,1,1
70,36.6,2019,1,1
70.1,36.7,2019,1,1
70.1,37.2,2019,1,1
70.5,36.9,2019,1,1
70.6,33,2019,1,1
70.6,37.1,2019,1,2
70.8,36.9,2019,1,1
70.9,34,2019,1,1
70.9,34.2,2019,1,1
71.2,35,2019,1,1
71.3,36.4,2019,1,1
71.3,37.1,2019,1,1
71.5,34.8,2019,1,1
72.5,34.5,2019,1,1
72.6,34.4,2019,1,1
73.8,33.5,2019,1,1
73.9,34.2,2019,1,1
74,34.1,2019,1,1
74.1,34.1,2019,1,1
74.1,34.7,2019,1,1
74.2,33,2019,1,1
74.2,33.9,2019,1,1
74.2,34.1,2019,1,1
74.2,34.3,2019,1,1
74.3,34.4,2019,1,1
74.7,32.8,2019,1,1
74.8,34,2019,1,1
74.8,34.6,2019,1,1
74.9,32.5,2019,1,1
75.2,32.5,2019,1,1
75.2,34.3,2019,1,1
76,11.6,2019,1,1
-3,13.7,2019,0,1
-2.8,13.5,2019,0,1
-2.4,15.1,2019,0,1
-2.3,14.8,2019,0,1
-1.7,15.3,2019,0,2
-1.2,14.3,2019,0,1
-0.5,14,2019,0,1
0.1,14.4,2019,0,1
0.6,11.3,2019,0,1
1.7,12.8,2019,0,1
1.8,13.1,2019,0,1
2.1,13.5,2019,0,1
4,13.9,2019,0,1
5.2,13.1,2019,0,1
5.5,16,2019,0,1
12.1,12.3,2019,0,1
12.4,10.8,2019,0,1
12.6,11.8,2019,0,2
12.6,12.8,2019,0,1
12.8,11.2,2019,0,1
12.8,26.6,2019,0,1
12.9,11.9,2019,0,2
13,11.6,2019,0,1
13.4,12.8,2019,0,1
13.6,12.6,2019,0,1
13.7,11.9,2019,0,1
13.7,12.8,2019,0,1
13.9,11.9,2019,0,1
14.3,13.2,2019,0,1
14.5,13.5,2019,0,1
25,27.5,2019,0,1
25.1,11.3,2019,0,1
34.6,31.6,2019,0,1
34.6,31.8,2019,0,1
36.2,32.8,2019,0,4
36.2,33,2019,0,2
36.2,33.4,2019,0,1
36.3,33.4,2019,0,1
36.4,33.6,2019,0,1
36.5,32.6,2019,0,1
36.5,33.1,2019,0,1
36.5,33.6,2019,0,1
37.1,35.5,2019,0,1
37.1,36.4,2019,0,1
37.2,34.2,2019,0,1
37.2,35,2019,0,1
37.3,35.5,2019,0,1
37.4,33.5,2019,0,1
37.4,35,2019,0,1
37.4,35.1,2019,0,1
37.4,35.2,2019,0,1
37.4,35.3,2019,0,1
37.5,35.2,2019,0,1
37.5,35.3,2019,0,1
37.5,36.4,2019,0,1
37.6,35.4,2019,0,2
38.5,35.3,2019,0,1
38.6,34.6,2019,0,1
39.6,35.8,2019,0,1
40.1,35.3,2019,0,3
43.3,17.6,2019,0,1
43.5,17.6,2019,0,1
45.1,41.3,2019,0,1
46.2,35.6,2019,0,1
65.8,36.4,2019,0,1
67.4,37.2,2019,0,1
69.2,34.4,2019,0,2
69.3,33.6,2019,0,1
70,34.7,2019,0,1
70.3,31.8,2019,0,1
71.1,34.1,2019,0,1
71.1,36.9,2019,0,1
39.5,13.5,2020,19293,6
46.6,40,2020,5398,4
65,33,2020,1907,11
47,40,2020,1894,60
47.5,15.5,2020,920,5
45,15.5,2020,787,19
45.1,15.5,2020,503,2
65.4,31.6,2020,494,43
45.3,14.6,2020,395,25
64.1,31.3,2020,394,37
65,31.6,2020,368,55
45.4,15.4,2020,349,15
65.5,32.6,2020,348,37
44.6,15.7,2020,325,24
38,35,2020,316,2
45.6,16.7,2020,296,18
36.8,35.9,2020,283,24
65.9,32.6,2020,280,51
65.2,31.1,2020,277,24
36.7,35.8,2020,276,17
64.6,31.8,2020,276,69
65.6,31.8,2020,261,24
39.5,13,2020,254,1
44,13.6,2020,254,62
39.6,12.8,2020,253,1
39.7,12.5,2020,253,1
64.4,31.7,2020,238,3
65.6,31.6,2020,236,18
36.7,35.6,2020,226,17
37,13.6,2020,225,2
68.9,37.1,2020,225,26
66.3,33.4,2020,222,20
63.9,31.6,2020,220,35
66,32.1,2020,206,33
44.8,16.1,2020,202,2
68.9,36.7,2020,194,34
36.4,35.6,2020,193,15
36.9,35.7,2020,182,10
65.5,32,2020,177,30
51.1,35.6,2020,176,1
12.4,11.4,2020,174,2
3,15.2,2020,166,1
69.2,34.5,2020,165,48
64,31,2020,164,11
13.2,32.9,2020,162,44
37.1,36.1,2020,158,10
69,36.7,2020,157,10
45.3,15.5,2020,156,13
70,34.2,2020,154,23
39.5,14.3,2020,153,6
38.8,34,2020,150,7
66.9,36.8,2020,148,26
36.5,35.7,2020,146,34
11.9,32.5,2020,142,9
37.6,36.2,2020,142,6
69.4,36.8,2020,139,14
70.1,34.8,2020,138,19
36.7,35.9,2020,133,16
36.8,36.1,2020,128,23
65,32.1,2020,128,27
69.2,37,2020,126,16
40.9,34.5,2020,125,12
69.3,37.1,2020,119,12
68.4,33.5,2020,118,27
36.9,36.1,2020,114,17
67.4,32.5,2020,113,15
12,11.2,2020,111,2
2.1,14.3,2020,110,2
34,29.5,2020,109,2
65.3,34.5,2020,108,15
69.1,36.6,2020,107,22
68.8,36.8,2020,100,17
64.3,35.6,2020,99,19
67.3,31.4,2020,98,10
67,36.8,2020,97,9
36.9,36.2,2020,93,16
44.2,35.2,2020,93,14
62.8,34.2,2020,93,14
68.5,33.5,2020,93,16
33.7,30.5,2020,92,5
64.4,31.6,2020,91,29
67.2,31.9,2020,91,8
64.6,31.6,2020,90,9
12.9,11.4,2020,88,7
39,13.7,2020,87,1
66.5,31.9,2020,87,12
13.8,11.3,2020,85,6
68.9,33.8,2020,85,9
13.3,32.8,2020,84,14
64.3,35.7,2020,84,12
36.5,35.6,2020,83,29
38.9,34.9,2020,83,9
65.8,31,2020,82,9
70.9,34.7,2020,82,14
66.6,36.8,2020,81,18
69,34,2020,81,14
68.6,36,2020,80,12
68.6,36.3,2020,79,12
12.4,11.3,2020,78,2
62.1,32.4,2020,78,19
63.3,34.9,2020,77,11
66.8,37.1,2020,77,13
13.6,12.7,2020,76,7
65.3,31.5,2020,76,4
69.8,34.3,2020,76,7
36.6,35.9,2020,75,14
43,14.8,2020,75,30
15.2,31.5,2020,73,9
37.2,36.2,2020,73,15
66.7,35.8,2020,73,14
68.9,36.5,2020,73,15
36.8,35.8,2020,72,10
45.2,14.7,2020,72,4
70.1,34.3,2020,72,5
70.1,34.2,2020,71,12
34.1,31.2,2020,70,23
70.2,34.2,2020,70,8
36.6,35.8,2020,69,14
44.6,13.9,2020,69,18
66,31.3,2020,69,7
68.4,32.2,2020,68,1
69.1,36.7,2020,68,14
3.7,15.2,2020,67,1
38.4,35.6,2020,67,4
43.6,35.8,2020,67,10
65.8,36.4,2020,67,5
37,36.1,2020,66,8
44.8,16.2,2020,66,9
45.2,15.9,2020,66,2
68.7,33.5,2020,66,14
68,33.2,2020,65,8
68.8,34.4,2020,65,6
13.8,13.1,2020,64,26
43,37.3,2020,64,24
64.3,34.4,2020,64,7
66.8,36.7,2020,64,12
67,32.5,2020,64,14
69.6,37.4,2020,64,6
70.8,37.2,2020,64,4
68.6,36.1,2020,63,15
44.8,13.9,2020,62,3
62.1,33.3,2020,62,4
63.5,35.5,2020,62,10
66.2,36.9,2020,62,11
66.9,32.1,2020,62,8
70.6,37.1,2020,62,4
44.8,15.8,2020,61,5
65.7,31.6,2020,61,40
70.5,34.4,2020,61,16
43.6,34.5,2020,60,15
63.6,34.8,2020,60,9
68.4,33.3,2020,60,12
33,31,2020,59,15
43.1,14.6,2020,59,9
66.7,33,2020,59,9
36.6,35.7,2020,58,16
36.7,36,2020,58,10
40.5,35,2020,58,11
45.4,14.3,2020,58,7
36.9,36.3,2020,57,8
66.8,36.8,2020,57,4
12.4,11.2,2020,56,1
63.4,34.8,2020,56,8
-1.3,14.8,2020,54,7
66.6,36.5,2020,54,15
12.8,12.1,2020,53,7
13.7,11.4,2020,53,9
14.5,13.5,2020,53,3
15.7,23.3,2020,53,1
45.1,15.4,2020,53,1
45.3,16.7,2020,53,3
70.9,36.7,2020,53,5
12.2,10.4,2020,52,2
68.6,36.7,2020,52,7
37.7,48.1,2020,51,36
43.5,17.4,2020,51,6
45.3,14.5,2020,51,4
68.8,36.3,2020,51,5
68.9,33.9,2020,51,6
69.2,33.6,2020,51,19
70,34.3,2020,51,7
12.8,11.2,2020,50,4
13,13.3,2020,50,1
38.6,14.4,2020,50,1
64,32.1,2020,50,12
68.7,33.9,2020,50,8
-3.6,13.1,2020,49,1
62.1,32.5,2020,49,9
65.9,32.1,2020,49,2
68.8,35,2020,49,6
13.1,13.7,2020,48,1
34.2,31.3,2020,48,26
37.4,13.3,2020,48,1
69,37.2,2020,48,5
69.9,33.8,2020,48,5
15.6,31.4,2020,47,8
43.9,17.1,2020,47,4
66.1,30.2,2020,47,5
66.5,32.2,2020,47,9
69.7,34.8,2020,47,13
36.6,14.3,2020,46,1
43.2,14.1,2020,46,11
68.5,36.1,2020,46,5
69.6,35,2020,46,11
13.3,12.6,2020,45,2
62.1,33.7,2020,45,1
65.2,31.5,2020,45,5
66.3,32.4,2020,44,7
68.8,34.3,2020,44,11
13.2,32.7,2020,43,10
63.1,34.8,2020,43,9
66,32,2020,43,4
13,11.5,2020,42,14
13.7,11.7,2020,42,3
37,35.7,2020,42,3
43.2,36.4,2020,42,1
43.5,13.9,2020,42,15
64.2,35.7,2020,42,5
66.3,32.9,2020,42,9
66.7,36,2020,42,4
68.5,33.4,2020,42,5
70,35,2020,42,4
32.8,31,2020,41,7
36.7,35.5,2020,41,5
45.4,14.4,2020,40,1
62.8,32.8,2020,40,7
65.3,34.7,2020,40,5
66,37.1,2020,40,5
66,37.4,2020,40,2
66.1,33.6,2020,40,4
66.9,36.2,2020,40,6
69.4,37.1,2020,40,4
70.4,37.3,2020,40,4
33.8,31.1,2020,39,6
37.6,35.1,2020,39,4
43.3,35.4,2020,39,1
44.2,15.4,2020,39,5
45,34,2020,39,13
62.9,34.9,2020,39,11
66.2,31,2020,39,6
62.5,31,2020,38,2
65,36.8,2020,38,7
65.1,36.5,2020,38,9
39.8,35.2,2020,37,2
45.1,17,2020,37,3
66.8,37,2020,37,4
71,38.4,2020,37,3
0.9,14.7,2020,36,3
24.1,13,2020,36,1
44.6,15.8,2020,36,1
45,16.1,2020,36,5
69.7,33.6,2020,36,5
-1.4,17,2020,35,1
36.5,36.1,2020,35,1
44.7,16.2,2020,35,1
64.3,34.1,2020,35,4
66.8,37.3,2020,35,7
67.4,36.1,2020,35,5
69.9,34.6,2020,35,1
37.8,35.4,2020,34,7
44.7,16.1,2020,34,5
62.3,33.4,2020,34,8
68.4,33.4,2020,34,5
69.1,37.2,2020,34,8
70.8,38.4,2020,34,5
71,34.2,2020,34,8
38,35.2,2020,33,1
43.2,14.9,2020,33,6
44.8,15.6,2020,33,5
64.8,36.2,2020,33,7
66.3,37,2020,33,5
68,34.2,2020,33,2
68.2,33.6,2020,33,4
69.3,33.7,2020,33,6
0.1,17.5,2020,32,2
13.8,11.2,2020,32,8
36.6,35.6,2020,32,14
46.3,40.7,2020,32,3
62.6,34.9,2020,32,5
64.9,31.7,2020,32,3
65.5,32.7,2020,32,2
68.9,37.2,2020,32,5
69.2,34.2,2020,32,5
69.4,37,2020,32,5
45.3,16.2,2020,31,1
63.3,34.4,2020,31,7
64.7,31.8,2020,31,4
67.2,32.2,2020,31,5
-4.1,14.8,2020,30,2
-2.6,14.5,2020,30,1
36.3,35.5,2020,30,1
42.6,36.2,2020,30,9
45,15.6,2020,30,3
62.4,33.2,2020,30,11
64.3,31.7,2020,30,4
64.3,31.8,2020,30,1
66.7,32,2020,30,1
66.8,36.9,2020,30,1
69,33.1,2020,30,3
12.5,13.1,2020,29,4
13.1,12.3,2020,29,4
36,32.7,2020,29,14
36.8,35.5,2020,29,3
37.4,35.4,2020,29,1
62.7,33.3,2020,29,3
66.3,36.7,2020,29,9
66.9,36.3,2020,29,6
0.6,13.7,2020,28,1
12.6,11.8,2020,28,7
13.4,11.2,2020,28,12
38.9,36,2020,28,2
44.6,16.1,2020,28,3
44.7,15.8,2020,28,1
45,16,2020,28,1
62,32.3,2020,28,4
64.3,31.4,2020,28,4
65.9,34.5,2020,28,2
68.5,33.6,2020,28,2
68.9,33.7,2020,28,2
69,35.8,2020,28,4
69.3,36.7,2020,28,7
70.7,37.7,2020,28,2
70.9,35,2020,28,5
45,12.8,2020,27,1
62.9,31.7,2020,27,7
67.8,32.9,2020,27,6
68.7,32.8,2020,27,1
69.9,33.3,2020,27,10
70.4,34.8,2020,27,9
-3.2,13.4,2020,26,2
14,13.2,2020,26,4
14.2,12.3,2020,26,2
15.1,32.4,2020,26,4
45.7,16.1,2020,26,2
62.2,34.3,2020,26,16
63.1,32,2020,26,1
64.1,30.9,2020,26,7
64.3,31.6,2020,26,3
65.1,31.6,2020,26,3
65.5,32.9,2020,26,6
66.9,36,2020,26,4
69.5,37.2,2020,26,4
69.7,35.9,2020,26,2
70.6,37.2,2020,26,1
-5.6,14,2020,25,1
12.2,11.2,2020,25,4
12.5,13.7,2020,25,1
12.9,10.6,2020,25,2
14.2,12.2,2020,25,6
14.7,13.5,2020,25,1
36.2,35.8,2020,25,2
37,36.2,2020,25,8
38.3,34.6,2020,25,4
40,34.7,2020,25,3
41.8,33,2020,25,5
44,36.2,2020,25,3
63.2,35,2020,25,5
64.6,31.7,2020,25,3
64.8,32.1,2020,25,1
64.9,34.6,2020,25,4
66.2,36,2020,25,5
67.8,31.8,2020,25,4
68.7,36.9,2020,25,3
71.1,35,2020,25,6
71.2,34.9,2020,25,4
-3.7,14.2,2020,24,2
-2.2,13.9,2020,24,3
-0.2,15,2020,24,2
12.8,11.8,2020,24,2
13.5,13.5,2020,24,5
13.6,13.2,2020,24,3
13.7,11.5,2020,24,3
36.4,33.8,2020,24,1
39,48.9,2020,24,20
43.2,16.9,2020,24,11
45.1,15.8,2020,24,1
62.2,32.5,2020,24,2
64,34.4,2020,24,4
65.8,31.8,2020,24,4
65.9,32.7,2020,24,7
67,32.2,2020,24,1
67.3,35.7,2020,24,3
68.3,33.4,2020,24,3
68.6,34.5,2020,24,5
69.3,33.2,2020,24,5
70.7,36.9,2020,24,2
70.8,34.2,2020,24,1
71.2,36.8,2020,24,6
78.1,35,2020,24,1
-6.1,14.7,2020,23,1
61.1,34.7,2020,23,6
64.5,35.8,2020,23,10
64.9,36.4,2020,23,5
68.7,36,2020,23,6
69,33.4,2020,23,7
-1.8,13.8,2020,22,1
14.1,11.5,2020,22,10
36,32.8,2020,22,11
36.2,35.6,2020,22,2
39.7,13.9,2020,22,1
47.1,40.4,2020,22,2
49.2,11.3,2020,22,7
61.2,34.6,2020,22,8
64.3,36,2020,22,7
64.9,36.1,2020,22,4
68.3,33.6,2020,22,5
68.8,36.7,2020,22,6
69.1,34.2,2020,22,2
69.5,37.4,2020,22,4
70.9,38.2,2020,22,3
36.8,36,2020,21,15
38.3,35.3,2020,21,2
39.2,13.3,2020,21,1
39.8,12.4,2020,21,1
44.5,13.7,2020,21,2
44.8,16,2020,21,2
63.1,35.2,2020,21,10
63.3,35.6,2020,21,7
63.7,33.6,2020,21,1
64.9,36.3,2020,21,10
65,36.1,2020,21,5
68.7,34.5,2020,21,2
69.3,34.3,2020,21,3
69.7,34.7,2020,21,4
74.8,34.1,2020,21,9
12.9,11.8,2020,20,6
36.5,33.4,2020,20,4
36.6,35.5,2020,20,4
43.1,14.7,2020,20,6
44.1,37.1,2020,20,8
44.7,13.9,2020,20,5
44.7,16.8,2020,20,1
44.8,15.7,2020,20,2
46.8,39.7,2020,20,1
50,10,2020,20,2
62,33.7,2020,20,4
62.3,32.5,2020,20,1
64.8,36.3,2020,20,5
66.6,31.5,2020,20,5
66.7,36.8,2020,20,3
67.6,32.7,2020,20,6
68.6,33,2020,20,1
68.9,34.5,2020,20,5
69,37.1,2020,20,3
69.2,34,2020,20,1
69.8,36.7,2020,20,2
69.9,33.4,2020,20,3
70.9,36.9,2020,20,1
74.8,33.7,2020,20,5
13.4,14.4,2020,19,1
38.9,36.4,2020,19,2
40.5,34.6,2020,19,2
63.5,34.3,2020,19,2
65.5,31.5,2020,19,3
65.7,34.6,2020,19,7
68,36.3,2020,19,3
68.8,35.8,2020,19,6
68.9,36.6,2020,19,4
69.2,36.2,2020,19,4
2.3,14.8,2020,18,1
13.3,13.7,2020,18,13
14.2,13.4,2020,18,2
38,36.5,2020,18,2
38.6,13.9,2020,18,1
42.3,37.9,2020,18,10
43.1,36.3,2020,18,3
43.7,37.1,2020,18,10
45.1,14.8,2020,18,1
63.1,26,2020,18,7
63.2,34.9,2020,18,4
63.8,35,2020,18,2
64.1,34.3,2020,18,1
64.7,32.5,2020,18,4
64.9,37,2020,18,2
65.6,31.4,2020,18,1
65.9,36.3,2020,18,6
69.7,32.9,2020,18,2
70.2,34.7,2020,18,5
75,33.8,2020,18,8
-1.3,16,2020,17,2
12.8,11.1,2020,17,1
32.7,31,2020,17,7
36.7,35.7,2020,17,8
36.8,35.6,2020,17,3
36.8,35.7,2020,17,2
36.8,36.2,2020,17,7
38.8,35.6,2020,17,5
43.4,35.1,2020,17,4
43.8,13.4,2020,17,3
45.7,16,2020,17,1
61.6,35.1,2020,17,7
64.8,35.9,2020,17,7
64.8,36.1,2020,17,5
67.1,36.7,2020,17,11
67.8,33.3,2020,17,3
68.6,33.5,2020,17,3
69,32.7,2020,17,1
69.5,33.8,2020,17,3
69.5,34.8,2020,17,1
69.6,36.2,2020,17,1
70,33,2020,17,5
70.6,37,2020,17,2
74.2,33.1,2020,17,8
74.9,34,2020,17,6
-2.7,14.3,2020,16,2
-1.6,15.8,2020,16,12
-0.3,14.8,2020,16,1
1.7,14.5,2020,16,5
13.6,12.9,2020,16,1
14.4,13.5,2020,16,2
16.6,31.2,2020,16,7
36.1,32.6,2020,16,18
37.2,35.2,2020,16,3
37.5,36.4,2020,16,3
43.2,17.3,2020,16,12
44.6,16.2,2020,16,1
61.3,32.4,2020,16,5
61.3,33,2020,16,2
62.2,35,2020,16,4
62.5,32.6,2020,16,2
62.7,34.5,2020,16,2
65.3,35.6,2020,16,9
65.9,36.2,2020,16,3
66.6,32.9,2020,16,3
68.5,35.8,2020,16,3
69.4,36.7,2020,16,3
70,34.5,2020,16,1
70.8,34.1,2020,16,4
71.3,35.2,2020,16,1
-1.7,14,2020,15,2
13.4,10.6,2020,15,1
15.3,13.6,2020,15,1
36.3,33.5,2020,15,2
39.2,14.3,2020,15,1
42.4,38.3,2020,15,5
44,13.5,2020,15,1
44.2,15.9,2020,15,1
44.9,14.6,2020,15,3
61.5,34.9,2020,15,1
63.8,33.2,2020,15,1
64.1,31.5,2020,15,1
64.8,35.8,2020,15,6
65,34,2020,15,2
65.2,35.7,2020,15,6
65.4,33.2,2020,15,1
65.6,33.2,2020,15,3
65.7,31.7,2020,15,2
65.7,32.4,2020,15,2
66,32.4,2020,15,1
68.9,36.8,2020,15,4
69.1,33.5,2020,15,4
69.4,33.8,2020,15,1
70,33.3,2020,15,1
70.2,33,2020,15,6
71.2,36.7,2020,15,3
-3.2,13.3,2020,14,1
-2.2,14.1,2020,14,1
-0.1,14,2020,14,1
11.5,12.5,2020,14,2
12.6,10.4,2020,14,2
12.8,13.4,2020,14,1
13.9,12,2020,14,2
36.3,32.8,2020,14,8
37.7,36.5,2020,14,2
38.7,14.1,2020,14,1
43.5,14,2020,14,6
44.3,33.2,2020,14,2
62.3,25.1,2020,14,1
63.2,34.4,2020,14,5
63.3,32,2020,14,4
64.3,35,2020,14,2
66.5,31.2,2020,14,1
67.1,31.6,2020,14,1
67.2,36.2,2020,14,1
67.3,36,2020,14,2
68.7,35.9,2020,14,5
68.7,36.2,2020,14,2
69.3,35,2020,14,9
69.6,35.1,2020,14,1
70.3,34.4,2020,14,3
74,34.7,2020,14,3
74.5,32.8,2020,14,4
-6,14.8,2020,13,3
-1.3,14.3,2020,13,2
-1,13.6,2020,13,1
-1,14,2020,13,1
0.6,13.4,2020,13,1
13.9,11.4,2020,13,3
32.7,30.9,2020,13,2
36.2,33.4,2020,13,3
36.3,32.6,2020,13,4
44,37,2020,13,7
44.1,37.5,2020,13,7
44.8,14.5,2020,13,9
45.8,41,2020,13,1
46.8,39.5,2020,13,1
46.8,39.8,2020,13,6
64.5,34.4,2020,13,2
65,34.6,2020,13,4
65.2,35.8,2020,13,3
65.4,31.7,2020,13,1
65.7,37.3,2020,13,1
67,24.9,2020,13,2
68.4,33.7,2020,13,4
69,34.1,2020,13,2
69.6,33.8,2020,13,3
69.7,36.5,2020,13,2
69.9,33.5,2020,13,3
70,36.5,2020,13,2
70.7,34.1,2020,13,5
70.8,35.9,2020,13,1
71.4,35,2020,13,2
-2.4,14.9,2020,12,2
-1.8,13.9,2020,12,2
-1.1,13.4,2020,12,2
13.1,11.2,2020,12,1
13.2,12.5,2020,12,5
13.5,11.3,2020,12,5
13.7,11.1,2020,12,5
14.1,12.8,2020,12,2
22.8,10.1,2020,12,1
36.2,32.6,2020,12,9
36.2,33.1,2020,12,4
36.3,32.9,2020,12,2
37.1,36.2,2020,12,3
40.6,34.9,2020,12,1
43.1,14.3,2020,12,6
44.2,33.1,2020,12,2
44.7,15.7,2020,12,2
45.4,14.2,2020,12,2
61.2,34.2,2020,12,6
61.9,31.1,2020,12,1
62,32.4,2020,12,2
62.1,31.2,2020,12,1
62.6,34.5,2020,12,2
64.8,34.2,2020,12,3
64.9,36.5,2020,12,2
65.4,26.2,2020,12,3
65.7,31.2,2020,12,2
66.1,37,2020,12,3
66.3,35.9,2020,12,2
66.9,36.5,2020,12,4
67.2,36.4,2020,12,2
68,33.1,2020,12,3
68.5,34.1,2020,12,5
68.6,33.4,2020,12,2
69.3,33.8,2020,12,2
69.5,37.5,2020,12,2
69.6,33.5,2020,12,2
69.6,37.1,2020,12,1
69.7,37.3,2020,12,1
70.1,34.4,2020,12,2
71.1,36.9,2020,12,2
71.2,37.1,2020,12,1
74,33.8,2020,12,4
74.2,33.5,2020,12,4
74.5,34.2,2020,12,5
74.5,34.3,2020,12,6
74.9,33.8,2020,12,6
-2.4,14.1,2020,11,3
-1.2,13.9,2020,11,2
0.5,13.4,2020,11,3
13.6,13,2020,11,2
33.5,30.7,2020,11,2
36.4,35.5,2020,11,4
37.7,14.2,2020,11,2
38,48.3,2020,11,5
38.3,34.9,2020,11,1
38.5,48.7,2020,11,7
38.6,48.1,2020,11,12
39.5,34.5,2020,11,1
39.7,12.9,2020,11,1
40.3,35.2,2020,11,5
42.2,37.5,2020,11,5
43.9,13.5,2020,11,4
44.2,33.3,2020,11,1
44.9,14.5,2020,11,2
45.4,15.5,2020,11,4
61.8,34.4,2020,11,4
62.6,32.8,2020,11,1
63.1,31.9,2020,11,1
65.7,36.1,2020,11,3
65.8,36.5,2020,11,2
65.8,37.5,2020,11,1
66.4,31.6,2020,11,1
66.5,36.8,2020,11,2
67.1,37,2020,11,2
67.2,32.3,2020,11,2
67.4,31.7,2020,11,3
67.6,32.6,2020,11,1
68,35.2,2020,11,2
68.8,36.2,2020,11,3
69.7,33.5,2020,11,2
69.7,34,2020,11,3
70.2,34.1,2020,11,1
71,35.2,2020,11,2
72,36.8,2020,11,3
74.1,33.8,2020,11,4
74.9,33.6,2020,11,5
75.1,33.9,2020,11,4
75.2,33.8,2020,11,5
-6.7,14.6,2020,10,1
-3.1,13.4,2020,10,1
-2.9,15,2020,10,2
-2.1,14.6,2020,10,1
-1.2,13.7,2020,10,2
-0.5,15.5,2020,10,1
13,32.2,2020,10,1
13.7,13,2020,10,4
14,12.6,2020,10,3
14,12.8,2020,10,2
14.1,12.6,2020,10,4
15.7,31.4,2020,10,1
36.1,32.7,2020,10,6
38.3,14.1,2020,10,1
39,13.6,2020,10,1
39.4,14.5,2020,10,3
40.5,38,2020,10,6
43.4,16.3,2020,10,1
43.7,34.4,2020,10,2
44.5,34.6,2020,10,1
45.8,14.2,2020,10,2
47,39.5,2020,10,6
47.1,39.6,2020,10,1
47.5,40.5,2020,10,7
61.5,34.3,2020,10,5
62,34.5,2020,10,4
63.1,35,2020,10,6
63.9,33.7,2020,10,1
64.1,35.6,2020,10,3
64.4,33.5,2020,10,1
64.9,33.7,2020,10,1
65.4,34.5,2020,10,1
65.5,34.5,2020,10,4
66,31.4,2020,10,1
66.1,33.2,2020,10,1
66.1,37.3,2020,10,2
66.3,36.8,2020,10,2
66.5,31.6,2020,10,2
67,30.2,2020,10,1
68.5,33.3,2020,10,3
68.7,36.1,2020,10,4
68.7,36.7,2020,10,1
70,32.7,2020,10,3
70.7,36.3,2020,10,1
71.3,35.5,2020,10,1
74.1,33.7,2020,10,4
74.5,33.1,2020,10,4
74.9,33.7,2020,10,3
-4.5,14.2,2020,9,2
-3.8,13.5,2020,9,1
-3.8,15.8,2020,9,1
-3.6,13.6,2020,9,1
12,11.1,2020,9,1
12.8,12.7,2020,9,2
13.6,32.4,2020,9,2
14.2,12.5,2020,9,2
35.9,32.8,2020,9,8
36.1,33,2020,9,7
36.3,35.2,2020,9,1
36.4,34.6,2020,9,1
36.8,35.4,2020,9,4
37.5,47.1,2020,9,2
38,14.1,2020,9,1
38.6,48.7,2020,9,5
39.5,35,2020,9,3
39.5,35.4,2020,9,2
39.5,39.1,2020,9,6
39.7,35.1,2020,9,2
40.3,34.9,2020,9,4
40.9,34.6,2020,9,1
42.6,37.4,2020,9,3
43.7,38.4,2020,9,4
44.4,33.3,2020,9,4
44.7,36.9,2020,9,5
62.5,32.5,2020,9,2
62.8,34.9,2020,9,2
65.5,36.3,2020,9,3
65.8,34.6,2020,9,2
66.2,35.8,2020,9,2
66.7,32.2,2020,9,1
66.8,31.3,2020,9,1
67.1,35.7,2020,9,1
67.7,36,2020,9,1
68,33.5,2020,9,3
68.4,33.6,2020,9,3
69.1,36.5,2020,9,3
69.3,32.7,2020,9,3
69.3,32.9,2020,9,1
69.4,37.4,2020,9,2
69.8,33.5,2020,9,1
70.1,37.3,2020,9,2
70.6,37.5,2020,9,2
70.7,34.7,2020,9,2
74.2,33.4,2020,9,2
74.2,34.3,2020,9,2
74.3,34,2020,9,4
74.9,33.9,2020,9,3
-4.8,10.6,2020,8,1
-4.5,12.4,2020,8,2
-2.5,14.1,2020,8,1
-2,14.7,2020,8,2
0.2,15,2020,8,1
0.8,15.4,2020,8,1
0.8,15.7,2020,8,2
13.2,11.9,2020,8,4
13.7,32.7,2020,8,3
13.9,11.2,2020,8,1
32.9,31,2020,8,3
35.8,34.4,2020,8,2
36,35.6,2020,8,3
37.8,48,2020,8,4
41.6,36.5,2020,8,2
43.1,40.2,2020,8,3
43.2,14.2,2020,8,2
43.3,16.9,2020,8,5
43.9,13.6,2020,8,3
44.4,35.2,2020,8,3
44.6,34.9,2020,8,1
44.7,14,2020,8,6
44.8,14.6,2020,8,2
45.4,15.6,2020,8,1
47,39.6,2020,8,1
47.1,39.8,2020,8,4
62.6,34.8,2020,8,1
63.1,29.9,2020,8,1
63.1,35.1,2020,8,4
64.1,34.1,2020,8,1
64.5,35.9,2020,8,2
64.6,31.9,2020,8,2
65.3,36.9,2020,8,3
65.6,31.5,2020,8,3
66.4,35.9,2020,8,1
66.9,36.6,2020,8,1
68.3,33.3,2020,8,1
68.4,33.2,2020,8,1
68.7,36.8,2020,8,2
68.8,32.4,2020,8,2
68.8,32.8,2020,8,1
68.8,35.6,2020,8,2
68.9,36.4,2020,8,1
69,35.5,2020,8,2
69.2,34.8,2020,8,4
69.2,36.5,2020,8,1
69.2,36.7,2020,8,1
69.3,32.8,2020,8,2
69.4,36.4,2020,8,3
69.6,34.1,2020,8,1
69.6,34.9,2020,8,2
69.8,33.8,2020,8,2
69.9,32.9,2020,8,1
70,33.5,2020,8,3
70.1,33,2020,8,2
70.2,34,2020,8,1
70.9,37,2020,8,4
71.4,35.1,2020,8,2
71.5,34.9,2020,8,2
-4.4,10,2020,7,1
-2.2,14.5,2020,7,2
-1.6,14.1,2020,7,1
1.5,15.9,2020,7,3
11.8,12.1,2020,7,1
12.5,10.9,2020,7,3
13.1,12,2020,7,4
13.2,11.8,2020,7,2
13.3,10.7,2020,7,2
16.2,31.2,2020,7,2
36.2,33,2020,7,1
36.4,35.7,2020,7,2
37.1,35,2020,7,3
38,48.4,2020,7,5
39.2,39.4,2020,7,5
39.6,35.8,2020,7,2
40.4,35.2,2020,7,3
42.3,37.4,2020,7,4
43.1,37.3,2020,7,1
43.2,37,2020,7,5
43.3,37.2,2020,7,3
43.6,37.3,2020,7,4
44.9,34,2020,7,2
45.4,34.3,2020,7,4
45.6,40.9,2020,7,5
46.9,40.3,2020,7,5
50.4,10.6,2020,7,1
61.3,31.7,2020,7,2
62.1,30.2,2020,7,2
62.7,34.2,2020,7,4
62.9,31.6,2020,7,1
64.2,31.7,2020,7,1
64.4,35.7,2020,7,3
64.7,36,2020,7,2
64.8,31.6,2020,7,1
64.9,35.3,2020,7,2
65.1,32,2020,7,1
65.2,35.9,2020,7,1
65.3,26.3,2020,7,2
65.6,31.7,2020,7,2
66.1,36.8,2020,7,4
66.3,35.8,2020,7,2
66.6,28.8,2020,7,1
66.6,36.7,2020,7,1
67,36.6,2020,7,3
67.9,30.1,2020,7,1
68.3,33,2020,7,1
68.3,34.2,2020,7,2
68.4,36.2,2020,7,1
68.6,33.9,2020,7,2
68.7,32.9,2020,7,1
69,34.7,2020,7,3
69.1,34.6,2020,7,1
69.3,34.9,2020,7,2
69.5,33.7,2020,7,2
69.7,33.9,2020,7,2
69.9,37.5,2020,7,1
70,33.4,2020,7,2
70.4,34.1,2020,7,2
70.4,37.1,2020,7,3
70.9,37.1,2020,7,2
74.4,34.7,2020,7,1
75.2,33.6,2020,7,5
-4.2,14.8,2020,6,1
-3.8,13,2020,6,1
-3.6,15,2020,6,3
-2.8,15.9,2020,6,1
-2.5,13.6,2020,6,1
-1.3,15.8,2020,6,3
-1.1,13.1,2020,6,1
-1.1,13.2,2020,6,1
-1,14.2,2020,6,1
-0.8,15.2,2020,6,1
1,11.3,2020,6,1
6.2,36.8,2020,6,3
12.2,31.9,2020,6,1
13.4,11.7,2020,6,1
13.6,11.4,2020,6,2
13.6,11.9,2020,6,4
13.7,12.9,2020,6,2
13.8,11,2020,6,3
14.3,12.1,2020,6,2
14.3,13.2,2020,6,1
24,13.1,2020,6,2
36,32.9,2020,6,4
37.6,13.4,2020,6,1
38,36.7,2020,6,1
38.6,13.5,2020,6,1
39.8,34.5,2020,6,1
40.1,35.3,2020,6,3
40.4,36.7,2020,6,2
40.8,34.7,2020,6,1
41.2,37.1,2020,6,2
42.1,34.2,2020,6,1
42.8,37.7,2020,6,3
43.9,33.4,2020,6,1
43.9,37.1,2020,6,2
44.1,39.6,2020,6,3
44.2,33.8,2020,6,1
44.4,35.5,2020,6,4
44.5,13.3,2020,6,1
46.6,43.2,2020,6,1
46.7,39.8,2020,6,2
47,35.9,2020,6,1
47.1,40.1,2020,6,1
47.2,30.3,2020,6,1
47.3,39.6,2020,6,2
62,34,2020,6,1
62.6,34.2,2020,6,2
62.9,25.9,2020,6,1
63.2,25.8,2020,6,1
65.1,34.5,2020,6,2
65.8,36.8,2020,6,2
66,32.2,2020,6,2
66,36.3,2020,6,2
66,36.7,2020,6,1
66.1,36.2,2020,6,1
66.1,36.9,2020,6,1
66.4,36.8,2020,6,2
66.4,37,2020,6,1
66.5,36.1,2020,6,2
67.8,33.1,2020,6,1
67.9,33,2020,6,1
68.1,33.1,2020,6,2
68.6,37.2,2020,6,1
69,36,2020,6,2
69.2,34.9,2020,6,3
69.2,35,2020,6,3
69.4,33.4,2020,6,1
69.6,37.3,2020,6,2
69.7,34.4,2020,6,2
69.8,32.7,2020,6,1
70,34.1,2020,6,2
70.7,33.2,2020,6,1
70.8,34,2020,6,1
70.8,35.3,2020,6,2
71.1,34.8,2020,6,1
71.1,34.9,2020,6,3
71.2,38.1,2020,6,1
74,34.3,2020,6,4
74.8,33.9,2020,6,4
74.8,34.2,2020,6,3
75,33.6,2020,6,2
-6,14.7,2020,5,1
-3.2,13.2,2020,5,2
-2.1,14.1,2020,5,1
-1.6,13.8,2020,5,2
-0.8,13.2,2020,5,2
-0.8,14,2020,5,1
-0.2,13.3,2020,5,1
2.3,17.3,2020,5,1
13.8,10.8,2020,5,1
13.8,11.5,2020,5,3
13.8,12.4,2020,5,5
14.1,12.1,2020,5,4
14.1,13.4,2020,5,3
14.2,12.4,2020,5,8
14.5,12.3,2020,5,1
34.2,31.2,2020,5,4
36.7,32.5,2020,5,1
37.2,12.7,2020,5,1
37.4,33.5,2020,5,1
37.5,36.3,2020,5,2
38.4,48.6,2020,5,5
38.6,34.4,2020,5,2
39.7,13.5,2020,5,2
39.9,35.5,2020,5,2
40.9,37.4,2020,5,3
41,33,2020,5,3
41.4,38.1,2020,5,1
41.9,36.3,2020,5,1
42.1,38.4,2020,5,2
42.5,37.8,2020,5,1
43.1,14,2020,5,1
43.1,14.8,2020,5,2
43.2,13.9,2020,5,4
43.4,35.2,2020,5,1
43.7,16.9,2020,5,2
43.7,37.6,2020,5,2
44,39.9,2020,5,2
44.2,32.9,2020,5,2
44.3,13.4,2020,5,2
44.4,33.7,2020,5,2
45,43.3,2020,5,2
45.2,34.3,2020,5,3
45.3,35.9,2020,5,1
45.4,14,2020,5,3
45.5,14.1,2020,5,4
45.5,36.2,2020,5,3
45.6,16.1,2020,5,4
45.8,17,2020,5,2
46.2,35.6,2020,5,2
46.8,40.2,2020,5,2
46.8,40.5,2020,5,1
47.2,40.3,2020,5,1
61.5,32.3,2020,5,1
61.7,32.8,2020,5,1
62.2,33.2,2020,5,1
62.3,35.1,2020,5,4
62.5,34.8,2020,5,1
62.7,25.9,2020,5,2
62.7,31.5,2020,5,2
62.9,34.1,2020,5,2
62.9,34.7,2020,5,1
63.2,34.8,2020,5,1
63.6,32.6,2020,5,1
63.7,34,2020,5,1
63.8,26.2,2020,5,3
64,35.7,2020,5,1
64.2,31.1,2020,5,1
64.2,35.6,2020,5,1
64.3,31.5,2020,5,1
64.5,31.8,2020,5,2
64.8,35.4,2020,5,3
65.4,34.7,2020,5,2
66.7,36.7,2020,5,3
67,36.1,2020,5,1
67,37.3,2020,5,1
68.4,37,2020,5,2
68.6,35.9,2020,5,1
68.8,34.1,2020,5,2
68.9,32.4,2020,5,1
68.9,35,2020,5,3
69.1,37.1,2020,5,1
69.2,33,2020,5,3
69.3,34.7,2020,5,1
69.4,33.7,2020,5,2
69.4,34.3,2020,5,2
69.5,35.1,2020,5,2
69.6,33.3,2020,5,1
69.6,34.8,2020,5,1
69.7,33.4,2020,5,1
69.7,34.6,2020,5,4
69.7,34.9,2020,5,2
70,28.7,2020,5,1
70,32.8,2020,5,1
70,33.7,2020,5,1
70,34.4,2020,5,1
70,37.5,2020,5,1
70.4,33.2,2020,5,1
70.5,34,2020,5,1
70.5,35.1,2020,5,1
70.6,34.2,2020,5,1
70.6,37.3,2020,5,1
70.7,37.9,2020,5,1
70.9,34.2,2020,5,2
71,34.3,2020,5,1
71.3,34.9,2020,5,3
71.5,34.1,2020,5,1
71.6,34,2020,5,1
73.9,34,2020,5,3
74,34.1,2020,5,1
74.1,33.6,2020,5,3
74.2,33,2020,5,4
74.2,33.8,2020,5,2
74.8,33.8,2020,5,3
75,33.9,2020,5,3
75,34,2020,5,3
75.1,33.8,2020,5,4
-2.9,14.3,2020,4,1
-2.7,14.2,2020,4,1
-1.9,13.7,2020,4,1
-1.4,13.7,2020,4,1
1.8,20.3,2020,4,1
2.7,15,2020,4,1
8.9,35.1,2020,4,2
10.6,35.8,2020,4,1
11,12.9,2020,4,2
11.9,12.9,2020,4,2
12.1,13.1,2020,4,1
12.5,11.6,2020,4,1
12.6,12.2,2020,4,1
13.1,12.5,2020,4,1
13.4,13.9,2020,4,1
13.4,32.9,2020,4,2
13.5,11.1,2020,4,1
13.5,13.4,2020,4,2
13.6,11.3,2020,4,2
13.8,11.1,2020,4,1
13.8,11.4,2020,4,1
13.8,13,2020,4,2
13.9,11.1,2020,4,3
14,11.2,2020,4,2
14,11.9,2020,4,3
14,12.2,2020,4,4
14.1,11.2,2020,4,2
14.2,11.4,2020,4,1
14.3,12.6,2020,4,2
14.3,26.4,2020,4,1
32.7,10,2020,4,1
32.8,30.9,2020,4,2
34.3,31,2020,4,2
35.9,33.2,2020,4,2
36.1,35.7,2020,4,2
36.2,32.8,2020,4,4
36.2,36.5,2020,4,2
36.3,32.7,2020,4,3
36.4,32.7,2020,4,3
36.4,35.9,2020,4,1
37.5,35,2020,4,2
37.5,48,2020,4,3
37.9,48.4,2020,4,3
38.8,48.8,2020,4,4
39.6,14.2,2020,4,2
39.8,35.3,2020,4,1
40,35.5,2020,4,1
40.8,34.6,2020,4,1
41.7,36.5,2020,4,1
41.8,37.6,2020,4,2
43.1,16.1,2020,4,1
43.1,40.1,2020,4,1
43.2,17,2020,4,1
43.3,13.7,2020,4,1
43.3,16.7,2020,4,2
43.8,34.4,2020,4,1
44,13.4,2020,4,4
44,35.2,2020,4,1
44.2,35.3,2020,4,2
44.3,34.5,2020,4,1
44.5,33.6,2020,4,1
44.6,14,2020,4,1
44.7,15.5,2020,4,1
44.7,33.7,2020,4,1
44.7,33.8,2020,4,1
44.7,33.9,2020,4,2
44.7,36.5,2020,4,1
44.9,14,2020,4,1
44.9,36.9,2020,4,2
45.3,34.1,2020,4,1
45.3,34.4,2020,4,1
45.5,14.6,2020,4,2
45.7,14,2020,4,2
45.7,14.6,2020,4,1
45.8,36.5,2020,4,1
46.1,13.8,2020,4,1
47,39.7,2020,4,4
61.7,35.1,2020,4,1
62.3,31.3,2020,4,1
63,35.2,2020,4,4
63.1,34.9,2020,4,3
63.9,30.2,2020,4,2
64.5,32.5,2020,4,2
64.9,31.6,2020,4,2
65,32.5,2020,4,1
65.1,35.6,2020,4,1
65.2,37.1,2020,4,1
65.3,34.8,2020,4,2
65.6,26.3,2020,4,1
65.7,34.5,2020,4,1
65.8,32.8,2020,4,1
66,31.1,2020,4,1
67.8,32.6,2020,4,1
67.8,32.7,2020,4,1
67.8,32.8,2020,4,1
68.3,33.1,2020,4,1
68.4,36.9,2020,4,1
68.5,32.7,2020,4,2
68.5,35.9,2020,4,1
68.8,33.1,2020,4,1
68.9,34.3,2020,4,1
68.9,34.4,2020,4,2
69.1,32.7,2020,4,1
69.1,34.7,2020,4,2
69.2,35.1,2020,4,2
69.2,36.8,2020,4,1
69.3,34.5,2020,4,4
69.5,36.7,2020,4,2
69.7,36.8,2020,4,1
69.8,34.9,2020,4,3
69.9,33,2020,4,1
70.3,34.1,2020,4,2
70.4,37,2020,4,1
70.5,37.1,2020,4,1
70.6,36.3,2020,4,1
70.7,37.1,2020,4,1
70.8,34.8,2020,4,1
70.8,37,2020,4,2
71,34.8,2020,4,2
71.6,33.8,2020,4,1
71.7,29.4,2020,4,1
72.1,34.2,2020,4,1
73.9,34.6,2020,4,1
74.3,34.4,2020,4,1
74.4,34.1,2020,4,1
74.6,34.1,2020,4,2
74.7,32.6,2020,4,3
74.9,32.8,2020,4,1
75.1,33.6,2020,4,1
75.2,33.7,2020,4,1
-9.2,14.5,2020,3,2
-7.7,15,2020,3,1
-5.6,15.3,2020,3,1
-4.2,15,2020,3,1
-4,14.7,2020,3,1
-3.8,15.9,2020,3,1
-3.3,14,2020,3,1
-3,16.8,2020,3,2
-2.8,13.5,2020,3,1
-1.7,15.2,2020,3,1
-1.6,15.3,2020,3,1
-0.6,14.7,2020,3,1
-0.3,14.7,2020,3,2
0.7,15.2,2020,3,1
0.9,19.5,2020,3,1
0.9,21.3,2020,3,2
2.1,36,2020,3,2
2.4,35.9,2020,3,1
2.6,15.5,2020,3,1
10.2,36.8,2020,3,1
12.6,13.3,2020,3,2
12.8,12.5,2020,3,3
12.9,11.2,2020,3,1
13,32.5,2020,3,2
13.4,13.5,2020,3,1
13.6,11.5,2020,3,2
13.7,11,2020,3,1
13.7,14,2020,3,1
13.8,11.7,2020,3,2
13.8,11.8,2020,3,1
14,11.6,2020,3,1
14.1,11.4,2020,3,1
14.8,32.4,2020,3,1
16.7,31.1,2020,3,1
24.1,12.9,2020,3,1
29.8,11.4,2020,3,1
34,31.1,2020,3,1
34.4,31.4,2020,3,1
35.8,33.2,2020,3,1
35.8,34.3,2020,3,1
36,35.7,2020,3,3
36,35.9,2020,3,1
36.1,32.8,2020,3,3
36.2,32.9,2020,3,3
36.2,35.7,2020,3,2
36.3,33.4,2020,3,1
36.3,35.8,2020,3,3
36.3,36.6,2020,3,2
36.5,35.9,2020,3,2
36.7,34.8,2020,3,2
37.2,36.6,2020,3,1
37.6,34.5,2020,3,1
37.6,47.8,2020,3,3
37.8,47.3,2020,3,2
38.2,37.8,2020,3,1
38.5,11.5,2020,3,1
38.8,36.7,2020,3,2
39.2,13.4,2020,3,1
39.6,13.8,2020,3,1
41.9,36.4,2020,3,1
42.5,37.2,2020,3,2
42.7,37.6,2020,3,1
42.8,33.6,2020,3,2
42.9,16.3,2020,3,1
43.1,37.8,2020,3,1
43.2,13.8,2020,3,1
43.2,36.9,2020,3,1
43.4,16.8,2020,3,1
43.5,12.5,2020,3,2
43.5,34.9,2020,3,2
43.6,37.1,2020,3,1
43.9,39.4,2020,3,1
44.3,13.2,2020,3,2
44.3,17,2020,3,1
44.4,13.4,2020,3,1
44.4,16.2,2020,3,1
44.4,35.8,2020,3,1
44.5,34.3,2020,3,1
44.5,39.3,2020,3,1
44.6,16.3,2020,3,3
44.7,36.8,2020,3,3
44.8,37.5,2020,3,1
45.1,36.7,2020,3,1
45.1,37.6,2020,3,1
45.1,41.1,2020,3,3
45.2,14.6,2020,3,1
45.2,36.7,2020,3,1
45.4,34.5,2020,3,1
45.7,13.9,2020,3,1
45.7,43.3,2020,3,1
45.9,13.9,2020,3,1
45.9,16.5,2020,3,1
46.8,40.6,2020,3,2
46.9,40,2020,3,1
60.6,56.9,2020,3,1
61.3,34.6,2020,3,1
61.9,33,2020,3,1
62.1,26.1,2020,3,2
62.1,34.3,2020,3,2
62.2,34.8,2020,3,1
62.4,26.1,2020,3,1
62.4,33.9,2020,3,1
62.4,34.7,2020,3,2
62.6,33.1,2020,3,1
63.3,35.5,2020,3,1
64.1,27,2020,3,1
64.1,30.7,2020,3,1
64.2,31.3,2020,3,1
64.8,35.6,2020,3,1
65.1,35.2,2020,3,1
65.4,35.9,2020,3,2
65.5,31.4,2020,3,1
65.8,31.5,2020,3,1
65.8,36.6,2020,3,1
66.1,32.4,2020,3,1
66.1,33.7,2020,3,1
66.6,31.9,2020,3,1
66.6,35.5,2020,3,1
66.9,35.6,2020,3,2
67.9,35.8,2020,3,1
68.1,32.6,2020,3,1
68.6,33.8,2020,3,1
68.8,33.2,2020,3,2
68.8,34,2020,3,1
68.8,37.2,2020,3,1
68.9,36.1,2020,3,1
69,35,2020,3,1
69.1,33.4,2020,3,1
69.1,34.1,2020,3,1
69.1,36.3,2020,3,1
69.3,32.1,2020,3,1
69.3,36.3,2020,3,2
69.4,37.2,2020,3,2
69.5,32.8,2020,3,1
69.7,32.3,2020,3,1
69.7,35,2020,3,1
69.8,33.4,2020,3,1
70.2,32.1,2020,3,1
70.2,34.8,2020,3,1
70.2,36.7,2020,3,1
70.4,34.3,2020,3,3
70.7,35,2020,3,1
70.8,34.3,2020,3,1
71,34.1,2020,3,1
71.3,34.8,2020,3,2
71.4,34.5,2020,3,1
71.5,34.8,2020,3,2
72.5,34.4,2020,3,1
74,33.4,2020,3,2
74.1,33.9,2020,3,2
74.1,34,2020,3,1
74.2,34,2020,3,3
75,32.6,2020,3,1
75,33.5,2020,3,1
75.6,33.1,2020,3,2
-12.1,26,2020,2,1
-4.9,12.8,2020,2,1
-4.7,12,2020,2,1
-3.7,14.3,2020,2,1
-3.5,14.1,2020,2,1
-3.4,13.6,2020,2,1
-2.7,13.8,2020,2,2
-2.4,13.8,2020,2,1
-2.4,15.2,2020,2,1
-1.9,14.2,2020,2,1
-1.7,15.3,2020,2,2
-1.5,14.1,2020,2,1
-0.9,14.2,2020,2,2
-0.4,14.3,2020,2,1
1,20.2,2020,2,1
1.8,19.1,2020,2,1
1.8,36.2,2020,2,2
1.9,36.1,2020,2,1
2,15.9,2020,2,1
2,36.5,2020,2,1
2.1,15.9,2020,2,1
2.4,12.5,2020,2,1
2.6,36,2020,2,1
7.1,35.4,2020,2,1
11.6,10.6,2020,2,2
12.7,13.1,2020,2,1
12.8,13.5,2020,2,1
13,13.2,2020,2,1
13.1,32.7,2020,2,1
13.2,12,2020,2,1
13.2,32.8,2020,2,2
13.3,32.9,2020,2,1
13.7,10.9,2020,2,1
14,12.7,2020,2,1
14.1,11,2020,2,1
14.1,12.3,2020,2,2
14.2,12,2020,2,2
14.6,11.7,2020,2,1
17,25,2020,2,1
33.2,31.1,2020,2,1
35.3,32.5,2020,2,1
35.8,33.1,2020,2,2
36,35.8,2020,2,1
36.1,33.1,2020,2,1
36.1,35.8,2020,2,1
36.1,36.5,2020,2,1
36.2,32.7,2020,2,2
36.3,33.7,2020,2,1
36.3,35.7,2020,2,3
36.5,35.8,2020,2,1
36.6,36,2020,2,1
36.9,13.6,2020,2,1
36.9,32.6,2020,2,1
36.9,35.9,2020,2,1
37,35.9,2020,2,1
37,36,2020,2,1
37.2,35.4,2020,2,1
37.4,12.5,2020,2,1
37.8,14.4,2020,2,1
37.8,48.1,2020,2,2
37.9,47.1,2020,2,2
37.9,47.2,2020,2,1
37.9,48.2,2020,2,1
38,36.6,2020,2,2
38.1,13.6,2020,2,1
38.4,48.3,2020,2,1
38.7,33.5,2020,2,1
38.7,48.7,2020,2,1
38.8,36.1,2020,2,1
39,48.8,2020,2,2
39.3,35.8,2020,2,1
39.5,13.2,2020,2,1
39.5,38.5,2020,2,1
39.8,35.6,2020,2,1
40.3,34.7,2020,2,1
40.3,36.8,2020,2,1
40.7,38.5,2020,2,2
41,34.2,2020,2,1
41.5,40,2020,2,2
41.8,38.2,2020,2,1
42.5,39,2020,2,1
42.6,37.9,2020,2,1
43,14.6,2020,2,1
43.2,37.1,2020,2,1
43.3,14.2,2020,2,2
43.3,14.5,2020,2,2
43.3,35.7,2020,2,1
43.5,16.7,2020,2,1
43.5,33.6,2020,2,1
43.6,35.7,2020,2,1
43.7,37,2020,2,1
43.8,16.9,2020,2,1
43.8,33.4,2020,2,1
43.8,33.8,2020,2,1
43.8,35.3,2020,2,2
43.8,37,2020,2,1
44,16.7,2020,2,1
44,17,2020,2,1
44.1,13.2,2020,2,1
44.1,13.3,2020,2,1
44.1,13.5,2020,2,2
44.1,35.1,2020,2,2
44.2,34,2020,2,1
44.3,33.8,2020,2,1
44.3,37.6,2020,2,2
44.4,13.5,2020,2,1
44.4,17.2,2020,2,2
44.4,35.1,2020,2,1
44.5,48.7,2020,2,1
44.6,15.5,2020,2,1
44.6,34.8,2020,2,1
44.8,36.8,2020,2,1
44.8,39.7,2020,2,1
44.8,43.2,2020,2,1
45,14.5,2020,2,1
45,14.7,2020,2,1
45,36.5,2020,2,1
45,43.1,2020,2,1
45.2,34.5,2020,2,1
45.2,43.2,2020,2,1
45.3,14.3,2020,2,1
45.3,16,2020,2,1
45.4,40.2,2020,2,1
45.8,16.6,2020,2,2
46.3,35.2,2020,2,1
46.5,39.3,2020,2,2
47,40.4,2020,2,2
47.1,40,2020,2,1
47.6,39.8,2020,2,1
48.1,10.8,2020,2,1
51.4,35.7,2020,2,1
61,34.2,2020,2,1
61.3,35.4,2020,2,1
61.8,34.9,2020,2,2
61.9,34.2,2020,2,1
62.2,33.3,2020,2,1
62.3,33.3,2020,2,1
62.3,34.3,2020,2,1
62.3,34.4,2020,2,2
62.3,35.2,2020,2,1
62.5,25.9,2020,2,1
62.8,31.5,2020,2,1
62.9,34.8,2020,2,1
63.2,35.1,2020,2,1
63.3,35,2020,2,2
63.5,35.3,2020,2,1
63.8,30.6,2020,2,1
64.1,34.8,2020,2,1
64.3,33.8,2020,2,1
64.9,26.3,2020,2,1
64.9,31.5,2020,2,1
65.3,26.5,2020,2,1
65.4,32.6,2020,2,1
65.5,31.9,2020,2,1
65.7,29.5,2020,2,1
65.7,36.7,2020,2,1
65.8,32.6,2020,2,1
65.8,36.2,2020,2,1
65.9,31.5,2020,2,1
65.9,36.4,2020,2,2
66,31.8,2020,2,1
66,32.8,2020,2,2
66.1,32.1,2020,2,1
66.2,33.8,2020,2,1
66.2,36.8,2020,2,1
66.3,33,2020,2,1
66.5,28.9,2020,2,1
66.7,31.8,2020,2,1
67.2,36.8,2020,2,2
67.6,36.5,2020,2,1
67.8,35.6,2020,2,1
68.2,32.7,2020,2,1
68.2,33.3,2020,2,2
68.7,33.7,2020,2,1
68.7,35.6,2020,2,1
68.9,27.7,2020,2,1
68.9,33.5,2020,2,1
69,34.6,2020,2,2
69.1,33.8,2020,2,1
69.1,34.5,2020,2,1
69.1,34.9,2020,2,1
69.1,36.1,2020,2,1
69.2,33.7,2020,2,1
69.2,34.3,2020,2,1
69.3,33.6,2020,2,1
69.4,34.4,2020,2,1
69.5,32.6,2020,2,1
69.8,33.3,2020,2,1
69.8,36.6,2020,2,1
70.1,32.9,2020,2,1
70.3,34.7,2020,2,1
70.5,31.9,2020,2,2
70.5,37.5,2020,2,1
70.6,30.1,2020,2,1
70.7,34.4,2020,2,1
70.8,32.8,2020,2,1
71,32.1,2020,2,1
71.7,34.1,2020,2,1
71.7,34.3,2020,2,1
72.5,35.2,2020,2,1
73.9,34.4,2020,2,2
74,33.2,2020,2,1
74.3,33.3,2020,2,2
74.3,33.6,2020,2,1
74.3,34.2,2020,2,1
74.4,32.9,2020,2,1
74.5,33.5,2020,2,1
74.6,31.6,2020,2,1
74.6,32.6,2020,2,1
74.6,33.5,2020,2,1
74.7,34.1,2020,2,1
74.8,34.5,2020,2,1
75,33.7,2020,2,1
77,20,2020,2,1
79.2,19.4,2020,2,1
80,18.1,2020,2,1
-9.4,13.2,2020,1,1
-8.1,13.9,2020,1,1
-6.1,14.9,2020,1,1
-6,14.3,2020,1,1
-5.8,13,2020,1,1
-5,10.2,2020,1,1
-3.8,14.1,2020,1,1
-3.8,14.4,2020,1,1
-3.7,13.2,2020,1,1
-3.4,13.2,2020,1,1
-2.6,13.6,2020,1,1
-2,13,2020,1,1
-1.6,13.9,2020,1,1
-0.8,16.1,2020,1,6
-0.3,14.3,2020,1,1
-0.3,34.7,2020,1,1
-0.1,14.2,2020,1,1
-0,16.3,2020,1,1
0.7,12.9,2020,1,1
0.7,17.3,2020,1,1
1,13.3,2020,1,1
1,15.8,2020,1,1
1.3,18.5,2020,1,1
1.4,14.2,2020,1,1
1.4,15.8,2020,1,1
2.7,16.7,2020,1,1
3,12,2020,1,1
3.4,14.5,2020,1,1
3.7,15.8,2020,1,1
5.8,36.6,2020,1,1
6.4,36.9,2020,1,1
8.7,35.2,2020,1,1
12.7,10.9,2020,1,1
12.8,12.3,2020,1,1
13.1,10.8,2020,1,1
13.1,11.8,2020,1,1
13.3,10.8,2020,1,1
13.3,11.8,2020,1,1
13.4,12.7,2020,1,7
13.6,10.9,2020,1,1
13.6,11.1,2020,1,1
13.7,12,2020,1,3
13.9,13.4,2020,1,1
14,11.3,2020,1,1
14.2,11.1,2020,1,1
19,15,2020,1,1
33.1,69,2020,1,1
33.7,29.9,2020,1,1
33.7,30.7,2020,1,1
34.3,31.3,2020,1,1
35.3,31.8,2020,1,1
35.8,33.3,2020,1,2
36,33.1,2020,1,2
36,33.2,2020,1,2
36.1,33.6,2020,1,1
36.4,33.5,2020,1,1
36.4,35.8,2020,1,1
36.5,32.5,2020,1,2
36.5,35.4,2020,1,1
36.6,14.1,2020,1,1
36.6,36.1,2020,1,1
36.7,36.1,2020,1,1
36.9,14,2020,1,1
36.9,35.4,2020,1,1
37,36.4,2020,1,1
37.1,36.3,2020,1,1
37.1,47.7,2020,1,1
37.2,36,2020,1,1
37.4,35.3,2020,1,1
37.5,35.5,2020,1,1
37.5,47.9,2020,1,1
37.6,47.9,2020,1,1
37.6,48,2020,1,1
37.6,48.1,2020,1,1
37.7,47.1,2020,1,1
37.7,47.2,2020,1,1
37.8,47.1,2020,1,1
37.8,47.5,2020,1,1
37.8,48.3,2020,1,1
37.9,48.3,2020,1,1
38,14,2020,1,1
38.1,48.4,2020,1,1
38.2,13.7,2020,1,1
38.3,48.4,2020,1,1
38.4,48.5,2020,1,1
38.5,14,2020,1,1
38.6,34.7,2020,1,1
38.6,36.6,2020,1,1
38.7,36.7,2020,1,1
38.7,48.8,2020,1,1
38.9,14.2,2020,1,1
38.9,48.7,2020,1,1
39.2,48.6,2020,1,1
39.3,13.3,2020,1,1
39.4,48.8,2020,1,1
39.5,14.2,2020,1,1
39.7,13,2020,1,1
40.2,35.4,2020,1,1
41,34.4,2020,1,1
41.1,37.9,2020,1,1
41.5,31.4,2020,1,1
42.5,37.5,2020,1,1
42.5,43.9,2020,1,1
42.7,15.2,2020,1,1
42.9,16.2,2020,1,1
43,14.7,2020,1,1
43,37.2,2020,1,1
43.1,14.1,2020,1,1
43.1,15.2,2020,1,1
43.2,13.3,2020,1,1
43.2,14,2020,1,1
43.2,14.5,2020,1,1
43.3,17.2,2020,1,1
43.3,17.4,2020,1,1
43.4,17.3,2020,1,1
43.4,37.2,2020,1,1
43.4,38.3,2020,1,2
43.5,35.3,2020,1,1
43.6,14,2020,1,1
43.7,35.7,2020,1,1
43.8,17,2020,1,1
43.8,35.2,2020,1,1
43.9,36.7,2020,1,1
44,13.7,2020,1,1
44,35.4,2020,1,1
44,38,2020,1,1
44.1,15.3,2020,1,1
44.2,13.3,2020,1,1
44.2,34.1,2020,1,1
44.3,13.3,2020,1,1
44.3,15.2,2020,1,1
44.4,13.3,2020,1,1
44.4,13.7,2020,1,1
44.4,39.4,2020,1,1
44.5,15.8,2020,1,1
44.5,16.9,2020,1,1
44.5,32.6,2020,1,1
44.6,33.7,2020,1,1
44.6,37.3,2020,1,1
44.8,16.3,2020,1,1
44.8,33.9,2020,1,1
44.9,14.3,2020,1,1
44.9,14.7,2020,1,1
44.9,15.5,2020,1,1
44.9,15.7,2020,1,1
44.9,43.2,2020,1,1
44.9,43.3,2020,1,1
45,15,2020,1,1
45,40,2020,1,1
45,43,2020,1,1
45,44.8,2020,1,1
45.1,14.5,2020,1,1
45.1,16.8,2020,1,1
45.1,34.4,2020,1,1
45.1,41.3,2020,1,1
45.4,14.7,2020,1,1
45.4,35.8,2020,1,1
45.5,16.1,2020,1,1
45.6,16.3,2020,1,1
45.7,40.2,2020,1,1
45.8,14,2020,1,1
45.8,35.9,2020,1,1
45.8,39.5,2020,1,1
45.8,40.2,2020,1,1
46.2,15.9,2020,1,1
46.2,39.3,2020,1,1
46.7,35,2020,1,1
46.7,40.4,2020,1,1
46.8,40.3,2020,1,1
46.8,40.4,2020,1,1
46.9,39.7,2020,1,1
46.9,40.1,2020,1,1
47,39.8,2020,1,1
47,40.3,2020,1,1
47.2,39.5,2020,1,1
47.2,40.4,2020,1,1
48.2,11.2,2020,1,1
52.2,35.6,2020,1,1
56,54.7,2020,1,1
60.9,29.5,2020,1,1
61.7,35.2,2020,1,1
61.8,29.2,2020,1,1
61.8,31.1,2020,1,1
61.9,33.6,2020,1,1
62,32.5,2020,1,1
62.1,32.3,2020,1,1
62.1,32.8,2020,1,1
62.2,33.6,2020,1,1
62.2,34.5,2020,1,1
62.2,35.2,2020,1,1
62.3,34.2,2020,1,1
62.4,34.2,2020,1,1
62.5,34.3,2020,1,1
62.7,34.3,2020,1,1
63,34.8,2020,1,1
63,35.1,2020,1,2
63.1,34.6,2020,1,1
63.3,35.1,2020,1,1
63.4,35.1,2020,1,1
63.5,34.8,2020,1,1
64.2,33.3,2020,1,1
64.3,33.5,2020,1,1
64.7,31.9,2020,1,1
64.7,35.8,2020,1,1
65,34.1,2020,1,1
65.1,34.4,2020,1,1
65.1,36.8,2020,1,1
65.1,36.9,2020,1,1
65.2,34.3,2020,1,1
65.2,34.5,2020,1,1
65.3,31.4,2020,1,1
65.4,31.5,2020,1,1
65.4,36,2020,1,1
65.8,34.7,2020,1,1
65.9,32.5,2020,1,1
66.1,36,2020,1,1
66.2,31.6,2020,1,1
66.3,31.8,2020,1,1
66.8,35.8,2020,1,1
66.9,36.9,2020,1,1
67.1,24.8,2020,1,1
67.3,32.4,2020,1,1
68,34.9,2020,1,1
68.1,32.9,2020,1,1
68.1,36,2020,1,1
68.2,33.2,2020,1,1
68.5,33.7,2020,1,1
68.6,34.1,2020,1,1
68.9,33.3,2020,1,1
69,35.1,2020,1,1
69,36.5,2020,1,1
69.1,34.4,2020,1,2
69.2,34.7,2020,1,1
69.3,35.1,2020,1,1
69.3,35.8,2020,1,1
69.4,31.4,2020,1,1
69.4,35,2020,1,1
69.6,32.5,2020,1,1
69.6,36,2020,1,1
69.7,33.8,2020,1,1
69.7,37.4,2020,1,1
69.8,37.4,2020,1,1
70,30,2020,1,1
70.1,34.7,2020,1,1
70.2,33.4,2020,1,1
70.2,34.4,2020,1,1
70.2,34.5,2020,1,1
70.4,32.9,2020,1,1
70.4,34.4,2020,1,1
70.4,36.9,2020,1,1
70.7,33,2020,1,1
70.9,31.8,2020,1,1
70.9,32.6,2020,1,1
70.9,34.3,2020,1,1
71.6,35.1,2020,1,1
71.7,34.8,2020,1,1
72.3,34.2,2020,1,1
72.9,34,2020,1,1
73.8,34.4,2020,1,1
73.9,33.9,2020,1,1
73.9,34.1,2020,1,1
73.9,34.3,2020,1,1
74.1,33,2020,1,1
74.1,33.2,2020,1,1
74.1,33.3,2020,1,1
74.1,33.5,2020,1,1
74.1,34.1,2020,1,1
74.2,33.2,2020,1,1
74.5,33.4,2020,1,1
74.5,34,2020,1,1
74.5,34.1,2020,1,1
74.6,34,2020,1,1
74.7,33.9,2020,1,1
74.8,34,2020,1,1
74.9,32.5,2020,1,1
75.2,34,2020,1,1
75.4,33.6,2020,1,1
75.9,11.7,2020,1,1
76,33.5,2020,1,1
78.6,33.6,2020,1,1
79.8,19.9,2020,1,1
-16,12.6,2020,0,1
-1.4,15.4,2020,0,2
-1.1,14.1,2020,0,3
-1.1,15.8,2020,0,1
-0.9,15.4,2020,0,1
-0.5,13.2,2020,0,1
-0.2,14.4,2020,0,1
0.8,12.1,2020,0,2
1,13,2020,0,1
1.8,13.1,2020,0,2
2,15.4,2020,0,1
2.2,12.8,2020,0,1
3,15.3,2020,0,1
3.4,15.6,2020,0,2
7.4,11.9,2020,0,1
12,11.3,2020,0,2
12.1,10.9,2020,0,1
12.3,10.7,2020,0,2
12.3,11.5,2020,0,1
12.3,11.6,2020,0,1
12.3,11.8,2020,0,1
12.4,13.2,2020,0,1
12.5,12.9,2020,0,3
12.6,11,2020,0,1
12.6,12.8,2020,0,1
12.7,11.8,2020,0,1
12.7,12.7,2020,0,2
12.8,12.2,2020,0,1
12.9,11.9,2020,0,1
13,11.8,2020,0,1
13.1,12.1,2020,0,1
13.3,11.9,2020,0,4
13.4,11.9,2020,0,1
13.8,13.4,2020,0,2
13.9,12.2,2020,0,1
13.9,12.4,2020,0,1
14,12,2020,0,1
14,12.1,2020,0,6
14,13.5,2020,0,1
14.1,13.3,2020,0,1
14.5,13.4,2020,0,2
31.2,30,2020,0,1
33.6,28.2,2020,0,1
35.5,11,2020,0,1
35.9,32.9,2020,0,1
36,33,2020,0,1
36.1,33.2,2020,0,2
36.1,33.3,2020,0,1
36.3,35.6,2020,0,1
36.4,32.9,2020,0,1
36.4,33.6,2020,0,1
36.6,32.7,2020,0,1
36.6,35.3,2020,0,1
36.7,35.2,2020,0,3
36.7,35.3,2020,0,4
36.7,35.4,2020,0,7
36.7,36.2,2020,0,1
36.8,32.9,2020,0,1
36.8,36.4,2020,0,1
37,36.3,2020,0,1
37.2,36.3,2020,0,1
37.4,35,2020,0,1
37.5,35.2,2020,0,1
37.5,36.1,2020,0,1
37.7,36.3,2020,0,1
37.7,36.6,2020,0,1
38.1,36.6,2020,0,1
38.7,34.7,2020,0,1
39.3,48.7,2020,0,1
40,11.1,2020,0,1
40.4,35.1,2020,0,1
41,37.4,2020,0,1
42.1,36.3,2020,0,1
42.2,37.7,2020,0,1
42.3,38.5,2020,0,1
43.7,34.6,2020,0,1
43.8,13.6,2020,0,1
43.9,39.2,2020,0,1
44,33,2020,0,1
44.2,35.5,2020,0,1
44.7,17.1,2020,0,1
44.8,43.1,2020,0,1
45,14.1,2020,0,1
45,25,2020,0,1
62.9,32.2,2020,0,1
66.2,33.4,2020,0,1
67.3,37,2020,0,1
69,34.8,2020,0,1
69.4,34.5,2020,0,1
69.8,33.7,2020,0,1
70.6,34.6,2020,0,1
74,33.6,2020,0,1
74.6,31.8,2020,0,1
39,13.2,2021,113368,1
45.4,15.4,2021,12013,29
45.1,15.5,2021,1966,68
39.1,13.3,2021,1821,2
39,13.3,2021,1810,3
64.4,31.6,2021,1330,70
45.4,14.7,2021,1233,15
65.4,31.6,2021,901,74
45.3,15.5,2021,830,29
65.6,31.8,2021,830,82
65.2,31.1,2021,704,58
39.3,13,2021,702,2
64.6,31.8,2021,672,58
38.5,11.5,2021,662,1
39.1,14,2021,652,3
38,14.1,2021,650,1
64.1,31.3,2021,569,35
64,31,2021,567,78
45,15.5,2021,558,22
65.7,31.6,2021,547,82
65.8,31,2021,519,79
38.1,13.8,2021,502,1
69.6,35,2021,434,46
45.3,15.2,2021,428,9
69.5,36.7,2021,425,38
45.3,15.3,2021,421,9
67,36.8,2021,404,57
39.6,13.8,2021,401,2
39.3,11.9,2021,400,1
70,34.2,2021,394,36
69.8,35.4,2021,389,9
70.4,34.3,2021,386,57
70.1,34.8,2021,379,34
65.8,36.7,2021,370,14
68.8,36.8,2021,370,47
65.6,31.6,2021,366,41
63.9,31.6,2021,364,32
68.9,36.7,2021,363,51
67.8,33.3,2021,348,57
62,34.5,2021,342,56
15.3,14.1,2021,325,2
69,35.8,2021,302,43
39,13.4,2021,301,1
41.5,12,2021,300,1
45.3,15.4,2021,299,7
45.3,15.1,2021,297,6
62.5,32.5,2021,289,31
70.2,34.8,2021,287,38
65,31.6,2021,282,29
39,13.6,2021,272,2
66.9,32.1,2021,263,29
62.2,34.3,2021,256,34
62,34,2021,250,17
67.2,32.2,2021,246,40
69.8,36.7,2021,246,36
45.1,15,2021,245,13
45.8,16.6,2021,235,5
68.9,37.1,2021,233,30
69.2,34,2021,230,32
68,34.2,2021,225,30
45.2,15,2021,218,10
38.8,34,2021,214,10
66,32.8,2021,213,26
66.6,36.8,2021,213,26
65.8,36.8,2021,212,31
68.4,33.5,2021,209,35
70.7,34.1,2021,206,19
72,36.8,2021,204,27
38.6,14.1,2021,203,4
45.2,15.4,2021,203,7
69.8,34.3,2021,203,17
70,34.3,2021,201,10
38.8,11.8,2021,200,1
38.9,11.6,2021,200,1
39.5,11.7,2021,200,1
64.3,35.6,2021,192,15
45,15.4,2021,190,2
69,34,2021,190,31
67.4,32.5,2021,189,16
68.4,33.3,2021,187,13
63.1,35,2021,185,20
45.2,15.3,2021,183,2
69.2,34.6,2021,183,1
63.8,35,2021,182,28
64.8,36.2,2021,182,31
66.6,36.5,2021,179,16
65.8,36.5,2021,178,15
64.8,35.8,2021,175,23
66,31.3,2021,175,6
70.4,34.1,2021,175,14
65.9,36.2,2021,173,16
66.3,32.9,2021,172,9
45.8,14.2,2021,171,4
69.2,34.5,2021,168,67
45.4,14.3,2021,167,8
69.5,33.7,2021,166,11
45.4,14,2021,165,3
66.9,36.8,2021,163,20
34.5,31.5,2021,161,44
45.4,14.6,2021,157,2
45,14.9,2021,156,6
45.7,14.8,2021,151,5
64.1,30.9,2021,150,13
32.2,11.9,2021,146,4
62.8,34.2,2021,146,18
70.3,34.1,2021,144,10
45.2,15.5,2021,143,5
64.8,35.9,2021,143,21
69.3,33.7,2021,143,20
66.3,33.4,2021,141,16
69.1,36.6,2021,140,13
-0.8,14.2,2021,138,1
65,34,2021,135,18
65.5,32,2021,131,11
68,33.2,2021,131,11
66.2,31,2021,129,12
67.7,36,2021,128,22
62.5,31,2021,127,16
61.2,34.2,2021,126,16
45.4,15,2021,125,5
45.4,15.1,2021,124,5
62.2,34.5,2021,124,14
62.4,33.2,2021,124,10
71.1,35,2021,124,19
46,15.2,2021,121,4
64.6,31.6,2021,120,4
66.2,35.8,2021,120,16
68.5,33.5,2021,119,12
65.9,32.6,2021,118,20
39.2,13.3,2021,116,5
13.3,13.7,2021,112,17
68.6,36,2021,112,14
62.3,33.4,2021,111,9
69,35.1,2021,111,8
62.1,32.5,2021,110,11
70.5,34.4,2021,110,63
39.6,11.8,2021,109,6
0.2,14.5,2021,108,1
12.5,13.1,2021,108,7
66,32.1,2021,108,12
70.1,34.2,2021,108,15
40.2,12.2,2021,107,1
14.8,14.6,2021,106,1
62.7,34.5,2021,106,7
13.8,12.4,2021,105,5
45.4,15.3,2021,105,5
67.5,37.1,2021,105,8
43.2,17.3,2021,103,69
64.8,36.3,2021,103,11
69.2,34.2,2021,103,16
39.7,11.1,2021,102,3
43.5,13.9,2021,102,20
65.8,36.6,2021,102,8
68,36.4,2021,102,8
39.4,14,2021,100,7
44,13.6,2021,100,29
66.2,36.9,2021,99,10
65.6,31.7,2021,97,7
45.4,14.9,2021,96,3
63.3,32,2021,96,5
45.3,16.7,2021,94,2
67,36.6,2021,94,8
64.3,36,2021,93,10
70.4,34.8,2021,92,15
66.8,37.1,2021,91,10
68.6,34.5,2021,91,7
66.5,31.9,2021,90,11
69.8,37.1,2021,89,8
67.6,32.7,2021,88,7
67,32.5,2021,87,9
69.9,33.4,2021,87,12
39.4,12.6,2021,86,2
45.2,14.7,2021,86,3
45.6,14.9,2021,86,2
70.6,37.1,2021,86,6
13.4,11.2,2021,85,4
69.9,33.5,2021,85,6
64.3,31.6,2021,84,9
68.9,37.2,2021,84,9
67.2,31.9,2021,83,8
70.8,35.9,2021,83,3
68.7,35.9,2021,82,17
69.4,34.5,2021,81,13
45.2,15.6,2021,80,1
68.8,32.4,2021,80,14
65.5,32.6,2021,78,9
69.7,33.6,2021,78,8
66.7,36.8,2021,77,5
37.7,48.1,2021,76,51
44.2,13.2,2021,75,7
13.9,12.2,2021,73,6
14.5,12.3,2021,73,6
67.3,35.7,2021,73,4
44.1,37.1,2021,72,22
68.5,32.7,2021,70,7
70.2,34.1,2021,70,2
62.1,32.4,2021,69,15
66.9,36.3,2021,69,8
61.3,31.7,2021,68,4
61.3,33,2021,68,5
66.5,32.2,2021,68,9
67,32.2,2021,68,3
69.3,33.8,2021,68,6
70.3,34.4,2021,68,10
40.5,35,2021,67,16
62.9,31.7,2021,67,8
63.6,34.8,2021,67,11
-6.7,14.6,2021,66,2
63.3,34.4,2021,66,11
64.3,31.7,2021,66,7
68.5,35.8,2021,66,8
12.8,11.2,2021,65,5
63.2,35.1,2021,65,1
69.2,33.6,2021,65,11
70,35,2021,65,3
39.3,13.6,2021,64,1
67.2,36.4,2021,64,3
64.9,36.4,2021,63,7
65.8,36.4,2021,63,6
62.5,32.6,2021,62,4
68.7,36.1,2021,62,7
43.1,14.6,2021,61,7
45.1,14.9,2021,61,2
68.9,33.9,2021,61,12
12.4,11.3,2021,60,10
13.7,12,2021,60,3
13.2,13.9,2021,59,1
63.3,35,2021,59,7
69.7,34.8,2021,59,12
-1.3,14.3,2021,58,2
66.8,36.7,2021,58,9
36.5,35.7,2021,57,24
37.8,13,2021,57,2
62.3,34.2,2021,57,4
65,33,2021,57,8
68.8,36.2,2021,57,3
70.9,37,2021,57,7
65.7,31.7,2021,56,6
68.8,34.3,2021,56,9
70.1,33.5,2021,56,2
-2.1,13.7,2021,55,2
39.5,13.5,2021,55,6
64.3,35.7,2021,55,9
40.4,11.3,2021,54,2
43.1,16.1,2021,54,3
0.3,15.2,2021,53,1
13.9,13.4,2021,52,1
69.8,35.7,2021,52,2
12.9,11.9,2021,51,6
43.7,13.6,2021,51,4
45.8,14,2021,51,4
65.5,36.4,2021,51,6
69.6,34.1,2021,51,5
70.8,38.4,2021,51,5
1,13.3,2021,50,1
14.2,12.2,2021,50,3
66.3,36.7,2021,50,7
68.6,36.1,2021,50,6
-1.3,14.8,2021,49,5
1.8,14.8,2021,49,1
43.1,14.7,2021,49,3
45.5,13.9,2021,49,1
66.6,35.5,2021,49,2
66.9,36.5,2021,49,4
68.4,33.7,2021,49,7
0.9,19.5,2021,48,2
36.5,35.6,2021,48,24
40,34.7,2021,48,6
44.8,15.7,2021,48,2
64.6,31.7,2021,48,4
69.3,33.2,2021,48,2
69.9,37.5,2021,48,3
65.1,36.5,2021,47,5
68.6,36.3,2021,47,8
69.4,36.8,2021,47,7
69.5,33.2,2021,47,1
43.3,37.2,2021,46,19
45.1,15.4,2021,46,2
49.8,10.9,2021,46,4
68.9,36.5,2021,46,5
69.5,36.8,2021,46,8
70.2,34.7,2021,46,7
70.5,39.9,2021,46,2
43.6,35.8,2021,45,9
65.5,31.5,2021,45,8
69.3,36.6,2021,45,3
69.3,37.1,2021,45,2
69.5,33.8,2021,45,5
63.1,35.2,2021,44,15
68.9,33.3,2021,44,4
34.2,31.3,2021,43,15
39.6,12.4,2021,43,4
68.7,33.5,2021,43,8
69,32.8,2021,43,4
69.3,32.7,2021,43,4
43.7,37.1,2021,42,23
45.8,17,2021,42,1
66.1,33.6,2021,42,9
66.7,33,2021,42,5
66.9,36.6,2021,42,4
69.7,34,2021,42,3
71.3,35.2,2021,42,3
-2.2,15.1,2021,41,5
11.5,12,2021,41,2
38.9,11.7,2021,41,9
43.3,13.8,2021,41,1
68.1,33.2,2021,41,7
68.8,35.8,2021,41,3
12.6,13.3,2021,40,2
12.8,12.7,2021,40,1
13.9,11.2,2021,40,2
36,32.7,2021,40,19
44.8,13.2,2021,40,1
45.1,15.8,2021,40,2
66.6,36.7,2021,40,3
69.1,36.1,2021,40,5
12.9,10.6,2021,39,2
12.9,10.8,2021,39,1
40.2,11.3,2021,39,3
46,15.7,2021,39,2
66.1,36.2,2021,39,4
39.9,10.6,2021,38,1
65.7,31.2,2021,38,5
65.7,32.4,2021,38,5
65.9,32.7,2021,38,6
66.8,37.3,2021,38,4
67.8,32.9,2021,38,4
67.8,36.6,2021,38,2
69,33.1,2021,38,4
69.3,34,2021,38,5
13.4,11.4,2021,37,1
38.9,34.9,2021,37,9
45.1,14.8,2021,37,2
63.8,34.3,2021,37,6
67.1,36.7,2021,37,14
70.7,35,2021,37,2
71.2,37.1,2021,37,3
0.7,13.1,2021,36,2
12.6,11.8,2021,36,3
40.1,35.3,2021,36,7
69.1,34.1,2021,36,6
69.6,36.2,2021,36,3
70.1,34.7,2021,36,4
71.2,36.8,2021,36,5
-3.7,14.2,2021,35,2
43.2,14.9,2021,35,6
43.8,13.4,2021,35,6
44.6,13.9,2021,35,2
69.1,33,2021,35,2
69.4,35.7,2021,35,3
-6,14.8,2021,34,3
12,11.4,2021,34,1
38.8,35.6,2021,34,6
44.4,33.7,2021,34,8
41,34.4,2021,33,3
65,36.1,2021,33,7
65.7,36.7,2021,33,4
67,36.7,2021,33,1
68.5,33.3,2021,33,5
68.9,34.4,2021,33,8
0,14.6,2021,32,1
61.8,34.4,2021,32,4
68.1,32.9,2021,32,4
68.4,33.6,2021,32,4
68.7,33.9,2021,32,8
68.8,36.7,2021,32,8
13,11.5,2021,31,9
37.4,35.4,2021,31,2
43.6,37,2021,31,5
45,15.6,2021,31,2
62.8,32.8,2021,31,4
62.9,32.2,2021,31,1
65.2,35.7,2021,31,4
69.3,35.3,2021,31,2
12.3,11.2,2021,30,1
13.2,11.8,2021,30,3
13.2,12.5,2021,30,6
36.6,35.7,2021,30,7
39.4,12.8,2021,30,1
39.6,11.5,2021,30,1
61.8,31.3,2021,30,1
64,34.4,2021,30,5
65.3,36.9,2021,30,5
67.2,33.3,2021,30,3
67.4,37.1,2021,30,2
69.6,36.7,2021,30,2
74.9,33.7,2021,30,9
11.9,12.9,2021,29,6
38.3,34.6,2021,29,8
61.6,35.1,2021,29,7
62.6,32.8,2021,29,2
62.8,34.6,2021,29,4
62.9,34.9,2021,29,8
63.2,34.4,2021,29,8
64.3,34.1,2021,29,2
74.8,34.1,2021,29,18
13.8,12.8,2021,28,1
14.2,11.3,2021,28,3
44,13.5,2021,28,1
61.5,34.3,2021,28,4
64,32.1,2021,28,3
65.3,34.5,2021,28,11
68,36.3,2021,28,2
68.7,36,2021,28,7
68.8,35,2021,28,4
-3.3,13.5,2021,27,1
14.1,12.6,2021,27,1
36.1,32.7,2021,27,14
38.6,48.1,2021,27,25
39.3,35.4,2021,27,5
43.2,14.2,2021,27,5
62.1,33.3,2021,27,6
65,32.1,2021,27,4
65.9,36.4,2021,27,2
67.1,36.3,2021,27,2
69.2,35,2021,27,8
70.1,34.3,2021,27,4
70.4,37.1,2021,27,4
70.4,37.3,2021,27,5
70.6,34,2021,27,2
70.7,37.7,2021,27,3
14.2,12.5,2021,26,8
40.1,11.8,2021,26,4
64.5,35.8,2021,26,7
64.9,36.3,2021,26,7
67.2,36.8,2021,26,3
70.1,34.4,2021,26,2
70.8,35.3,2021,26,5
6.3,13.5,2021,25,1
34.1,31.2,2021,25,15
39.7,13,2021,25,2
43,14.8,2021,25,9
62.2,34.2,2021,25,3
62.6,34.9,2021,25,4
64.7,31.8,2021,25,1
66.3,32.4,2021,25,3
68.5,33.4,2021,25,6
68.8,34.4,2021,25,7
70.4,37.5,2021,25,2
70.8,34.3,2021,25,3
70.8,37.2,2021,25,3
-3.2,13.4,2021,24,2
36.6,35.8,2021,24,5
43.2,13.3,2021,24,1
43.6,13.8,2021,24,5
44.2,35.2,2021,24,5
44.5,17,2021,24,1
62,33.7,2021,24,4
63,31.6,2021,24,1
67.5,36.4,2021,24,2
68.9,33.7,2021,24,2
69.3,36,2021,24,3
13.4,12.7,2021,23,5
34.4,31.4,2021,23,14
39.9,35.5,2021,23,4
40.9,34.5,2021,23,4
43.8,13.3,2021,23,3
44.7,36.9,2021,23,9
45.2,15.9,2021,23,3
63.7,34,2021,23,2
64.3,35,2021,23,5
65.4,36.2,2021,23,3
67.3,32,2021,23,2
69.5,37.2,2021,23,1
70.9,36.7,2021,23,5
-2.6,15.2,2021,22,1
-2.4,13.6,2021,22,1
-0.4,13.9,2021,22,1
2.6,15.2,2021,22,1
13.2,12.9,2021,22,1
13.5,13.5,2021,22,2
43.4,37,2021,22,7
43.6,14,2021,22,6
66.2,36,2021,22,2
66.9,36.7,2021,22,3
68.7,32.9,2021,22,1
69.9,34.6,2021,22,4
71.4,35.1,2021,22,5
-1,13.9,2021,21,2
12.5,11.6,2021,21,1
12.6,11.9,2021,21,1
36.2,35.8,2021,21,9
36.3,33.5,2021,21,2
36.9,36.5,2021,21,1
45.6,14.5,2021,21,1
63.2,35,2021,21,5
63.9,30.2,2021,21,1
64.3,31.5,2021,21,2
64.4,33.5,2021,21,3
67.4,36.1,2021,21,3
68.8,36.3,2021,21,3
68.9,34.5,2021,21,10
69,33.4,2021,21,3
69.3,36.3,2021,21,2
70.2,33,2021,21,10
-3.4,13.2,2021,20,1
-0,16.3,2021,20,2
0.4,14.1,2021,20,1
0.9,14.2,2021,20,1
13,11.9,2021,20,1
14,11.9,2021,20,2
34.3,31.3,2021,20,9
39.6,12.2,2021,20,5
39.9,12.4,2021,20,1
42.6,37.4,2021,20,12
45.6,16.3,2021,20,1
49.4,10.9,2021,20,1
61.9,35,2021,20,1
63.2,33.8,2021,20,3
63.3,33.8,2021,20,4
64.7,36,2021,20,2
66,37.1,2021,20,2
68.5,35.9,2021,20,3
69,34.1,2021,20,2
69.3,32.9,2021,20,1
69.3,36.4,2021,20,3
69.9,36.5,2021,20,3
71.1,36.9,2021,20,1
-0.9,13.9,2021,19,1
36,32.9,2021,19,11
38.6,11.8,2021,19,3
39.9,10.7,2021,19,4
41.2,37.1,2021,19,5
43.2,14.1,2021,19,8
45,15.8,2021,19,2
64.3,35.5,2021,19,1
65.8,32.6,2021,19,1
68.1,32.6,2021,19,2
69,36,2021,19,3
69.3,34.5,2021,19,8
69.5,37.4,2021,19,5
69.7,33.4,2021,19,2
-2,14.7,2021,18,3
38,11.8,2021,18,3
39,13.1,2021,18,2
39.5,12.5,2021,18,2
39.6,11.1,2021,18,6
39.8,35.2,2021,18,5
43.2,16.9,2021,18,15
43.2,17.1,2021,18,12
65.9,36.3,2021,18,2
67.7,29.2,2021,18,3
67.8,36.5,2021,18,2
68.7,35.6,2021,18,4
68.7,36.9,2021,18,2
68.9,32.4,2021,18,1
69.1,34,2021,18,6
69.2,37,2021,18,5
69.7,34.4,2021,18,1
-2.4,15.2,2021,17,1
1.5,13.2,2021,17,2
14.3,12.6,2021,17,3
24.3,13.4,2021,17,1
36.1,32.6,2021,17,18
36.2,32.6,2021,17,12
37.8,35.4,2021,17,4
39.8,12,2021,17,1
43.2,37,2021,17,9
44,37,2021,17,10
44.9,34.2,2021,17,7
45.2,34.3,2021,17,8
61.6,34.4,2021,17,2
63.1,34.6,2021,17,2
64.5,31.7,2021,17,2
66.6,31.5,2021,17,3
66.7,29.8,2021,17,3
67.3,31.4,2021,17,2
67.5,33.1,2021,17,4
68.9,33.8,2021,17,3
69.2,35.6,2021,17,4
69.4,37.2,2021,17,6
70.8,36,2021,17,1
-1.6,13.8,2021,16,5
5.1,16.8,2021,16,1
13.7,11.1,2021,16,4
36.4,35.6,2021,16,5
36.7,36,2021,16,4
40.9,37.4,2021,16,7
44.2,35.1,2021,16,2
45,34,2021,16,3
67.6,36.5,2021,16,4
69.8,32.5,2021,16,5
69.9,36.6,2021,16,2
70.5,36.9,2021,16,3
-4.5,10.4,2021,15,1
-2.3,14.4,2021,15,1
-2,13.9,2021,15,2
-1.9,14.4,2021,15,1
-1.8,16.1,2021,15,2
-1.5,15,2021,15,1
-1,13.6,2021,15,1
-0.5,14,2021,15,2
-0.3,14.8,2021,15,1
1.2,11.4,2021,15,3
12.3,11.8,2021,15,2
36.9,36.4,2021,15,4
37.6,35.4,2021,15,4
38.9,13.7,2021,15,3
39.5,39.1,2021,15,6
43,37.3,2021,15,5
43.1,16.4,2021,15,2
43.6,13.9,2021,15,1
43.7,13.4,2021,15,4
44.5,16.9,2021,15,2
45,12.8,2021,15,2
45.4,15.2,2021,15,1
61.1,34.7,2021,15,4
61.9,31,2021,15,1
62.1,32.3,2021,15,4
63.1,26,2021,15,9
65.5,36.3,2021,15,3
68.3,32.7,2021,15,2
68.5,34.1,2021,15,3
69,34.5,2021,15,5
70.2,34.2,2021,15,4
70.5,37.6,2021,15,2
70.7,37.4,2021,15,1
74.9,33.8,2021,15,5
-2.4,13.8,2021,14,2
11.6,10.6,2021,14,3
13.8,13.4,2021,14,1
24.2,13.3,2021,14,2
34.4,31.5,2021,14,4
38.1,11.8,2021,14,3
38.3,34.9,2021,14,3
40.5,38,2021,14,8
41,33,2021,14,2
44.5,34.3,2021,14,4
45.1,15.6,2021,14,1
65.2,32,2021,14,1
65.3,34.7,2021,14,5
65.5,31.6,2021,14,5
65.7,36.1,2021,14,2
67,30.2,2021,14,4
68.4,33.8,2021,14,2
68.6,33.5,2021,14,3
68.9,34,2021,14,2
68.9,36.8,2021,14,3
69,34.7,2021,14,1
69.7,32.3,2021,14,4
69.7,36.5,2021,14,2
74.8,33.7,2021,14,7
-5,14.1,2021,13,1
-4.1,10.1,2021,13,1
-3.9,14.9,2021,13,1
-1.1,13.7,2021,13,3
-0.9,13.3,2021,13,3
0.8,12,2021,13,2
0.8,15.7,2021,13,3
1.2,12.8,2021,13,1
11.5,12.8,2021,13,1
11.9,11.5,2021,13,2
12.2,13.5,2021,13,1
12.5,11.3,2021,13,5
13.3,13.5,2021,13,1
13.8,13.1,2021,13,3
36.6,34.6,2021,13,3
36.8,36.1,2021,13,5
39.5,35.4,2021,13,2
44.3,34,2021,13,1
46.2,14.6,2021,13,1
47,15,2021,13,1
65.7,36.6,2021,13,1
68.6,36.7,2021,13,4
69.3,35,2021,13,8
69.8,32.6,2021,13,4
69.9,34.3,2021,13,2
70,33,2021,13,6
71,34.1,2021,13,2
73.2,35.3,2021,13,1
75.1,33.9,2021,13,7
-3.2,13.3,2021,12,1
-2,14,2021,12,1
-1.4,14.5,2021,12,1
-1.1,14,2021,12,1
-1,14.2,2021,12,1
0.3,13.4,2021,12,1
0.9,11.6,2021,12,1
1.3,14.5,2021,12,2
13.9,12,2021,12,5
35.9,32.8,2021,12,3
36.3,35.6,2021,12,5
36.8,35.9,2021,12,8
41.8,33,2021,12,2
42.8,16.3,2021,12,1
43.7,34.6,2021,12,2
44.4,35.1,2021,12,4
45,15,2021,12,1
45.5,14,2021,12,1
46,40.1,2021,12,5
63.1,34.8,2021,12,6
64.4,31.5,2021,12,2
66.3,37,2021,12,3
66.5,36.8,2021,12,2
68.4,32.7,2021,12,1
68.6,36.8,2021,12,1
68.7,34,2021,12,3
69.1,33.5,2021,12,3
69.3,35.1,2021,12,4
69.4,33.7,2021,12,1
69.7,34.2,2021,12,1
69.7,37,2021,12,1
70.4,33.2,2021,12,5
70.4,34.4,2021,12,3
70.5,35.1,2021,12,3
71.1,34.8,2021,12,3
-0.1,14.6,2021,11,1
0.7,14.6,2021,11,1
13.5,11.6,2021,11,1
14.2,11.4,2021,11,2
14.7,12.2,2021,11,1
32.9,31,2021,11,5
36.1,32.8,2021,11,9
36.3,32.8,2021,11,10
37.5,47.9,2021,11,10
37.9,35.1,2021,11,2
62.2,33.2,2021,11,1
63,35.3,2021,11,1
64.2,35,2021,11,2
66.6,35.9,2021,11,1
66.7,35.8,2021,11,2
66.9,36.9,2021,11,1
67.9,35.8,2021,11,2
69,35.5,2021,11,2
69.2,36.2,2021,11,2
70.1,34.9,2021,11,2
70.7,33.2,2021,11,3
70.7,36.9,2021,11,2
71.2,35,2021,11,2
71.3,36.4,2021,11,2
-3.2,13.5,2021,10,1
-1.8,13.9,2021,10,1
-1.2,13.9,2021,10,1
-0.8,13.6,2021,10,1
-0.6,14.5,2021,10,1
0.2,15,2021,10,2
1.6,15.6,2021,10,2
14.2,12.7,2021,10,2
33,31,2021,10,6
35.3,32.5,2021,10,5
36.7,35.8,2021,10,9
36.9,36.2,2021,10,9
38.5,11.7,2021,10,1
39,48.9,2021,10,10
39.7,13.4,2021,10,1
39.8,35.3,2021,10,1
41.6,36.3,2021,10,1
42.6,36.2,2021,10,5
43.7,35.8,2021,10,1
44,35.5,2021,10,1
44.8,38.2,2021,10,1
45,34.7,2021,10,3
61.3,32.4,2021,10,2
62.3,33.6,2021,10,4
62.5,34.4,2021,10,1
62.7,34.2,2021,10,3
64.4,31.7,2021,10,1
68.4,36.2,2021,10,1
68.6,37.2,2021,10,2
68.7,34.5,2021,10,2
68.9,37.3,2021,10,1
69,36.7,2021,10,1
70.1,36.8,2021,10,3
70.2,34.5,2021,10,3
70.7,37.9,2021,10,1
71.3,35.8,2021,10,2
71.6,34,2021,10,4
74.5,34.3,2021,10,3
74.9,33.6,2021,10,6
-3.6,14.3,2021,9,1
-2.2,14.5,2021,9,1
2,36.6,2021,9,2
12,11.3,2021,9,2
12.8,11,2021,9,1
14.6,11.9,2021,9,1
33.5,30.7,2021,9,3
34.3,31.4,2021,9,1
34.5,31.6,2021,9,3
35.9,32.9,2021,9,2
36,32.8,2021,9,9
36.2,33.1,2021,9,5
36.4,35.7,2021,9,5
36.9,36.1,2021,9,5
37.5,36.5,2021,9,3
37.9,48.4,2021,9,6
38.5,14,2021,9,1
38.9,35.1,2021,9,1
42.2,37.5,2021,9,4
42.3,36.3,2021,9,1
43.6,13.7,2021,9,2
44.9,34,2021,9,5
45.5,16.1,2021,9,2
62,32.2,2021,9,2
62.2,35,2021,9,3
62.3,35.1,2021,9,2
63,31.8,2021,9,1
63.9,32.3,2021,9,1
65.1,34.5,2021,9,2
65.1,35.1,2021,9,2
65.3,31.7,2021,9,1
65.5,32.9,2021,9,1
66.3,34.6,2021,9,2
66.8,29.8,2021,9,2
66.9,30,2021,9,2
66.9,36,2021,9,2
68.9,35.6,2021,9,1
69.3,33.9,2021,9,2
69.5,35.9,2021,9,1
70,34.7,2021,9,2
70.1,36.1,2021,9,1
70.3,34.2,2021,9,4
70.5,36,2021,9,1
-5.8,13.9,2021,8,1
-4.7,10.9,2021,8,1
-1.8,13.8,2021,8,2
-1.3,15.8,2021,8,3
-0.4,14.3,2021,8,2
1.3,12.4,2021,8,2
13.3,12.6,2021,8,1
14.6,11.8,2021,8,1
36.1,33,2021,8,9
36.1,33.6,2021,8,2
36.2,32.9,2021,8,1
36.7,35.7,2021,8,2
36.8,36,2021,8,8
37,13.8,2021,8,3
37.2,36.2,2021,8,4
38.1,35.7,2021,8,1
39.8,13.4,2021,8,1
40,11.6,2021,8,4
43.3,36.2,2021,8,1
43.5,34.9,2021,8,1
44,34.9,2021,8,1
44.3,34.6,2021,8,2
45.6,14.7,2021,8,2
49.2,11.3,2021,8,3
61.2,34.6,2021,8,2
62,32.3,2021,8,1
62.3,34.3,2021,8,2
63,35.2,2021,8,1
63.8,32.2,2021,8,1
64.8,36.1,2021,8,4
65,34.6,2021,8,3
65,36.8,2021,8,2
65.3,35.6,2021,8,2
66.8,36.1,2021,8,1
67.9,36.3,2021,8,1
68,33,2021,8,1
68.6,33.3,2021,8,4
69.1,34.3,2021,8,1
69.4,36.4,2021,8,1
69.4,37,2021,8,1
69.6,35.4,2021,8,1
69.6,36,2021,8,1
69.7,35.9,2021,8,3
69.8,34.9,2021,8,3
69.9,33,2021,8,4
70,32.5,2021,8,3
70.9,36.9,2021,8,1
-4.4,12.8,2021,7,1
-3.8,14.9,2021,7,1
-1.2,13.7,2021,7,2
-0.6,14,2021,7,1
0.1,14.3,2021,7,1
1,13,2021,7,4
9.2,35.4,2021,7,4
12.8,10.9,2021,7,1
12.8,11.1,2021,7,4
13.4,11.9,2021,7,3
13.6,11.3,2021,7,1
13.7,11.2,2021,7,1
17,25,2021,7,1
36.3,32.6,2021,7,5
36.7,36.2,2021,7,3
39.7,13.3,2021,7,1
40,11.2,2021,7,2
41.7,37.9,2021,7,4
42.3,37.9,2021,7,7
42.5,37.9,2021,7,3
43,14.6,2021,7,3
43.8,35.6,2021,7,1
43.9,13.5,2021,7,5
44.1,35.7,2021,7,2
44.2,15.4,2021,7,3
44.6,33.7,2021,7,5
44.7,15.9,2021,7,1
44.7,33.8,2021,7,3
45.4,40.2,2021,7,5
45.8,36.8,2021,7,1
46.2,13.9,2021,7,1
46.2,14.7,2021,7,1
62.1,34.1,2021,7,1
62.2,33.6,2021,7,2
62.7,33.3,2021,7,1
62.9,34.2,2021,7,1
64.5,35.9,2021,7,1
64.9,34.6,2021,7,2
65,32.5,2021,7,2
65.2,34.6,2021,7,2
65.2,37.1,2021,7,2
65.6,36.1,2021,7,1
66.1,36.3,2021,7,1
66.2,36.1,2021,7,3
67.1,36.2,2021,7,1
68.5,30.5,2021,7,1
68.6,33.9,2021,7,1
68.7,36.2,2021,7,1
69,37.2,2021,7,2
69.1,34.7,2021,7,2
69.2,33,2021,7,1
69.2,33.7,2021,7,1
69.7,34.9,2021,7,1
70.5,31.9,2021,7,4
70.6,34.2,2021,7,1
70.9,34.7,2021,7,3
74.8,33.8,2021,7,4
75.1,33.7,2021,7,5
75.2,33.8,2021,7,4
-4.9,15.7,2021,6,2
-4.6,12.1,2021,6,2
-1.6,13.9,2021,6,1
-0.9,14.2,2021,6,2
0.5,13.4,2021,6,3
0.7,13.6,2021,6,1
1,20.2,2021,6,4
1.3,12.8,2021,6,1
1.5,15.9,2021,6,1
1.5,16.5,2021,6,1
1.7,12.8,2021,6,1
8.7,35.2,2021,6,2
13.6,10.8,2021,6,1
33.7,30.5,2021,6,5
36.2,35.7,2021,6,4
37.2,35.2,2021,6,4
38.2,11.8,2021,6,3
39.1,14.3,2021,6,2
39.6,35.8,2021,6,3
39.7,11.6,2021,6,1
42.9,16.2,2021,6,2
43.2,16,2021,6,1
43.9,34.2,2021,6,3
44.1,13.5,2021,6,5
44.1,37.5,2021,6,6
44.3,35.5,2021,6,1
44.8,36,2021,6,4
44.9,34.4,2021,6,2
45.1,17,2021,6,4
45.1,36.2,2021,6,2
45.2,34.5,2021,6,1
45.7,14.4,2021,6,1
46.4,39.7,2021,6,1
62.1,26.1,2021,6,3
62.7,33.7,2021,6,1
63.1,34.3,2021,6,1
64.2,26.7,2021,6,2
64.5,31.6,2021,6,1
64.6,28,2021,6,1
64.7,32.5,2021,6,1
64.8,32.1,2021,6,1
64.9,36.5,2021,6,1
65.2,31.5,2021,6,2
65.5,33.2,2021,6,2
66.1,31.2,2021,6,2
66.5,36,2021,6,1
66.8,37,2021,6,1
67.8,36.8,2021,6,1
67.8,37.2,2021,6,2
67.9,30.1,2021,6,1
68,29.8,2021,6,3
68.1,36,2021,6,2
68.3,31.9,2021,6,1
68.4,36.1,2021,6,2
68.9,36.6,2021,6,1
69,33.9,2021,6,1
69,34.2,2021,6,1
69.1,33.4,2021,6,1
69.4,37.1,2021,6,1
69.6,34.9,2021,6,2
69.7,32.9,2021,6,3
69.7,35.4,2021,6,3
70.1,33.6,2021,6,2
70.6,40,2021,6,2
70.8,34.1,2021,6,2
74.4,33.6,2021,6,2
74.5,33.1,2021,6,3
75,33.6,2021,6,2
-8,14.2,2021,5,1
-7.5,11.4,2021,5,1
-6,14.6,2021,5,1
-3.3,16.6,2021,5,1
-2.2,16.3,2021,5,1
-2.1,13.9,2021,5,2
-1.7,14,2021,5,1
-1.4,13.6,2021,5,2
-1.1,13.2,2021,5,4
0.7,15.3,2021,5,2
7.8,35.1,2021,5,1
8.9,35.1,2021,5,2
12.1,11,2021,5,2
12.7,10.9,2021,5,1
13.1,10.5,2021,5,1
35.2,31.8,2021,5,2
36.2,32.8,2021,5,6
36.3,35.2,2021,5,1
36.7,34.7,2021,5,2
36.9,36.3,2021,5,3
37.1,35,2021,5,4
37.8,13.2,2021,5,1
37.8,47.6,2021,5,2
38,36,2021,5,5
38.2,48.4,2021,5,3
39.1,11.9,2021,5,2
39.3,12.7,2021,5,1
39.3,13.3,2021,5,4
39.4,12.9,2021,5,2
39.6,13,2021,5,1
39.9,11.4,2021,5,1
40.6,34.9,2021,5,2
42.5,37.8,2021,5,3
43.1,14.3,2021,5,2
43.1,16.9,2021,5,5
43.3,17.2,2021,5,4
43.3,35.8,2021,5,1
44.3,35,2021,5,1
44.3,35.8,2021,5,1
44.6,34.7,2021,5,1
44.7,13.9,2021,5,4
44.7,14,2021,5,3
44.9,14.5,2021,5,1
44.9,15.7,2021,5,3
45.4,34,2021,5,1
45.7,14,2021,5,2
46.3,35.7,2021,5,2
46.6,35.1,2021,5,1
50.4,10.9,2021,5,4
61.3,34.6,2021,5,1
62.2,34.9,2021,5,1
62.3,35.2,2021,5,2
63,26.6,2021,5,1
63.1,32.2,2021,5,1
63.3,35.1,2021,5,2
64.3,35.8,2021,5,1
65.1,31.6,2021,5,1
65.8,32.8,2021,5,1
66,36.1,2021,5,1
66,36.7,2021,5,2
66.2,33.4,2021,5,1
66.8,36.8,2021,5,1
67.6,35.3,2021,5,1
67.8,32.8,2021,5,1
68.2,33.4,2021,5,1
68.4,35.3,2021,5,1
68.7,33.7,2021,5,1
68.8,37.2,2021,5,2
68.9,29.5,2021,5,1
68.9,35,2021,5,1
69,33.5,2021,5,1
69.1,33.6,2021,5,1
69.1,34.4,2021,5,1
69.1,36.7,2021,5,1
69.6,35.6,2021,5,2
69.8,37.4,2021,5,1
69.9,33.8,2021,5,1
69.9,34.2,2021,5,1
70.1,36.7,2021,5,1
70.1,37.3,2021,5,1
70.6,37.2,2021,5,1
70.7,34.7,2021,5,1
70.7,37.1,2021,5,1
70.8,34.2,2021,5,2
70.9,32.6,2021,5,2
70.9,38.2,2021,5,1
71.5,35.3,2021,5,2
74.2,33.6,2021,5,2
74.4,34.3,2021,5,2
74.9,34,2021,5,2
-4.6,13.3,2021,4,1
-2.8,15.9,2021,4,1
-2.2,14.1,2021,4,1
-1.9,13.6,2021,4,2
-1.8,16.4,2021,4,1
-0.4,11.5,2021,4,1
0.7,12.1,2021,4,1
1.4,18.4,2021,4,2
2.3,15.7,2021,4,1
12.8,11.3,2021,4,1
12.8,11.8,2021,4,1
12.9,13.6,2021,4,1
13.8,11.5,2021,4,1
13.9,11,2021,4,4
13.9,11.1,2021,4,2
14.2,12.4,2021,4,2
33.8,31.1,2021,4,2
36.2,33.4,2021,4,2
36.2,35.6,2021,4,3
36.3,32.9,2021,4,3
36.3,35.7,2021,4,3
36.4,32.7,2021,4,2
36.6,35.9,2021,4,3
36.7,34.2,2021,4,1
36.8,35.1,2021,4,1
36.9,35.4,2021,4,1
37.3,14.2,2021,4,2
37.8,47.2,2021,4,4
37.8,48,2021,4,1
38.1,13.6,2021,4,4
38.1,35.8,2021,4,1
38.2,11.7,2021,4,2
38.2,11.9,2021,4,1
38.5,48.7,2021,4,4
38.6,34.7,2021,4,1
38.6,48.7,2021,4,4
38.7,48.8,2021,4,4
38.8,13.6,2021,4,2
38.9,14.2,2021,4,4
39.2,11.6,2021,4,2
39.2,13.2,2021,4,4
39.2,36.6,2021,4,1
39.3,12.9,2021,4,1
39.5,12.8,2021,4,2
39.6,11.7,2021,4,3
39.7,12.1,2021,4,1
39.7,13.1,2021,4,3
40.1,35.4,2021,4,2
40.2,11.6,2021,4,2
41.5,38.2,2021,4,2
42.3,37.4,2021,4,3
43.1,14.1,2021,4,1
43.1,37,2021,4,1
43.7,16.9,2021,4,2
43.8,17.2,2021,4,2
43.9,13.4,2021,4,1
43.9,13.6,2021,4,2
43.9,35.3,2021,4,2
44.1,33.3,2021,4,1
44.1,35.8,2021,4,1
44.1,37.4,2021,4,1
44.2,35.5,2021,4,1
44.4,13.4,2021,4,2
44.8,33.9,2021,4,2
45,36.4,2021,4,2
45,36.5,2021,4,4
45.1,16.6,2021,4,2
45.2,13.9,2021,4,1
45.2,14.9,2021,4,3
45.2,36.2,2021,4,1
45.4,34.3,2021,4,2
45.5,15,2021,4,1
47,16.9,2021,4,1
61.2,28.2,2021,4,1
62,27.3,2021,4,1
62,34.9,2021,4,1
62.6,31.4,2021,4,1
62.6,34.2,2021,4,1
62.9,34.7,2021,4,1
63.5,34.9,2021,4,1
63.6,34.3,2021,4,1
63.7,34.3,2021,4,1
63.8,33.2,2021,4,1
64,34.8,2021,4,1
64.2,35.1,2021,4,2
64.4,35.9,2021,4,1
64.7,35.8,2021,4,1
64.9,31.7,2021,4,1
64.9,36.6,2021,4,1
65,34.1,2021,4,1
65.2,34.5,2021,4,1
65.9,31.8,2021,4,1
66.1,31.9,2021,4,1
66.3,36.8,2021,4,1
66.4,30.9,2021,4,1
67,32.1,2021,4,1
67.7,30.2,2021,4,1
68.4,32.8,2021,4,1
68.4,33.4,2021,4,2
68.4,35.6,2021,4,1
68.7,34.1,2021,4,1
68.7,36.3,2021,4,1
69.2,31.4,2021,4,1
69.5,35.3,2021,4,4
69.7,33.2,2021,4,1
69.7,34.6,2021,4,2
69.7,37.4,2021,4,1
70.4,32.2,2021,4,3
70.5,33.4,2021,4,1
70.9,35,2021,4,1
71.3,34.9,2021,4,2
71.4,34.8,2021,4,3
71.9,34.9,2021,4,2
74.4,33.5,2021,4,2
74.6,34.4,2021,4,2
74.9,33.9,2021,4,2
75.1,33.8,2021,4,4
75.3,33.6,2021,4,1
-12.2,27.9,2021,3,1
-10.6,26.2,2021,3,1
-5,14.6,2021,3,1
-4.9,13.2,2021,3,1
-4.2,14,2021,3,1
-2.7,13.8,2021,3,1
-2.5,14.4,2021,3,1
-2.2,13.8,2021,3,1
-1.7,15.3,2021,3,1
-0.7,14.7,2021,3,1
-0.6,13.9,2021,3,1
-0.5,14.3,2021,3,1
-0.3,14.4,2021,3,1
-0,14.5,2021,3,1
0.4,14,2021,3,1
1,11.1,2021,3,1
1.3,10.6,2021,3,1
1.9,15.5,2021,3,1
2.4,15.9,2021,3,1
12,13.2,2021,3,4
12.1,11.2,2021,3,1
12.1,11.7,2021,3,1
12.3,13.1,2021,3,1
13,10.6,2021,3,2
13,14,2021,3,1
13.1,11.8,2021,3,1
13.2,13.4,2021,3,1
13.7,11.4,2021,3,1
13.7,12.8,2021,3,1
13.8,11.1,2021,3,2
13.8,11.4,2021,3,7
14,11.2,2021,3,1
14.1,11.2,2021,3,1
14.1,11.5,2021,3,1
14.5,11,2021,3,1
22.8,10.1,2021,3,1
33.7,29.9,2021,3,3
34.1,31.1,2021,3,2
34.2,31.1,2021,3,1
35.3,32.2,2021,3,3
35.8,35.5,2021,3,1
36,35.7,2021,3,3
36.1,35.7,2021,3,2
36.2,32.7,2021,3,3
36.2,33.2,2021,3,1
36.6,14.3,2021,3,1
36.6,35.6,2021,3,2
36.7,35.6,2021,3,2
36.8,14,2021,3,1
36.9,13.8,2021,3,1
37,13.6,2021,3,1
37.4,35.5,2021,3,1
37.5,34.6,2021,3,1
37.6,34.9,2021,3,2
37.8,47.3,2021,3,3
37.9,13.3,2021,3,3
37.9,47.4,2021,3,1
38,48.4,2021,3,3
38.6,13.6,2021,3,1
38.6,14,2021,3,1
38.7,13.8,2021,3,3
38.8,11.7,2021,3,3
38.8,13.2,2021,3,1
39,12,2021,3,3
39,13.9,2021,3,3
39.1,13.6,2021,3,2
39.2,13.6,2021,3,1
39.3,13.9,2021,3,1
39.3,14.1,2021,3,3
39.5,14.4,2021,3,1
39.6,13.9,2021,3,2
39.7,13.2,2021,3,3
39.7,35.1,2021,3,2
39.8,12.8,2021,3,1
40,13.9,2021,3,1
40.6,34.8,2021,3,1
40.8,39.1,2021,3,1
41.4,38.1,2021,3,1
41.9,36.3,2021,3,1
42.6,16.9,2021,3,2
42.7,17.1,2021,3,1
42.8,33.6,2021,3,1
43,16.5,2021,3,1
43.1,36.3,2021,3,3
43.3,14.8,2021,3,1
43.3,16.8,2021,3,1
43.3,17.3,2021,3,2
43.4,13.7,2021,3,1
43.4,34.9,2021,3,1
43.5,15.5,2021,3,1
43.5,37.1,2021,3,2
43.8,13.5,2021,3,2
43.9,13.3,2021,3,1
43.9,17.1,2021,3,2
44,33.2,2021,3,1
44,35.2,2021,3,1
44.1,13.4,2021,3,3
44.3,34.8,2021,3,2
44.3,34.9,2021,3,1
44.4,35.2,2021,3,2
44.5,34.4,2021,3,1
44.6,15.7,2021,3,4
44.6,34.9,2021,3,3
44.8,34.7,2021,3,3
44.8,39.7,2021,3,3
44.9,16.1,2021,3,1
45.2,34.4,2021,3,1
45.3,34.6,2021,3,1
45.5,14.1,2021,3,2
45.9,16.5,2021,3,1
46.3,35.2,2021,3,1
46.3,40.5,2021,3,2
48.9,10.8,2021,3,2
61.5,34.5,2021,3,2
61.7,25,2021,3,2
62,32.4,2021,3,1
62,32.5,2021,3,1
62.4,34.4,2021,3,1
62.9,31.6,2021,3,1
63.4,34.8,2021,3,1
63.7,33.6,2021,3,1
63.9,26,2021,3,2
64.2,31.1,2021,3,1
65.2,35.8,2021,3,1
65.4,34.5,2021,3,1
66,32.6,2021,3,1
66.2,36.2,2021,3,1
66.4,31,2021,3,1
66.5,31.6,2021,3,1
66.6,29.3,2021,3,1
66.6,31.1,2021,3,1
66.9,25,2021,3,2
67,30.1,2021,3,2
67.2,32.3,2021,3,1
67.3,35.9,2021,3,1
67.4,30.4,2021,3,1
67.9,32.3,2021,3,2
67.9,36.5,2021,3,1
68,33.4,2021,3,1
68.3,32.3,2021,3,1
68.5,32.9,2021,3,1
68.5,33.6,2021,3,1
68.6,34.1,2021,3,1
68.8,33.2,2021,3,2
68.8,36,2021,3,1
69.1,34.2,2021,3,1
69.3,34.9,2021,3,3
69.4,33.4,2021,3,1
69.4,33.8,2021,3,1
69.5,32.4,2021,3,2
69.5,37.5,2021,3,1
69.6,37.5,2021,3,1
69.8,33.8,2021,3,1
70,32.7,2021,3,3
70,32.8,2021,3,1
70.1,33,2021,3,1
70.3,32.9,2021,3,1
70.4,30.5,2021,3,1
70.4,36.8,2021,3,1
70.5,34.5,2021,3,1
70.7,32.6,2021,3,1
70.8,37.1,2021,3,1
71.4,33.7,2021,3,1
72.3,34.6,2021,3,1
72.3,34.8,2021,3,1
74.1,34,2021,3,1
74.3,31.7,2021,3,1
74.4,34.1,2021,3,1
74.5,32.8,2021,3,1
74.7,34.4,2021,3,1
75,33.7,2021,3,3
75.1,33.6,2021,3,2
75.2,33.9,2021,3,1
75.3,33.7,2021,3,1
75.4,33.6,2021,3,1
-8.6,12.5,2021,2,1
-7.6,14.4,2021,2,1
-7.5,15,2021,2,1
-5.8,14.6,2021,2,1
-5.8,14.7,2021,2,1
-5.3,14.8,2021,2,1
-4.1,14,2021,2,1
-4,14.7,2021,2,1
-3.6,12.7,2021,2,1
-3.6,14.5,2021,2,1
-2.7,15,2021,2,1
-2.7,15.1,2021,2,1
-1.1,13.8,2021,2,1
-1,13.5,2021,2,1
-0.3,14.6,2021,2,1
-0.3,14.7,2021,2,2
-0,14.1,2021,2,1
0.2,14,2021,2,1
0.4,16.7,2021,2,1
1,10.8,2021,2,1
1.5,12.9,2021,2,1
2.2,36.2,2021,2,1
2.4,16,2021,2,1
2.7,16.7,2021,2,1
7.3,13.9,2021,2,1
11.8,12.1,2021,2,2
12.5,11.2,2021,2,1
12.8,12.2,2021,2,1
13,12,2021,2,1
13.7,10.9,2021,2,1
14.1,12.7,2021,2,1
14.1,13.4,2021,2,1
14.3,11.3,2021,2,1
14.3,12.4,2021,2,1
14.4,27,2021,2,1
34.6,31.7,2021,2,2
34.8,32.1,2021,2,2
34.9,31.9,2021,2,1
36,33,2021,2,2
36.1,33.2,2021,2,2
36.3,35.8,2021,2,2
36.3,35.9,2021,2,1
36.4,32.6,2021,2,2
36.4,32.8,2021,2,2
36.6,36.1,2021,2,2
36.7,35.4,2021,2,3
37.2,35.4,2021,2,1
37.3,34.9,2021,2,1
37.5,35.8,2021,2,2
37.5,36.3,2021,2,2
37.6,34.5,2021,2,1
37.6,47.7,2021,2,2
37.8,36.6,2021,2,1
37.8,47.5,2021,2,2
37.8,48.2,2021,2,2
37.9,13.2,2021,2,2
37.9,48.2,2021,2,3
38.2,13.9,2021,2,2
38.2,34.7,2021,2,2
38.2,35.8,2021,2,1
38.3,14.1,2021,2,2
38.4,14,2021,2,2
38.4,48.6,2021,2,2
38.8,13.8,2021,2,2
39,13.8,2021,2,1
39,36.7,2021,2,1
39,48.7,2021,2,2
39.2,10.9,2021,2,2
39.2,14.3,2021,2,2
39.3,10.4,2021,2,2
39.3,48.6,2021,2,2
39.4,10.6,2021,2,2
39.4,48.8,2021,2,1
39.5,13.1,2021,2,1
39.6,11.6,2021,2,2
39.6,14.1,2021,2,2
39.7,11.3,2021,2,2
39.8,10.9,2021,2,1
39.9,10.4,2021,2,2
39.9,33.7,2021,2,1
40.5,34.9,2021,2,1
42.5,37.5,2021,2,1
42.9,37.4,2021,2,1
43,36.1,2021,2,1
43,37.2,2021,2,1
43.2,13.9,2021,2,2
43.2,14,2021,2,1
43.2,35.5,2021,2,2
43.2,37.3,2021,2,1
43.4,12.9,2021,2,1
43.4,36.5,2021,2,1
43.5,33.6,2021,2,1
43.7,13.7,2021,2,1
43.7,17.3,2021,2,1
43.7,38.4,2021,2,3
43.9,13.7,2021,2,1
43.9,33.4,2021,2,1
43.9,35.6,2021,2,1
43.9,35.7,2021,2,2
44.3,37.6,2021,2,2
44.4,13.3,2021,2,2
44.4,15.3,2021,2,1
44.4,35.8,2021,2,1
44.6,13.8,2021,2,1
44.8,16.2,2021,2,2
45,34.2,2021,2,1
45,36.3,2021,2,1
45,38.6,2021,2,1
45.1,34.2,2021,2,2
45.1,37.6,2021,2,1
45.2,36.9,2021,2,1
45.3,35.9,2021,2,1
45.4,13.9,2021,2,1
45.4,34.5,2021,2,1
45.4,36.7,2021,2,1
45.5,14.6,2021,2,1
45.5,14.9,2021,2,1
45.6,14.6,2021,2,1
45.6,16.1,2021,2,1
45.8,35.9,2021,2,1
46,14,2021,2,1
46.1,35.7,2021,2,1
46.2,36.5,2021,2,1
46.7,39.7,2021,2,1
46.9,40,2021,2,2
49,11,2021,2,1
49.9,11.4,2021,2,1
61.3,35.4,2021,2,1
61.8,34.9,2021,2,1
62.2,34.4,2021,2,1
62.4,26.1,2021,2,2
63.5,25.3,2021,2,1
63.8,26.2,2021,2,1
65.3,26.3,2021,2,1
65.9,29,2021,2,1
66.7,29.9,2021,2,1
67.5,36.3,2021,2,1
67.7,33.8,2021,2,1
67.8,35.6,2021,2,1
68.2,28.6,2021,2,1
68.8,33.1,2021,2,1
68.9,27.7,2021,2,1
69.1,32.7,2021,2,1
69.2,34.4,2021,2,2
69.2,35.1,2021,2,2
69.3,33.6,2021,2,1
69.4,33,2021,2,1
69.4,35.1,2021,2,2
69.5,35.5,2021,2,1
69.6,32.9,2021,2,1
69.6,35.3,2021,2,1
69.6,37.3,2021,2,1
69.8,32.7,2021,2,1
69.8,32.9,2021,2,1
69.9,35.6,2021,2,1
70,35.6,2021,2,1
70.2,32.1,2021,2,1
70.3,33,2021,2,1
70.3,34.8,2021,2,1
70.3,35.2,2021,2,1
70.4,36.5,2021,2,1
70.5,32.3,2021,2,1
70.6,31.9,2021,2,2
70.8,36.9,2021,2,2
71.1,34.7,2021,2,1
71.2,36.7,2021,2,1
71.6,34.8,2021,2,1
71.7,35.1,2021,2,1
72.3,34.3,2021,2,1
73.1,33.7,2021,2,1
74,33.8,2021,2,1
74.2,33,2021,2,1
74.3,34.2,2021,2,1
74.6,34,2021,2,2
74.9,32.5,2021,2,2
74.9,34.1,2021,2,1
75,33.8,2021,2,2
75,33.9,2021,2,1
75,34,2021,2,1
75.2,33.7,2021,2,1
-6,14.7,2021,1,1
-5.5,11.5,2021,1,1
-5.4,11.1,2021,1,1
-4.6,14,2021,1,1
-4.5,13,2021,1,1
-4.2,14.5,2021,1,1
-3.8,10.4,2021,1,1
-3.7,16.4,2021,1,1
-3.6,15,2021,1,1
-2.1,13.8,2021,1,1
-2,14.8,2021,1,1
-2,14.9,2021,1,1
-1.6,15.2,2021,1,1
-1.2,14.1,2021,1,1
-0.9,16,2021,1,1
-0.8,13.2,2021,1,1
-0.7,13.5,2021,1,1
-0.4,14.9,2021,1,1
0.2,14.7,2021,1,1
0.3,17.8,2021,1,1
0.5,11.9,2021,1,1
0.8,12.1,2021,1,1
1.2,10.6,2021,1,1
1.3,15.2,2021,1,1
1.4,15.8,2021,1,1
1.8,15.9,2021,1,1
2.1,13.5,2021,1,1
2.2,12.8,2021,1,1
2.3,11.3,2021,1,1
2.4,35.8,2021,1,1
2.8,11.1,2021,1,1
7.3,35,2021,1,1
12.1,13.1,2021,1,2
12.2,11.3,2021,1,1
12.2,13.2,2021,1,1
12.4,11.4,2021,1,10
12.4,13.2,2021,1,1
12.8,13.4,2021,1,1
12.9,11.4,2021,1,1
13.1,12,2021,1,2
13.2,11.9,2021,1,2
13.8,11,2021,1,1
14,11.4,2021,1,1
14.1,11.1,2021,1,1
14.4,13.5,2021,1,1
17.4,27.2,2021,1,1
34,29.5,2021,1,1
34.2,31.2,2021,1,1
34.3,31,2021,1,1
34.4,31.3,2021,1,1
34.6,31.5,2021,1,1
35,57,2021,1,1
35.1,31.5,2021,1,1
35.2,32.1,2021,1,1
35.4,32.3,2021,1,1
35.9,33.1,2021,1,1
36.2,33,2021,1,1
36.3,36,2021,1,1
36.4,32.5,2021,1,1
36.4,35.8,2021,1,2
36.5,35.3,2021,1,2
36.6,32.9,2021,1,1
36.6,36,2021,1,1
36.7,33.6,2021,1,1
36.7,36.3,2021,1,1
36.8,35.8,2021,1,1
36.8,36.2,2021,1,2
36.8,36.3,2021,1,1
37,36.4,2021,1,2
37.1,47.6,2021,1,1
37.5,48,2021,1,1
37.6,47.9,2021,1,1
37.6,48,2021,1,1
37.6,48.1,2021,1,1
37.7,35.6,2021,1,2
37.7,36.4,2021,1,1
37.7,47.4,2021,1,1
37.8,48.1,2021,1,1
37.8,48.6,2021,1,1
37.9,47.5,2021,1,1
38,13.4,2021,1,1
38,14,2021,1,1
38,35.1,2021,1,1
38,48.3,2021,1,1
38,48.6,2021,1,1
38.1,13.4,2021,1,1
38.2,14,2021,1,1
38.3,48.3,2021,1,1
38.5,11.8,2021,1,1
38.5,14.1,2021,1,1
38.5,48.6,2021,1,1
38.6,13.9,2021,1,1
38.6,14.2,2021,1,1
38.7,33.5,2021,1,1
38.7,35.4,2021,1,1
38.7,48.7,2021,1,1
38.8,13.9,2021,1,1
38.8,36.4,2021,1,1
38.8,48.7,2021,1,1
38.8,48.8,2021,1,1
38.9,11.8,2021,1,1
38.9,13.6,2021,1,1
38.9,48.5,2021,1,1
38.9,48.7,2021,1,1
39,12.6,2021,1,1
39,37.2,2021,1,1
39.1,11.8,2021,1,1
39.1,14.5,2021,1,1
39.2,11.3,2021,1,1
39.2,12.7,2021,1,1
39.2,13.1,2021,1,1
39.2,14,2021,1,1
39.3,12.8,2021,1,1
39.3,14,2021,1,1
39.3,14.3,2021,1,1
39.3,14.4,2021,1,1
39.3,48.7,2021,1,1
39.4,13.9,2021,1,1
39.4,14.2,2021,1,1
39.5,11.3,2021,1,1
39.5,12.6,2021,1,1
39.5,12.9,2021,1,1
39.5,13,2021,1,1
39.6,11.2,2021,1,1
39.6,12.8,2021,1,1
39.6,13.7,2021,1,1
39.6,14.2,2021,1,1
39.6,35,2021,1,1
39.7,10.1,2021,1,1
39.7,11.2,2021,1,1
39.7,48.6,2021,1,1
39.8,11.3,2021,1,1
39.8,12.2,2021,1,1
39.8,12.4,2021,1,1
39.8,12.5,2021,1,1
39.9,10.5,2021,1,1
40,10.3,2021,1,1
40.1,36.8,2021,1,1
40.3,11,2021,1,1
40.3,33,2021,1,1
40.4,36.7,2021,1,1
40.5,12.2,2021,1,1
40.7,38.5,2021,1,1
40.8,11.4,2021,1,1
41.3,36.4,2021,1,1
41.5,36.4,2021,1,1
41.6,34.5,2021,1,1
41.6,36.5,2021,1,1
42,35.5,2021,1,1
42.1,36.3,2021,1,1
42.1,38.4,2021,1,1
43,16,2021,1,1
43,16.4,2021,1,1
43.1,14.8,2021,1,1
43.1,16.2,2021,1,1
43.2,14.8,2021,1,1
43.2,36.4,2021,1,1
43.3,13.7,2021,1,1
43.3,14.2,2021,1,1
43.3,16.7,2021,1,1
43.3,16.9,2021,1,1
43.3,17,2021,1,1
43.3,17.4,2021,1,1
43.3,33.4,2021,1,1
43.4,13,2021,1,1
43.4,13.5,2021,1,1
43.4,13.9,2021,1,1
43.4,16.8,2021,1,1
43.4,35.9,2021,1,1
43.5,17.1,2021,1,1
43.6,34.5,2021,1,1
43.7,34.4,2021,1,1
43.8,13.6,2021,1,1
43.8,16.9,2021,1,1
43.8,35.2,2021,1,1
43.8,37,2021,1,1
43.8,37.2,2021,1,1
44,33,2021,1,1
44,35.6,2021,1,1
44,36.2,2021,1,1
44.1,13.2,2021,1,1
44.1,13.7,2021,1,1
44.1,16.9,2021,1,1
44.1,33.8,2021,1,1
44.1,34.1,2021,1,1
44.2,13.3,2021,1,1
44.2,13.4,2021,1,1
44.2,13.5,2021,1,1
44.2,33.9,2021,1,1
44.3,13.2,2021,1,1
44.3,13.5,2021,1,2
44.3,33.5,2021,1,1
44.3,35.1,2021,1,1
44.4,17.2,2021,1,1
44.4,33.3,2021,1,1
44.4,33.6,2021,1,1
44.4,35.5,2021,1,1
44.5,15.8,2021,1,1
44.5,34.6,2021,1,2
44.6,13.4,2021,1,1
44.6,34.8,2021,1,1
44.7,35.6,2021,1,1
44.7,36.8,2021,1,1
44.8,14.4,2021,1,1
44.8,14.6,2021,1,1
44.8,15.8,2021,1,1
44.9,14.4,2021,1,1
44.9,15.5,2021,1,1
44.9,33.7,2021,1,1
44.9,36.6,2021,1,1
45,16.9,2021,1,1
45,34.8,2021,1,1
45.3,14.6,2021,1,1
45.3,15,2021,1,1
45.3,16.2,2021,1,1
45.4,15.5,2021,1,1
45.4,35.6,2021,1,1
45.7,14.1,2021,1,1
45.8,15,2021,1,1
46.6,40,2021,1,1
46.7,39.8,2021,1,2
47,40.2,2021,1,1
47.1,39.6,2021,1,1
47.3,39.6,2021,1,1
48.1,46.4,2021,1,1
61.8,34.3,2021,1,1
62.1,35.1,2021,1,1
62.2,33.3,2021,1,1
62.2,33.8,2021,1,1
62.3,26.3,2021,1,1
62.3,27.4,2021,1,1
62.3,34.4,2021,1,1
62.6,34.5,2021,1,1
62.9,34.8,2021,1,1
64.1,35.2,2021,1,1
64.3,33.6,2021,1,1
64.6,35.9,2021,1,1
64.8,36,2021,1,1
64.9,36,2021,1,1
64.9,37,2021,1,1
65.1,34.4,2021,1,1
65.2,31.6,2021,1,1
65.4,35.9,2021,1,1
65.6,33.2,2021,1,1
65.7,28.9,2021,1,1
65.7,34.6,2021,1,1
66,32.2,2021,1,1
66.6,27.5,2021,1,1
66.9,36.4,2021,1,1
67,24.9,2021,1,1
67.1,24.8,2021,1,1
67.9,36.4,2021,1,1
68,33.5,2021,1,1
68,36.2,2021,1,1
68.3,32.2,2021,1,1
68.4,37,2021,1,1
69,34.6,2021,1,1
69,36.8,2021,1,1
69.1,34.5,2021,1,2
69.1,34.8,2021,1,1
69.3,39.6,2021,1,1
69.4,35.2,2021,1,1
69.5,32.6,2021,1,1
69.5,36.6,2021,1,1
69.6,32.3,2021,1,1
69.6,36.9,2021,1,1
69.6,40.1,2021,1,1
69.7,36.9,2021,1,1
69.7,40.1,2021,1,1
69.8,33.7,2021,1,1
69.9,33.3,2021,1,1
70,33.5,2021,1,1
70,36.5,2021,1,1
70.2,33.1,2021,1,1
70.3,34.3,2021,1,1
70.4,34.5,2021,1,1
70.5,33.3,2021,1,1
70.6,32.9,2021,1,1
70.6,33,2021,1,1
70.6,34.4,2021,1,1
70.6,34.5,2021,1,1
70.6,34.6,2021,1,1
70.6,40.1,2021,1,1
70.7,31.8,2021,1,1
70.9,33.1,2021,1,1
70.9,34.2,2021,1,1
71,34.2,2021,1,1
71,34.9,2021,1,1
71.1,33.5,2021,1,1
71.1,34.9,2021,1,1
71.4,34.5,2021,1,1
71.5,33.4,2021,1,1
71.5,34.1,2021,1,1
71.5,34.7,2021,1,1
71.5,34.8,2021,1,1
71.6,34.2,2021,1,1
71.7,34.1,2021,1,1
73.9,34,2021,1,1
73.9,34.1,2021,1,1
74.1,33.7,2021,1,2
74.2,33.1,2021,1,1
74.2,33.4,2021,1,1
74.2,33.5,2021,1,1
74.3,33.3,2021,1,1
74.3,33.5,2021,1,1
74.3,33.6,2021,1,1
74.3,34.3,2021,1,1
74.4,32.9,2021,1,1
74.4,34.2,2021,1,1
74.4,34.4,2021,1,1
74.6,34.3,2021,1,1
74.6,34.5,2021,1,1
75.2,33.5,2021,1,1
-16.7,13.1,2021,0,1
-16,13.1,2021,0,1
-12.8,23.4,2021,0,1
-12.1,26,2021,0,1
-9.4,28.2,2021,0,1
-8.3,29.4,2021,0,1
-7.8,29.7,2021,0,1
-5.4,11.9,2021,0,1
-5.4,14,2021,0,1
-4.9,13.3,2021,0,1
-4.6,15.5,2021,0,1
-3.9,14,2021,0,1
-3.4,10.8,2021,0,1
-2,15.8,2021,0,1
-1.8,14.9,2021,0,1
-1.6,15.8,2021,0,2
-1.3,16,2021,0,1
-1.1,14.8,2021,0,1
-0.9,15.4,2021,0,2
-0.8,16.1,2021,0,1
-0.7,15.4,2021,0,1
-0.4,15,2021,0,1
-0.1,14.8,2021,0,1
0.2,14.9,2021,0,1
0.4,12.1,2021,0,1
0.5,15.7,2021,0,1
0.7,15,2021,0,1
0.7,15.5,2021,0,1
0.8,15.4,2021,0,1
1,15.3,2021,0,1
1.2,13.9,2021,0,1
1.3,15.4,2021,0,1
1.5,15.7,2021,0,1
2.1,15.9,2021,0,1
8.7,36.2,2021,0,1
11.5,13.1,2021,0,1
11.8,13.1,2021,0,1
11.9,11.6,2021,0,2
12,13.1,2021,0,1
12.2,11.2,2021,0,4
12.3,11.5,2021,0,2
12.5,12.9,2021,0,2
12.5,13.7,2021,0,1
12.6,11.2,2021,0,1
12.6,12.8,2021,0,1
12.7,11.8,2021,0,1
12.8,12.5,2021,0,2
12.9,11,2021,0,1
13,11.6,2021,0,1
13.1,12.4,2021,0,1
13.2,12.8,2021,0,1
13.3,10.7,2021,0,1
13.3,11.9,2021,0,1
13.3,32.8,2021,0,2
13.5,10.9,2021,0,1
13.5,11.3,2021,0,1
13.6,11.9,2021,0,3
13.6,12.6,2021,0,2
13.9,11.4,2021,0,1
14,12.1,2021,0,1
14.1,12.3,2021,0,1
14.4,12.4,2021,0,1
14.5,13.4,2021,0,2
15.3,13.6,2021,0,1
16.6,31.2,2021,0,1
24.6,12.9,2021,0,1
24.7,13.1,2021,0,1
33.8,29,2021,0,1
35.8,33.2,2021,0,1
35.9,35.3,2021,0,1
36,33.1,2021,0,1
36,33.3,2021,0,1
36.4,32.9,2021,0,1
36.4,33.5,2021,0,1
36.4,33.6,2021,0,2
36.4,35.4,2021,0,1
36.5,14,2021,0,1
36.5,35.4,2021,0,1
36.6,33.1,2021,0,1
36.6,35.3,2021,0,1
36.6,35.4,2021,0,1
36.6,35.5,2021,0,1
36.7,34.9,2021,0,1
36.7,35.3,2021,0,1
36.7,35.9,2021,0,1
36.8,33,2021,0,1
36.8,34.9,2021,0,1
36.8,35.5,2021,0,1
36.9,35.3,2021,0,1
37,35.6,2021,0,1
37.1,34.6,2021,0,1
37.1,36.3,2021,0,1
37.1,36.7,2021,0,1
37.2,34.2,2021,0,1
37.2,36.4,2021,0,1
37.3,34.6,2021,0,1
37.3,35,2021,0,1
37.3,36.4,2021,0,1
37.5,35.3,2021,0,1
37.5,35.4,2021,0,1
37.6,35.2,2021,0,1
37.9,36.6,2021,0,1
37.9,36.7,2021,0,1
38,34.7,2021,0,1
38,36.2,2021,0,1
38.1,36.7,2021,0,1
38.2,34.6,2021,0,2
38.4,10,2021,0,1
38.5,10.1,2021,0,1
38.6,10.2,2021,0,1
39.5,13.9,2021,0,1
40.2,35.3,2021,0,3
40.2,35.4,2021,0,1
40.2,37.9,2021,0,1
40.8,34.6,2021,0,2
41,34.2,2021,0,1
42.4,34.1,2021,0,1
42.4,38.3,2021,0,1
42.9,39.2,2021,0,1
44.1,13.8,2021,0,1
44.2,37.4,2021,0,1
44.5,33.6,2021,0,1
44.6,14.1,2021,0,1
44.9,14.7,2021,0,1
45.1,12.8,2021,0,1
45.4,14.4,2021,0,1
46.8,40.2,2021,0,1
47.1,31.8,2021,0,1
47.5,15.5,2021,0,1
49.2,11,2021,0,1
50,10,2021,0,1
65.6,26.3,2021,0,1
69.8,34.6,2021,0,1
70,33.8,2021,0,1
70.3,33.7,2021,0,1
74.6,31.9,2021,0,1
39,13.2,2022,157220,3
32,49,2022,28819,437
37.5,47.1,2022,27391,176
38,48.6,2022,7982,433
38.3,47.9,2022,4394,322
38.4,48.3,2022,3982,114
39.3,48.2,2022,3304,153
38,49.2,2022,2556,14
38.5,48.9,2022,1526,57
37.3,49.2,2022,1382,38
38.2,14.3,2022,1124,9
37.8,14.4,2022,1013,9
37.7,48.1,2022,1009,487
39.8,12.2,2022,1002,4
30.5,51,2022,883,1
32,47,2022,719,91
38.2,49,2022,615,27
32.6,46.6,2022,600,165
31.3,51.5,2022,555,53
36.5,49.5,2022,555,102
37.2,47.8,2022,493,44
30.5,50.5,2022,446,41
30.2,50.6,2022,440,21
37.8,49,2022,416,49
30.1,50.2,2022,398,14
36.3,50,2022,392,99
43.1,16.4,2022,386,12
38,48,2022,360,42
39.5,12.3,2022,335,2
39.8,12.4,2022,334,2
39.5,12.2,2022,333,1
45.4,15.4,2022,332,10
-4.6,14.3,2022,325,2
37.3,49,2022,302,13
37.8,48,2022,302,164
13.4,11.2,2022,279,5
38.4,48.6,2022,264,42
45.7,14.8,2022,254,6
30.2,50.5,2022,248,18
45.6,14.9,2022,225,3
37.3,47.1,2022,211,5
47,15,2022,211,3
39.4,14.4,2022,204,3
45.5,14.9,2022,201,6
35.1,47.8,2022,185,87
38.1,49,2022,181,14
38.4,49,2022,177,28
-1.6,13.9,2022,171,3
33.6,47.3,2022,169,104
34.9,50.3,2022,166,16
37.5,47.9,2022,163,116
38,48.5,2022,156,59
38.2,48.8,2022,156,96
14.1,11.5,2022,151,15
0.3,11.2,2022,145,2
43.3,37.2,2022,144,48
39,48.9,2022,139,83
23.5,50,2022,138,1
43.7,37.1,2022,137,66
38.1,48.7,2022,134,87
43.3,17.2,2022,134,1
69.2,34.5,2022,126,24
30.3,50.2,2022,120,4
69.8,35.4,2022,120,15
33.6,47.5,2022,118,6
0.3,15.2,2022,116,5
37.5,49,2022,114,51
38.4,48.9,2022,106,53
36.3,50.2,2022,105,5
38.2,48.9,2022,105,37
37.6,48.7,2022,103,29
42.6,36.2,2022,102,44
37.5,47.6,2022,101,56
38,49,2022,100,20
1.5,13.2,2022,97,5
35,48.5,2022,97,66
43.2,16.9,2022,97,10
37.3,47.8,2022,91,53
38.6,48.6,2022,91,16
30.8,50.9,2022,90,4
36.8,47.8,2022,90,51
37.9,48.6,2022,90,30
39.5,13.5,2022,88,9
-2,14.7,2022,85,3
37.6,48.9,2022,84,51
45.4,15.3,2022,84,6
38,48.3,2022,82,54
38.1,48.5,2022,81,56
34.2,31.3,2022,79,20
38.1,48.9,2022,79,45
38.2,48.5,2022,78,16
69.5,35.2,2022,78,6
13.5,13.5,2022,77,4
37.4,49,2022,77,51
43.8,16.9,2022,77,2
36.9,49.5,2022,76,22
37.6,47.9,2022,76,52
37.6,49,2022,76,25
11.6,10.6,2022,74,3
2.7,15.4,2022,70,1
37.8,14.1,2022,70,5
0.5,13.4,2022,69,7
38.9,14.2,2022,69,7
39.5,14.3,2022,69,10
-1.6,14.1,2022,65,3
-1.2,13.9,2022,65,3
0.1,15.2,2022,65,1
37.8,48.4,2022,65,35
-1.5,13.7,2022,63,5
33.4,46.8,2022,63,25
13.8,12.4,2022,62,7
43.1,16.1,2022,62,4
69.4,35.6,2022,61,3
33.5,47.5,2022,60,4
37.2,47.7,2022,59,40
37.7,47.8,2022,59,8
36,50.3,2022,58,22
37.9,49.6,2022,58,26
44,37,2022,58,30
38.6,48.1,2022,56,16
32,51.3,2022,55,23
-4.1,12.1,2022,53,2
29.9,50.6,2022,53,6
38,49.5,2022,53,28
37.3,49.1,2022,52,10
37.7,49.7,2022,52,10
14.1,12.6,2022,51,3
33.4,47.1,2022,51,23
45.4,40.2,2022,51,3
1,20.2,2022,50,1
38.7,10.1,2022,50,3
-0.5,14.7,2022,49,2
44,13.6,2022,49,24
45.4,39.8,2022,49,1
46,40.1,2022,49,2
46,40.4,2022,49,1
46.2,39.3,2022,49,1
46.4,39.7,2022,49,2
-0.4,14.7,2022,48,2
38.2,49.4,2022,48,19
69.7,35.3,2022,48,7
33.7,46.9,2022,47,2
12.6,13.3,2022,46,5
33.1,47.2,2022,46,31
35.4,46.9,2022,46,8
37.2,48.3,2022,46,37
37.7,48.5,2022,46,25
-6,14.8,2022,45,3
37.3,48,2022,45,31
1.2,13.7,2022,44,1
35.3,32.5,2022,43,22
35.3,47.8,2022,43,3
37.4,49.2,2022,43,22
0.5,11.7,2022,42,3
1.8,12,2022,41,2
33.7,30.5,2022,41,8
37.4,47.7,2022,41,20
43,16,2022,41,2
45.4,14.9,2022,41,3
69.5,33,2022,41,1
-3.6,12.6,2022,40,1
-2.2,13.9,2022,40,1
0,14,2022,40,1
12.5,11.3,2022,40,1
13.3,13.7,2022,40,5
13.4,13.9,2022,40,1
14,11.3,2022,40,1
36.1,32.6,2022,40,33
37.9,48.1,2022,40,35
39,13.6,2022,40,5
39,14.2,2022,40,1
31.5,46.6,2022,39,9
36.5,35.6,2022,39,14
38.2,48.4,2022,39,29
70.6,32.9,2022,39,4
-3.8,12.9,2022,38,1
-0.7,12.9,2022,38,1
0.4,11.2,2022,38,2
37.9,48.9,2022,38,16
43.4,37,2022,38,14
44.2,15.4,2022,38,7
0.6,11,2022,37,2
30.9,45.2,2022,37,1
36.9,36.3,2022,37,17
38.5,48.7,2022,37,22
40.3,35.3,2022,36,2
-2,14.1,2022,35,2
-1.7,13.8,2022,35,1
38.2,49.1,2022,35,23
38.9,34.9,2022,35,8
45.3,15.2,2022,35,1
-2.8,13.5,2022,34,3
-1.6,13.8,2022,34,4
13.3,11.9,2022,34,4
36.1,33,2022,34,18
36.3,47.5,2022,34,3
36.7,49.8,2022,34,17
37.6,48.1,2022,34,26
37.9,49.5,2022,34,20
44.4,35.5,2022,34,9
69.3,35.7,2022,34,4
1.4,13.7,2022,33,1
13,11.5,2022,33,9
34.8,50.9,2022,33,8
40,13.9,2022,33,4
71,39.8,2022,33,7
-7.5,15,2022,32,6
2.1,14.3,2022,32,2
12.8,13.4,2022,32,3
33.2,47.2,2022,32,19
37.5,48,2022,32,22
70,33,2022,32,8
-2.3,14.9,2022,31,4
-2.1,14.1,2022,31,1
-1.6,13.6,2022,31,3
-0.7,13.2,2022,31,5
24.4,13.3,2022,31,3
35.7,47.2,2022,31,3
37.8,48.3,2022,31,21
38.1,13.6,2022,31,6
38.8,35.6,2022,31,9
43.2,17.3,2022,31,19
-1.3,14.1,2022,30,1
1.5,15.9,2022,30,2
12.5,13.1,2022,30,4
-1.1,14.8,2022,29,1
13.6,11.9,2022,29,5
13.8,12,2022,29,2
28.5,49.2,2022,29,1
36.1,50.1,2022,29,19
38,49.1,2022,29,19
38.2,48.7,2022,29,21
43.1,37.3,2022,29,3
63.9,26,2022,29,6
-1.7,14.1,2022,28,1
35.8,47.6,2022,28,12
37.5,49.9,2022,28,11
43.9,13.5,2022,28,4
70.2,40.1,2022,28,5
13.8,11,2022,27,4
13.8,13,2022,27,5
36.1,49.8,2022,27,2
37.6,49.7,2022,27,19
38.2,48.6,2022,27,19
44.1,37.1,2022,27,20
44.5,34.3,2022,27,4
69.7,32.9,2022,27,7
69.8,35.2,2022,27,9
1.3,11.5,2022,26,1
44.4,33.7,2022,26,7
-3.2,13.4,2022,25,2
-0.5,13.9,2022,25,2
36.2,48.1,2022,25,1
37.8,48.9,2022,25,17
38.4,36.9,2022,25,5
39.2,48.7,2022,25,5
44.6,13.9,2022,25,9
-4.1,14.5,2022,24,3
-2.1,14.8,2022,24,1
0.3,14,2022,24,2
29.8,50.5,2022,24,5
30.7,46.5,2022,24,10
39.9,14,2022,24,11
44.9,34.4,2022,24,6
45.4,15.2,2022,24,1
-2.3,13.7,2022,23,2
0.6,10.9,2022,23,1
13.4,14.4,2022,23,1
30.4,46,2022,23,2
30.8,50.5,2022,23,6
33.6,47.2,2022,23,7
38,48.4,2022,23,17
38.8,13.9,2022,23,1
43,14.8,2022,23,13
70.2,33,2022,23,10
-3.4,10.8,2022,22,1
-2.2,14.1,2022,22,3
-1.8,14.9,2022,22,1
14.2,12.2,2022,22,2
33.4,49.1,2022,22,2
34,51,2022,22,15
37.5,47.8,2022,22,16
38.8,34,2022,22,4
47.5,15.5,2022,22,5
-3.6,13.7,2022,21,6
1.8,12.1,2022,21,1
13.4,13.6,2022,21,2
26.4,50.6,2022,21,1
32.5,46.7,2022,21,8
33.7,47.4,2022,21,6
34.5,31.5,2022,21,2
36.3,35.6,2022,21,3
37.6,47.1,2022,21,4
37.9,49.7,2022,21,11
38.1,49.2,2022,21,12
43.4,13.9,2022,21,3
44.8,14.5,2022,21,5
69.6,35.4,2022,21,8
70.5,34.4,2022,21,8
-1,13.5,2022,20,2
0,14.3,2022,20,1
14,12.6,2022,20,1
29.5,51,2022,20,1
32.8,30.9,2022,20,4
34.1,31.2,2022,20,12
37.9,48.2,2022,20,16
38.3,49,2022,20,13
38.6,10.2,2022,20,4
43.1,36.3,2022,20,6
44.5,13.8,2022,20,1
44.6,36.1,2022,20,3
45,34,2022,20,5
52.5,29.6,2022,20,1
65.7,29.5,2022,20,3
-2.6,15.1,2022,19,3
0.4,11.9,2022,19,1
13.6,12.6,2022,19,3
34.6,47.6,2022,19,6
36.9,36.2,2022,19,9
37.5,36.4,2022,19,5
37.5,47,2022,19,4
37.9,48.5,2022,19,3
40.6,34.9,2022,19,3
60.9,29.5,2022,19,1
63.1,26,2022,19,16
70,33.1,2022,19,4
74.8,34.1,2022,19,12
12.6,11.8,2022,18,2
12.8,12.3,2022,18,2
14,13.5,2022,18,2
14.2,11.3,2022,18,8
29.7,47.7,2022,18,1
32.8,47.1,2022,18,10
34.2,31.2,2022,18,5
34.6,47.5,2022,18,9
36.8,35.9,2022,18,13
37.2,48.2,2022,18,16
38.1,48.8,2022,18,13
38.3,14.1,2022,18,9
38.5,48.6,2022,18,15
38.7,34.5,2022,18,2
43,37.3,2022,18,3
43.7,38.4,2022,18,9
70.1,33,2022,18,5
-3.7,14.4,2022,17,1
-1.5,13.6,2022,17,1
1.2,11.4,2022,17,1
1.3,14.5,2022,17,2
13.6,12.7,2022,17,5
14,12.2,2022,17,1
35.3,32.2,2022,17,10
36.2,50.2,2022,17,10
36.3,33.5,2022,17,5
37,36.6,2022,17,5
39.3,35.4,2022,17,2
45,15.6,2022,17,1
-0.6,13.9,2022,16,3
-0.3,14.8,2022,16,1
-0.2,14.7,2022,16,1
24.3,12.9,2022,16,2
32.3,30.9,2022,16,2
36.1,32.7,2022,16,11
36.5,50,2022,16,6
36.9,36.1,2022,16,15
37.9,48.4,2022,16,15
38.3,34.6,2022,16,6
38.8,48.5,2022,16,5
62.2,34.3,2022,16,5
70.5,31.9,2022,16,5
70.6,40.1,2022,16,6
-5.5,12.4,2022,15,3
-4.9,14.8,2022,15,1
-2.4,13.6,2022,15,3
1.8,15.6,2022,15,1
3.6,15.4,2022,15,1
32.2,46.7,2022,15,5
33.4,47.8,2022,15,8
36.3,32.6,2022,15,13
36.3,47.7,2022,15,10
36.8,46.8,2022,15,7
37.4,48,2022,15,13
37.7,48.9,2022,15,9
38.6,48.8,2022,15,10
39.1,14,2022,15,3
43.1,16.9,2022,15,8
45,36.5,2022,15,8
45.8,15,2022,15,3
48.9,10.8,2022,15,1
70.4,32.7,2022,15,2
70.5,32.8,2022,15,5
72,36.8,2022,15,2
-3.9,13.2,2022,14,1
-2.2,14.6,2022,14,2
12.9,11.8,2022,14,2
30.2,45.3,2022,14,4
32.4,46.9,2022,14,9
36.8,36,2022,14,6
37.6,49.2,2022,14,2
39.6,12.3,2022,14,8
39.9,12.4,2022,14,2
43.3,33.4,2022,14,4
69.7,35.9,2022,14,4
70.6,40,2022,14,4
-4,10,2022,13,1
-2.6,13.5,2022,13,2
-0.4,13.5,2022,13,1
1.2,13.4,2022,13,2
3.6,13.2,2022,13,1
5.5,16,2022,13,1
13.5,13.3,2022,13,3
13.5,13.6,2022,13,2
13.7,10.9,2022,13,5
14.2,12.7,2022,13,1
32.2,46.9,2022,13,5
32.7,46.7,2022,13,8
33.4,47.4,2022,13,7
33.5,46.4,2022,13,2
34.4,47.6,2022,13,8
35.4,47.9,2022,13,3
36.2,33.1,2022,13,6
36.8,49.8,2022,13,11
37.1,47.8,2022,13,9
37.6,48.2,2022,13,11
37.7,49.1,2022,13,11
37.9,49,2022,13,10
38.2,49.2,2022,13,5
38.9,48.1,2022,13,2
39.7,11.9,2022,13,8
42.7,35.6,2022,13,2
45.3,15.3,2022,13,1
69,35.8,2022,13,1
74.9,33.8,2022,13,5
75.1,33.8,2022,13,8
-7.5,14.9,2022,12,1
-2.4,14.9,2022,12,1
-1.5,14.1,2022,12,1
-0.3,14,2022,12,1
0.8,11.2,2022,12,1
0.8,12.1,2022,12,1
13.2,11.7,2022,12,3
14.7,13.5,2022,12,1
28.5,50.6,2022,12,6
32.1,46.6,2022,12,8
33.7,47.7,2022,12,6
36.1,50.3,2022,12,6
36.2,50.3,2022,12,5
36.3,35.1,2022,12,3
36.4,50.1,2022,12,9
36.8,49.5,2022,12,6
36.8,49.7,2022,12,4
37.4,47.9,2022,12,10
38.3,48.4,2022,12,9
38.3,49.9,2022,12,2
38.7,48.3,2022,12,12
39.8,13.4,2022,12,7
43.5,13.9,2022,12,9
44.2,35.2,2022,12,3
69.7,40.1,2022,12,1
70.5,39.9,2022,12,9
70.7,37.7,2022,12,1
74.9,33.7,2022,12,10
-6.1,14.3,2022,11,2
-5.9,11.5,2022,11,2
-0.5,16.2,2022,11,1
0.3,15.1,2022,11,1
0.4,11.8,2022,11,1
0.6,13.5,2022,11,1
6.9,10.1,2022,11,1
12.9,13.7,2022,11,2
31.3,51.3,2022,11,5
31.3,51.6,2022,11,10
33.8,47.2,2022,11,5
36,32.8,2022,11,8
36.6,47.8,2022,11,9
36.6,49.4,2022,11,3
37,48.9,2022,11,4
37.2,49,2022,11,8
37.5,36.3,2022,11,7
38.1,48.4,2022,11,7
38.1,48.6,2022,11,10
38.6,34.6,2022,11,3
39.6,12.2,2022,11,7
42.9,16.2,2022,11,2
43.6,35.8,2022,11,3
44.4,15.3,2022,11,2
45,34.2,2022,11,3
45.1,35.6,2022,11,10
46,15.2,2022,11,3
64.2,26.7,2022,11,2
65,33,2022,11,1
68.8,29.6,2022,11,2
69.1,35.9,2022,11,1
69.2,35.6,2022,11,4
70.4,33.2,2022,11,5
70.7,37.4,2022,11,1
75,33.8,2022,11,5
-7.2,13.9,2022,10,2
-6,14.3,2022,10,6
-5.9,13.6,2022,10,1
-5.9,14.4,2022,10,1
-3.8,10.1,2022,10,1
-3.8,11.8,2022,10,1
-2.4,13.7,2022,10,1
-2,13.5,2022,10,1
-1.7,14.6,2022,10,1
-0.6,14.7,2022,10,1
0,14.6,2022,10,2
0.4,12.1,2022,10,2
0.7,12.1,2022,10,1
13.5,16,2022,10,1
17.5,21.5,2022,10,1
22.8,10.3,2022,10,1
28.6,49.2,2022,10,1
29,50.1,2022,10,2
30,50.4,2022,10,4
31.9,51,2022,10,5
32.4,48.6,2022,10,2
32.7,46.6,2022,10,6
32.8,46.8,2022,10,5
33.3,47.2,2022,10,5
33.4,47.9,2022,10,5
35.3,47.4,2022,10,6
36.4,10.1,2022,10,3
36.8,49.4,2022,10,5
36.8,50.1,2022,10,5
36.9,36.5,2022,10,6
37.7,47.2,2022,10,3
37.7,49,2022,10,7
37.8,48.2,2022,10,6
38.1,13.4,2022,10,8
43.1,14.8,2022,10,3
44.8,36,2022,10,4
45.2,13.9,2022,10,1
65.7,31.6,2022,10,4
66.5,30.9,2022,10,3
67.1,36.7,2022,10,4
69.2,35.1,2022,10,3
69.3,32.5,2022,10,3
69.4,35.2,2022,10,4
69.4,35.7,2022,10,4
69.6,36,2022,10,5
70,33.8,2022,10,4
70,35.6,2022,10,6
70.8,40.2,2022,10,4
74.8,33.7,2022,10,5
74.9,33.9,2022,10,6
75,33.9,2022,10,5
-8.1,12.7,2022,9,1
-3.8,14.1,2022,9,2
-2.2,13.6,2022,9,1
-1.1,13.5,2022,9,1
-0.8,16.1,2022,9,1
2.2,12.8,2022,9,2
3,12,2022,9,2
28.7,50.3,2022,9,3
29.3,50.8,2022,9,5
31.2,51.5,2022,9,6
32.4,47,2022,9,7
32.4,47.4,2022,9,6
32.5,46.5,2022,9,5
32.8,47.3,2022,9,9
33.5,46.8,2022,9,4
33.5,47.2,2022,9,5
34,29.5,2022,9,2
36,32.9,2022,9,9
36.2,32.6,2022,9,9
36.3,47.6,2022,9,6
36.4,47.5,2022,9,6
36.5,33.4,2022,9,3
36.6,36,2022,9,1
36.9,50.3,2022,9,7
37.3,48.1,2022,9,6
39.4,14.5,2022,9,9
40.2,13.1,2022,9,9
40.3,35.2,2022,9,2
42.8,37.3,2022,9,1
43.1,14.7,2022,9,5
43.1,16.3,2022,9,4
43.5,14,2022,9,7
43.9,34.2,2022,9,3
44.6,17.3,2022,9,1
44.7,36.9,2022,9,4
45.4,14,2022,9,6
66.9,36.8,2022,9,1
69.1,36.5,2022,9,1
69.5,36.7,2022,9,7
70,36.2,2022,9,2
71.3,34.9,2022,9,2
72.4,34.8,2022,9,2
74.8,33.9,2022,9,5
-2.9,14.3,2022,8,1
-0.1,14.6,2022,8,2
0.1,14.7,2022,8,1
0.9,14.2,2022,8,2
1.1,10.9,2022,8,1
1.4,15.7,2022,8,1
1.8,12.9,2022,8,1
13,11.6,2022,8,2
14.1,12.8,2022,8,2
30.1,51.1,2022,8,1
30.2,50.4,2022,8,1
30.4,50.7,2022,8,2
34.1,52.2,2022,8,1
35,50.5,2022,8,6
35.3,46.9,2022,8,5
36.1,48.2,2022,8,7
36.1,50.2,2022,8,4
36.1,50.4,2022,8,5
36.2,32.8,2022,8,7
36.2,35.7,2022,8,8
36.2,49.4,2022,8,1
36.3,50.1,2022,8,7
36.5,14.2,2022,8,8
36.5,35.7,2022,8,7
36.9,49.9,2022,8,8
37.1,48.5,2022,8,5
37.5,47.2,2022,8,3
37.8,49.2,2022,8,4
38.3,48.7,2022,8,6
38.3,48.9,2022,8,5
38.5,47.7,2022,8,5
39,12.6,2022,8,4
39.8,13.7,2022,8,5
40.2,11.3,2022,8,3
40.9,37.4,2022,8,3
41.7,36.5,2022,8,1
42.3,37.4,2022,8,4
42.6,37.4,2022,8,6
43.2,14.1,2022,8,6
43.4,14,2022,8,6
43.5,33.6,2022,8,1
44.5,13.4,2022,8,2
45.1,17,2022,8,4
45.3,14,2022,8,2
45.3,15.5,2022,8,4
45.6,16.7,2022,8,1
67,30.1,2022,8,3
67.4,30.4,2022,8,2
67.9,29.5,2022,8,1
69,36.7,2022,8,1
69.5,35.3,2022,8,7
70.1,34.3,2022,8,2
70.2,32.1,2022,8,3
70.6,37.1,2022,8,3
-5.8,13.8,2022,7,1
-4,15.9,2022,7,1
-3.7,13.7,2022,7,2
-1.5,13.3,2022,7,2
-0.8,12.9,2022,7,1
-0.8,14.1,2022,7,1
-0,14.9,2022,7,1
0.4,14,2022,7,1
0.9,11.4,2022,7,3
1.5,11,2022,7,2
6.5,36.8,2022,7,1
12.8,11.1,2022,7,3
12.8,13.5,2022,7,1
24,49.8,2022,7,1
29.1,51.2,2022,7,3
29.9,50.5,2022,7,1
30.4,50.3,2022,7,1
30.9,51.3,2022,7,7
32.4,50.6,2022,7,4
33.5,30.7,2022,7,1
33.6,47.6,2022,7,7
35.4,47.6,2022,7,3
36.3,32.8,2022,7,6
36.5,36,2022,7,1
36.5,50.5,2022,7,1
36.7,47.4,2022,7,2
36.7,47.7,2022,7,2
36.7,48.5,2022,7,7
36.8,35.8,2022,7,2
36.8,36.1,2022,7,4
36.9,50.4,2022,7,4
37,36,2022,7,5
37,36.5,2022,7,3
37.1,47.6,2022,7,5
37.2,49.7,2022,7,4
37.5,48.1,2022,7,6
37.5,48.8,2022,7,5
37.5,50.8,2022,7,4
37.6,48,2022,7,4
37.8,35.4,2022,7,2
38,49.4,2022,7,6
38.2,13.9,2022,7,2
38.4,48.8,2022,7,5
38.6,34.4,2022,7,5
38.9,49.3,2022,7,4
39.6,11.8,2022,7,6
39.6,12,2022,7,4
39.7,14.5,2022,7,1
40.1,13.9,2022,7,8
40.5,35,2022,7,6
40.5,38,2022,7,4
40.9,34.5,2022,7,4
43.3,35.4,2022,7,1
44.5,34.6,2022,7,2
45.6,15,2022,7,3
46.7,15,2022,7,2
49.2,11.3,2022,7,3
51.3,10.4,2022,7,1
67.7,29.9,2022,7,1
68.4,35.3,2022,7,2
69.3,35.3,2022,7,5
69.3,35.6,2022,7,5
69.9,33,2022,7,2
70.3,31.7,2022,7,3
70.3,33.2,2022,7,3
70.4,32.2,2022,7,2
70.6,33,2022,7,3
70.9,34.7,2022,7,2
74.4,33.5,2022,7,1
-12.1,26,2022,6,2
-7.4,12.7,2022,6,1
-6.4,13.7,2022,6,2
-4.5,14,2022,6,2
-4.4,14,2022,6,2
-4.1,14.8,2022,6,3
-3,16.8,2022,6,2
-1.8,13.9,2022,6,1
0.4,13.8,2022,6,1
0.6,14.8,2022,6,1
1.5,17,2022,6,1
3.3,15.2,2022,6,1
13.3,10.7,2022,6,2
13.5,11.3,2022,6,2
13.6,13,2022,6,1
14,11.9,2022,6,1
28.6,51,2022,6,3
28.7,50.2,2022,6,1
30.3,50.6,2022,6,3
31.3,51.4,2022,6,4
31.4,51.5,2022,6,5
32.1,49.4,2022,6,5
32.3,46.2,2022,6,1
32.3,46.9,2022,6,6
33,31,2022,6,6
33.1,48.7,2022,6,1
33.3,47.3,2022,6,5
33.5,47.3,2022,6,4
34.5,50.8,2022,6,2
36,32.7,2022,6,6
36.1,35.7,2022,6,3
36.4,35.4,2022,6,1
36.4,50.3,2022,6,2
36.5,49.9,2022,6,3
36.6,14.3,2022,6,6
36.6,35.6,2022,6,5
36.6,50.6,2022,6,2
36.7,50.2,2022,6,4
36.9,47.9,2022,6,5
37.1,36.5,2022,6,2
37.1,49,2022,6,4
37.1,49.2,2022,6,2
37.5,48.6,2022,6,5
38,48.8,2022,6,5
38.3,34.9,2022,6,2
38.3,35.5,2022,6,2
38.6,48.7,2022,6,6
38.7,48.5,2022,6,2
38.8,14.4,2022,6,4
39.8,35.2,2022,6,1
39.9,13.5,2022,6,4
40,11.2,2022,6,2
40,12.8,2022,6,5
41.8,33,2022,6,2
42.4,36.4,2022,6,2
43,36.3,2022,6,1
43.9,17.1,2022,6,5
44.3,34.6,2022,6,2
44.3,35.3,2022,6,1
44.6,13.5,2022,6,1
45.2,34.3,2022,6,1
45.3,15.4,2022,6,2
48.2,11.2,2022,6,1
63.8,26.2,2022,6,2
63.9,25.5,2022,6,1
68,29.8,2022,6,2
68.9,29.5,2022,6,2
68.9,36.7,2022,6,2
69.5,37.2,2022,6,3
69.6,36.5,2022,6,3
69.9,32.5,2022,6,1
70.4,34.3,2022,6,6
70.5,32.3,2022,6,2
70.5,34.9,2022,6,3
70.7,33,2022,6,1
70.7,33.2,2022,6,3
70.9,32.8,2022,6,1
71.5,33.9,2022,6,3
71.7,35,2022,6,2
73.1,33.7,2022,6,2
74.9,33.6,2022,6,3
-6,13.9,2022,5,1
-4,14,2022,5,1
-3.7,14.2,2022,5,1
-3.6,14.5,2022,5,2
-3.2,21.1,2022,5,1
-3.1,13.1,2022,5,1
-2.2,15.1,2022,5,4
0.5,11.8,2022,5,1
1.3,12.4,2022,5,1
1.8,13.1,2022,5,1
4.2,14.8,2022,5,1
12,11.4,2022,5,1
12.2,10.7,2022,5,1
12.3,11.8,2022,5,1
12.5,10.9,2022,5,2
12.5,11.6,2022,5,1
12.5,13.7,2022,5,4
13.2,12.9,2022,5,1
13.7,11.1,2022,5,3
13.7,14,2022,5,1
14,12.1,2022,5,1
30.8,50.1,2022,5,1
31.2,51.4,2022,5,2
31.5,50.9,2022,5,1
32.3,46.8,2022,5,2
32.3,47,2022,5,1
32.3,48.5,2022,5,1
32.9,46.1,2022,5,4
33.1,46.4,2022,5,1
33.1,47.1,2022,5,5
33.2,47.3,2022,5,3
33.3,47.5,2022,5,5
33.7,47.3,2022,5,3
34.2,31.1,2022,5,1
35.4,47.5,2022,5,3
35.9,47.5,2022,5,3
35.9,50.4,2022,5,3
36.1,35.8,2022,5,2
36.4,48.1,2022,5,1
36.7,47.8,2022,5,5
36.8,47.7,2022,5,4
36.9,49.7,2022,5,3
37,36.4,2022,5,3
37,47.7,2022,5,3
37,47.8,2022,5,4
37,49.6,2022,5,1
37.2,36.2,2022,5,5
37.2,36.5,2022,5,4
37.2,47.9,2022,5,5
37.6,47.8,2022,5,3
37.7,47.4,2022,5,5
37.7,49.9,2022,5,3
37.8,48.1,2022,5,3
37.8,49.6,2022,5,3
38,13.4,2022,5,5
38,48.7,2022,5,4
38.4,48.7,2022,5,4
38.5,48,2022,5,3
38.6,48.4,2022,5,1
38.7,10.2,2022,5,1
38.8,48.4,2022,5,3
39.1,13,2022,5,1
39.1,48.9,2022,5,2
39.3,13.3,2022,5,1
40.1,35.3,2022,5,7
40.5,35.1,2022,5,1
41.2,37.1,2022,5,2
41.4,38.1,2022,5,4
43.2,17,2022,5,4
43.3,34,2022,5,1
43.5,35.3,2022,5,1
43.7,37.2,2022,5,1
44.3,33.4,2022,5,2
44.3,37.6,2022,5,3
44.6,13.8,2022,5,2
44.6,15.7,2022,5,4
44.6,33.7,2022,5,2
44.7,35.8,2022,5,1
45,12.8,2022,5,1
45,15.5,2022,5,3
45.4,15,2022,5,2
45.7,15,2022,5,2
66.9,30.3,2022,5,1
67.4,36.1,2022,5,2
68.7,35.9,2022,5,1
69.3,35,2022,5,4
69.4,32.3,2022,5,3
70.3,33.7,2022,5,1
70.4,34.4,2022,5,1
71.1,34,2022,5,2
71.3,35,2022,5,2
74.1,34.6,2022,5,2
74.5,34.2,2022,5,2
-11.1,26.1,2022,4,1
-9,27.4,2022,4,1
-7.5,14,2022,4,1
-6,11.9,2022,4,1
-4,14.1,2022,4,1
-3.9,14.1,2022,4,1
-3.9,14.8,2022,4,3
-3.3,12.6,2022,4,1
-2.9,15,2022,4,2
-1.3,14.8,2022,4,1
-1.1,13.4,2022,4,1
-0.2,14.4,2022,4,1
-0.1,14.1,2022,4,1
1,20.3,2022,4,1
1.1,10.8,2022,4,1
4.5,15.9,2022,4,1
6.2,19.7,2022,4,1
12.1,11.5,2022,4,2
13.2,12.4,2022,4,1
14,11.1,2022,4,2
25.4,50.8,2022,4,1
26.6,51.3,2022,4,1
28.5,50.8,2022,4,1
29.9,50.4,2022,4,2
30.3,50.4,2022,4,1
30.3,50.7,2022,4,4
30.5,50.6,2022,4,1
31,50.6,2022,4,2
31.2,50.6,2022,4,2
31.3,47.6,2022,4,2
31.8,46.5,2022,4,2
31.9,51.1,2022,4,1
32.2,46.6,2022,4,2
32.2,46.8,2022,4,3
32.3,30.6,2022,4,1
32.4,46.4,2022,4,2
32.4,51.8,2022,4,4
32.5,47.5,2022,4,2
32.7,46.3,2022,4,2
32.7,47.1,2022,4,2
32.9,51,2022,4,3
33,47.2,2022,4,4
33,53,2022,4,1
33.3,46.3,2022,4,1
33.3,52,2022,4,2
33.6,46.9,2022,4,2
33.8,31.1,2022,4,1
33.8,47.1,2022,4,2
34.4,31.4,2022,4,1
34.5,51.2,2022,4,2
35.2,48.9,2022,4,2
35.5,50.2,2022,4,3
35.6,47.6,2022,4,1
35.9,32.8,2022,4,4
35.9,48.5,2022,4,4
36.1,32.8,2022,4,5
36.2,33,2022,4,3
36.2,49.9,2022,4,3
36.3,35.8,2022,4,4
36.3,48.9,2022,4,4
36.4,35.6,2022,4,4
36.6,45.3,2022,4,1
36.6,49.5,2022,4,3
36.7,35.8,2022,4,5
36.7,47.9,2022,4,4
36.9,34.5,2022,4,2
37,48.2,2022,4,3
37.1,47.7,2022,4,3
37.1,49.1,2022,4,1
37.2,49.1,2022,4,3
37.3,13.8,2022,4,2
37.4,48.1,2022,4,4
37.5,34.6,2022,4,2
37.5,47.7,2022,4,3
37.5,48.2,2022,4,3
37.5,49.1,2022,4,3
37.6,47.7,2022,4,3
37.7,49.8,2022,4,2
37.8,14.7,2022,4,4
37.8,48.6,2022,4,4
37.9,47.5,2022,4,4
37.9,48.7,2022,4,4
38,48.9,2022,4,3
38,49.3,2022,4,2
38.1,47.3,2022,4,1
38.2,13.7,2022,4,2
38.7,48.6,2022,4,2
38.8,13.2,2022,4,4
39.5,35.4,2022,4,2
39.6,12.4,2022,4,2
40.1,14.2,2022,4,4
40.3,33,2022,4,1
40.3,36.9,2022,4,1
40.4,35.1,2022,4,1
40.6,34.8,2022,4,2
42.1,36.3,2022,4,3
42.5,37.8,2022,4,2
42.5,37.9,2022,4,4
42.6,37.9,2022,4,2
42.8,33.6,2022,4,2
43.1,14.2,2022,4,2
43.1,14.6,2022,4,3
43.2,13.9,2022,4,2
43.2,14.9,2022,4,2
43.2,17.1,2022,4,3
43.3,13.8,2022,4,2
43.4,14.1,2022,4,3
43.4,35.1,2022,4,1
43.8,13.6,2022,4,1
44.1,35.7,2022,4,1
44.4,33.1,2022,4,1
44.4,34.9,2022,4,1
44.9,34,2022,4,1
45.3,34.6,2022,4,1
45.4,13.9,2022,4,5
45.9,15,2022,4,2
63.1,35,2022,4,1
64.6,28,2022,4,2
65.3,26.3,2022,4,1
66.9,30,2022,4,1
69.4,38.9,2022,4,1
69.6,35,2022,4,3
70.1,34.2,2022,4,2
70.1,36.1,2022,4,4
70.4,36.6,2022,4,1
70.5,33.3,2022,4,3
70.5,40,2022,4,2
70.7,32.5,2022,4,1
71.1,34.9,2022,4,3
71.5,33.4,2022,4,1
73.9,34.4,2022,4,3
74.4,34.5,2022,4,2
74.8,32.7,2022,4,1
75,33.6,2022,4,2
75,33.7,2022,4,3
75.1,33.7,2022,4,3
75.2,33.6,2022,4,2
-7.4,13.6,2022,3,1
-6,14.7,2022,3,1
-5.8,11.3,2022,3,1
-4.9,14.2,2022,3,1
-3.9,13.5,2022,3,2
-3.8,13.8,2022,3,4
-3.6,14.2,2022,3,1
-3.5,13.8,2022,3,1
-1.1,13.2,2022,3,1
-0.6,13.6,2022,3,3
-0.4,16.9,2022,3,2
-0.2,15,2022,3,1
-0,16.3,2022,3,2
0.3,13.7,2022,3,1
0.8,11,2022,3,1
1.4,18.4,2022,3,3
1.7,13,2022,3,1
2,13.4,2022,3,2
2.1,15.9,2022,3,2
2.4,13.1,2022,3,1
2.4,15.9,2022,3,2
3.5,36.4,2022,3,1
8.8,35.2,2022,3,1
12.1,11.3,2022,3,1
12.6,12.2,2022,3,1
12.8,11.2,2022,3,1
12.8,12.7,2022,3,1
13,13.5,2022,3,1
13.1,11.8,2022,3,1
13.3,12,2022,3,1
13.3,13.4,2022,3,1
13.4,11.4,2022,3,1
13.5,11.6,2022,3,2
13.6,11.3,2022,3,2
13.7,11.5,2022,3,6
13.9,11,2022,3,2
14,11.2,2022,3,2
14.2,12.4,2022,3,2
28.1,49,2022,3,1
29.4,51.2,2022,3,1
29.5,50.8,2022,3,1
30.2,50.2,2022,3,1
30.8,50.6,2022,3,1
30.8,51.5,2022,3,1
31.2,50.4,2022,3,2
31.4,51.4,2022,3,3
32.1,46.8,2022,3,2
32.4,46.6,2022,3,1
32.4,46.8,2022,3,2
32.5,46.1,2022,3,1
32.5,47.1,2022,3,3
32.6,47.3,2022,3,1
32.6,52.2,2022,3,2
32.7,50.8,2022,3,1
32.8,46.7,2022,3,2
33.3,46.8,2022,3,1
33.4,47,2022,3,1
33.4,47.2,2022,3,2
33.7,47,2022,3,2
33.7,47.5,2022,3,2
33.9,47,2022,3,2
34.5,47.6,2022,3,3
34.6,36.8,2022,3,1
35.3,48,2022,3,3
35.4,47.4,2022,3,2
35.5,48.3,2022,3,3
35.5,50.4,2022,3,3
35.7,46.6,2022,3,1
35.7,47.5,2022,3,2
35.7,47.7,2022,3,2
35.9,34.8,2022,3,1
36,33,2022,3,3
36,47.5,2022,3,3
36.2,50.4,2022,3,2
36.3,33.4,2022,3,1
36.3,50.3,2022,3,3
36.5,48,2022,3,2
36.8,35.4,2022,3,3
36.8,36.2,2022,3,2
36.9,47.7,2022,3,2
36.9,49.8,2022,3,2
37,36.2,2022,3,1
37.1,36.6,2022,3,2
37.1,48.7,2022,3,2
37.2,48,2022,3,2
37.3,47.2,2022,3,2
37.4,47.4,2022,3,2
37.4,47.5,2022,3,3
37.4,48.9,2022,3,3
37.5,12.6,2022,3,3
37.5,48.9,2022,3,3
37.6,49.1,2022,3,3
37.6,49.4,2022,3,1
37.7,13.8,2022,3,3
37.7,48.2,2022,3,2
37.7,48.3,2022,3,3
37.8,47.6,2022,3,2
37.8,48.8,2022,3,2
37.8,49.1,2022,3,3
38,48.2,2022,3,3
38.1,13.5,2022,3,3
38.1,14.5,2022,3,3
38.1,48.1,2022,3,3
38.3,48.5,2022,3,3
38.5,14.1,2022,3,3
38.6,48.9,2022,3,2
38.7,48.7,2022,3,2
38.9,35.5,2022,3,2
38.9,36.7,2022,3,1
39,14.1,2022,3,2
39,49,2022,3,3
39.1,11.9,2022,3,3
39.3,12.5,2022,3,1
39.3,48.6,2022,3,2
39.4,48.1,2022,3,2
39.5,12.5,2022,3,3
39.5,12.8,2022,3,4
39.6,14.5,2022,3,2
39.6,35,2022,3,2
39.6,54.6,2022,3,1
39.8,13.6,2022,3,3
39.9,13.4,2022,3,4
39.9,35.5,2022,3,2
40.1,11.2,2022,3,1
40.1,36.9,2022,3,1
41.9,36.3,2022,3,2
42.6,33.6,2022,3,1
43.1,14.1,2022,3,2
43.2,14.2,2022,3,3
43.2,37,2022,3,2
43.3,14.2,2022,3,3
43.3,17.4,2022,3,3
43.8,13.5,2022,3,3
44,13.5,2022,3,1
44.1,35.8,2022,3,1
44.3,17.2,2022,3,1
44.4,36.6,2022,3,1
44.6,16.2,2022,3,2
44.6,16.3,2022,3,2
44.6,34.9,2022,3,1
44.7,13.9,2022,3,3
44.8,13.9,2022,3,1
44.8,16.2,2022,3,2
45,12.9,2022,3,1
45,15.4,2022,3,1
45.1,14.3,2022,3,1
45.3,16,2022,3,3
45.4,35.6,2022,3,2
45.5,14,2022,3,3
45.5,40.4,2022,3,1
46.1,51.5,2022,3,1
46.8,40,2022,3,1
54.7,24.4,2022,3,1
63.6,25.4,2022,3,1
64,26.2,2022,3,3
65.5,31.6,2022,3,1
66.4,31,2022,3,3
66.7,29.8,2022,3,1
66.8,32.4,2022,3,1
67,24.9,2022,3,2
67.7,36,2022,3,3
68.9,37.2,2022,3,1
69.3,31.8,2022,3,2
69.5,35.1,2022,3,1
69.5,35.9,2022,3,2
69.5,39.8,2022,3,3
69.6,36.3,2022,3,1
69.6,40.1,2022,3,2
69.7,33,2022,3,2
69.8,40.2,2022,3,2
69.9,33.9,2022,3,1
70,32.5,2022,3,2
70.2,36.3,2022,3,1
70.6,39.9,2022,3,2
70.7,32.4,2022,3,2
70.8,34.2,2022,3,3
70.9,32.6,2022,3,3
70.9,34,2022,3,1
71.2,35,2022,3,1
71.6,34,2022,3,1
71.7,34.8,2022,3,2
72,33.9,2022,3,1
73.9,34,2022,3,1
74,33.8,2022,3,1
74,34.7,2022,3,2
74.1,33.2,2022,3,2
74.4,34.4,2022,3,2
74.5,34,2022,3,2
74.8,33.8,2022,3,2
74.8,34.2,2022,3,2
74.9,32.7,2022,3,1
74.9,34,2022,3,2
75.2,33.8,2022,3,2
75.3,33.6,2022,3,2
75.3,33.9,2022,3,1
-10.6,15.1,2022,2,1
-8.1,13.7,2022,2,1
-7.8,14.3,2022,2,1
-7.5,11.4,2022,2,1
-6.8,13.3,2022,2,1
-6.1,14.7,2022,2,3
-5.8,13.9,2022,2,1
-5.6,13.3,2022,2,1
-5.5,12.3,2022,2,1
-5.4,11.5,2022,2,1
-4.9,11.8,2022,2,1
-4.8,14.6,2022,2,1
-4.5,11.9,2022,2,1
-4.1,13.6,2022,2,1
-3.9,13.6,2022,2,2
-3.8,14.8,2022,2,1
-3.5,18.9,2022,2,1
-3.3,14.1,2022,2,1
-2.5,13.6,2022,2,1
-2.4,15.1,2022,2,2
-2.1,13.7,2022,2,1
-1.7,15.3,2022,2,1
-1.6,13.4,2022,2,1
-1.1,13.1,2022,2,1
-0.9,13.2,2022,2,1
-0.9,14.2,2022,2,1
-0.7,13.3,2022,2,2
-0.7,14.6,2022,2,1
-0.5,13.2,2022,2,1
-0.3,13.5,2022,2,1
0.4,13.6,2022,2,1
0.4,14.1,2022,2,1
1.5,12.5,2022,2,1
1.7,13.7,2022,2,1
2.4,15,2022,2,1
12.1,10.9,2022,2,1
12.4,12.6,2022,2,1
12.7,11.8,2022,2,2
12.9,12.5,2022,2,1
12.9,13.6,2022,2,1
13.3,11.8,2022,2,1
13.9,11.1,2022,2,1
13.9,13.1,2022,2,1
14.1,11,2022,2,1
14.4,11.3,2022,2,1
17,27.7,2022,2,1
23.9,50.5,2022,2,1
27.3,49.7,2022,2,2
28.3,49.5,2022,2,1
28.5,50.4,2022,2,2
28.8,49.7,2022,2,1
29,51.2,2022,2,1
29.6,50.7,2022,2,2
30.2,48.8,2022,2,2
30.4,50.5,2022,2,1
30.4,50.6,2022,2,2
30.7,47.8,2022,2,1
30.7,50.2,2022,2,1
31.1,50.7,2022,2,1
31.1,51.5,2022,2,2
31.2,50.5,2022,2,1
31.2,50.7,2022,2,2
31.5,47.2,2022,2,1
31.5,50.6,2022,2,2
31.6,46.5,2022,2,1
31.6,46.9,2022,2,2
31.7,49.2,2022,2,2
32,46.8,2022,2,2
32,50.2,2022,2,2
32,50.9,2022,2,1
32.1,46.7,2022,2,1
32.1,47,2022,2,1
32.1,49,2022,2,2
32.1,50.9,2022,2,2
32.2,46.3,2022,2,1
32.2,51,2022,2,1
32.3,46.7,2022,2,2
32.3,51.5,2022,2,1
32.4,47.1,2022,2,1
32.4,47.2,2022,2,2
32.5,46.6,2022,2,1
32.5,47,2022,2,2
32.6,46.8,2022,2,1
32.6,51,2022,2,2
32.8,46.9,2022,2,1
32.8,47,2022,2,2
32.8,47.2,2022,2,1
32.9,47.7,2022,2,1
33,46.3,2022,2,1
33,47,2022,2,1
33.2,46.8,2022,2,2
33.2,47.7,2022,2,1
33.2,47.9,2022,2,1
33.2,51.2,2022,2,1
33.3,46.7,2022,2,1
33.3,47,2022,2,1
33.6,49.9,2022,2,1
33.8,47.4,2022,2,1
33.9,47.4,2022,2,1
33.9,51.7,2022,2,1
34,47.4,2022,2,1
34.2,51.2,2022,2,2
34.3,51.1,2022,2,2
34.4,47.8,2022,2,1
34.5,49.6,2022,2,2
34.6,47.4,2022,2,2
34.6,48.7,2022,2,2
34.7,50.7,2022,2,1
34.9,47.6,2022,2,1
35,51.1,2022,2,1
35.1,31.5,2022,2,1
35.2,31.8,2022,2,1
35.2,46.7,2022,2,1
35.2,47.3,2022,2,1
35.2,47.7,2022,2,2
35.3,47.3,2022,2,1
35.3,50.8,2022,2,3
35.5,32.7,2022,2,1
35.5,47,2022,2,1
35.5,49.4,2022,2,1
35.6,47.2,2022,2,1
35.8,33.3,2022,2,2
35.8,50.5,2022,2,2
36,47.1,2022,2,1
36,47.6,2022,2,2
36,49.9,2022,2,2
36.1,33.6,2022,2,2
36.1,47,2022,2,1
36.2,13,2022,2,2
36.2,35.8,2022,2,2
36.2,47.6,2022,2,1
36.2,50.1,2022,2,1
36.3,49.9,2022,2,2
36.4,36.9,2022,2,1
36.4,50.2,2022,2,2
36.4,50.4,2022,2,1
36.5,47.7,2022,2,2
36.5,49.6,2022,2,1
36.5,50.1,2022,2,1
36.6,35.7,2022,2,3
36.6,50.1,2022,2,1
36.6,50.2,2022,2,1
36.7,33.6,2022,2,1
36.7,35.7,2022,2,1
36.7,47,2022,2,1
36.8,47.6,2022,2,1
36.8,47.9,2022,2,1
36.8,48.8,2022,2,1
36.8,50.2,2022,2,1
36.9,49.2,2022,2,1
37,36.3,2022,2,1
37.1,34.2,2022,2,2
37.1,48.4,2022,2,2
37.1,49.3,2022,2,2
37.1,49.8,2022,2,1
37.1,50.3,2022,2,1
37.2,47.5,2022,2,2
37.2,49.8,2022,2,1
37.3,14.2,2022,2,2
37.3,47.9,2022,2,2
37.3,48.9,2022,2,2
37.4,35.4,2022,2,2
37.4,47,2022,2,1
37.4,47.8,2022,2,2
37.4,48.3,2022,2,2
37.4,49.7,2022,2,1
37.5,49.2,2022,2,1
37.5,49.8,2022,2,1
37.5,50,2022,2,1
37.6,35.4,2022,2,1
37.7,14.2,2022,2,2
37.7,48.4,2022,2,2
37.7,49.5,2022,2,1
37.8,47.4,2022,2,2
37.8,49.7,2022,2,1
37.9,49.1,2022,2,2
37.9,49.2,2022,2,1
38,49.6,2022,2,1
38.1,48.2,2022,2,2
38.1,49.4,2022,2,1
38.1,50.2,2022,2,2
38.2,47.9,2022,2,2
38.2,49.3,2022,2,1
38.5,47.8,2022,2,1
38.6,35.8,2022,2,1
38.6,49.1,2022,2,2
38.7,14.1,2022,2,3
38.7,48.9,2022,2,1
38.8,12.8,2022,2,2
38.8,34.7,2022,2,1
38.8,49,2022,2,2
38.9,36.4,2022,2,2
39,12.4,2022,2,2
39,13.7,2022,2,2
39,35.4,2022,2,1
39,36.7,2022,2,1
39.5,11.9,2022,2,2
39.5,13,2022,2,2
39.5,13.1,2022,2,1
39.5,39.1,2022,2,1
39.6,11.9,2022,2,2
39.6,48.6,2022,2,2
39.8,35.3,2022,2,1
39.8,35.6,2022,2,1
39.9,10.3,2022,2,1
40.2,36.6,2022,2,1
40.7,38.5,2022,2,1
41.5,36.3,2022,2,1
42.3,37.9,2022,2,1
42.5,39,2022,2,1
43,14.7,2022,2,2
43,16.2,2022,2,1
43.2,16,2022,2,2
43.3,16.7,2022,2,2
43.3,16.9,2022,2,1
43.3,17.3,2022,2,1
43.3,37.1,2022,2,1
43.6,34.5,2022,2,1
43.8,13.4,2022,2,2
43.9,13.6,2022,2,1
43.9,39.2,2022,2,1
44.1,13.2,2022,2,2
44.1,35.1,2022,2,1
44.1,37.5,2022,2,4
44.2,33.8,2022,2,1
44.4,13.3,2022,2,1
44.4,34.5,2022,2,1
44.8,16,2022,2,1
44.9,34.1,2022,2,1
45.2,14.9,2022,2,1
45.5,14.6,2022,2,2
45.5,15,2022,2,2
45.5,35.7,2022,2,1
45.7,43.3,2022,2,1
46.6,40,2022,2,1
46.8,14.6,2022,2,1
47.2,15.9,2022,2,1
62,32.8,2022,2,1
69,40,2022,2,2
69.2,34.8,2022,2,1
69.3,34.5,2022,2,2
69.3,35.1,2022,2,2
69.4,36.4,2022,2,1
69.5,35.5,2022,2,1
69.6,32.3,2022,2,2
69.6,33,2022,2,1
69.7,36.9,2022,2,1
70.1,31.7,2022,2,1
70.1,32.3,2022,2,1
70.1,32.7,2022,2,1
70.1,36.2,2022,2,1
70.4,32,2022,2,1
70.4,32.3,2022,2,1
70.5,33.1,2022,2,1
70.5,33.4,2022,2,1
70.6,32.8,2022,2,1
70.6,34.6,2022,2,1
70.7,32.6,2022,2,1
70.7,33.4,2022,2,1
70.7,33.8,2022,2,1
70.8,32.3,2022,2,1
70.8,32.8,2022,2,1
70.9,31.8,2022,2,1
71.1,33,2022,2,1
71.5,34,2022,2,1
71.7,34.3,2022,2,2
72.3,34.8,2022,2,1
74.2,33.1,2022,2,2
74.2,34.4,2022,2,1
74.4,31.5,2022,2,1
74.4,34.7,2022,2,1
74.5,34.3,2022,2,1
74.7,33.9,2022,2,1
74.7,34.1,2022,2,1
74.7,34.4,2022,2,1
74.8,34,2022,2,1
74.9,34.2,2022,2,2
75.1,33.6,2022,2,1
75.1,33.9,2022,2,1
-6.9,12.8,2022,1,1
-6.2,14.8,2022,1,1
-6.1,14.8,2022,1,1
-6.1,14.9,2022,1,1
-5.3,13.1,2022,1,1
-4.9,13.2,2022,1,1
-4.7,14.7,2022,1,1
-4.4,13.8,2022,1,1
-4.3,15.4,2022,1,1
-4.1,12.2,2022,1,1
-3.7,12.6,2022,1,1
-3.7,16.4,2022,1,1
-3.1,14.1,2022,1,1
-2.7,12.2,2022,1,1
-1.6,13.5,2022,1,1
-1.1,15.8,2022,1,2
-0.5,13,2022,1,1
-0.3,14.1,2022,1,1
-0.3,14.7,2022,1,1
-0,16.2,2022,1,1
0.2,13.8,2022,1,1
0.3,13.4,2022,1,1
0.5,15.7,2022,1,1
0.7,10.9,2022,1,1
1,15.3,2022,1,1
1.4,12,2022,1,1
1.6,11.9,2022,1,1
1.9,11.1,2022,1,1
2.9,12.3,2022,1,1
11.5,13.8,2022,1,1
11.9,12.9,2022,1,1
12.4,10.7,2022,1,1
12.4,11.3,2022,1,1
12.8,11,2022,1,1
12.8,12.1,2022,1,1
12.9,11,2022,1,1
13.2,13.7,2022,1,1
13.7,11.4,2022,1,1
13.7,12,2022,1,1
13.8,10.6,2022,1,1
13.9,10.9,2022,1,2
14.1,11.2,2022,1,1
14.2,12.5,2022,1,1
14.5,12.6,2022,1,1
24.3,50.9,2022,1,1
24.7,48.9,2022,1,1
24.9,51.2,2022,1,1
25,48.5,2022,1,1
26.9,50.2,2022,1,1
27,49.4,2022,1,1
27.8,48.4,2022,1,1
28.4,50.2,2022,1,1
28.8,51.3,2022,1,2
29.3,51.4,2022,1,1
29.7,50.5,2022,1,1
29.7,50.8,2022,1,1
29.8,50.7,2022,1,1
29.8,51,2022,1,1
29.9,50.3,2022,1,1
30,50.6,2022,1,1
30,50.7,2022,1,1
30.1,50.4,2022,1,1
30.1,50.5,2022,1,1
30.3,50.8,2022,1,1
30.4,46.1,2022,1,1
30.4,50.4,2022,1,1
30.4,50.8,2022,1,1
30.5,46.1,2022,1,1
30.5,46.6,2022,1,1
30.6,45.2,2022,1,1
30.7,51.8,2022,1,1
30.9,50.6,2022,1,1
30.9,51,2022,1,1
31,50.5,2022,1,1
31.1,51.8,2022,1,1
31.2,51.2,2022,1,1
31.2,51.6,2022,1,1
31.3,50.4,2022,1,1
31.3,51.2,2022,1,1
31.4,45.2,2022,1,1
31.4,50.5,2022,1,1
31.4,50.6,2022,1,1
31.4,50.7,2022,1,1
31.4,51.3,2022,1,1
31.7,46.6,2022,1,1
31.7,47.1,2022,1,1
31.7,51.9,2022,1,1
31.7,52,2022,1,1
31.8,50.6,2022,1,1
31.9,46.7,2022,1,1
31.9,49.5,2022,1,1
31.9,50.8,2022,1,1
32.2,46.5,2022,1,1
32.2,48.5,2022,1,1
32.3,46.5,2022,1,1
32.3,46.6,2022,1,1
32.3,49.7,2022,1,1
32.3,51.1,2022,1,1
32.5,47.7,2022,1,1
32.6,47,2022,1,1
32.8,51.2,2022,1,1
33,46.5,2022,1,1
33,46.8,2022,1,1
33.1,47.6,2022,1,1
33.1,47.9,2022,1,1
33.1,50.7,2022,1,1
33.2,47.1,2022,1,1
33.4,47.5,2022,1,1
33.5,47.1,2022,1,1
33.5,50.7,2022,1,1
33.6,45.1,2022,1,1
33.6,47.8,2022,1,1
33.6,50,2022,1,1
33.6,50.7,2022,1,1
33.6,51.9,2022,1,1
33.7,29.9,2022,1,1
33.9,47.2,2022,1,1
34,31.2,2022,1,1
34,50.9,2022,1,1
34,52.2,2022,1,1
34.1,51.6,2022,1,1
34.1,51.7,2022,1,1
34.1,51.8,2022,1,1
34.2,47.5,2022,1,1
34.2,47.6,2022,1,1
34.2,49.9,2022,1,1
34.2,51.3,2022,1,1
34.3,51.3,2022,1,1
34.3,51.9,2022,1,1
34.4,45.7,2022,1,1
34.4,47.5,2022,1,1
34.6,46.2,2022,1,1
34.6,46.7,2022,1,1
34.7,46.2,2022,1,1
34.7,47.8,2022,1,1
34.8,46.2,2022,1,1
34.8,48.2,2022,1,1
34.9,47.3,2022,1,1
34.9,51,2022,1,1
35,39,2022,1,1
35.1,48.6,2022,1,1
35.2,31.7,2022,1,1
35.2,31.9,2022,1,1
35.2,32.1,2022,1,1
35.3,32,2022,1,1
35.3,32.3,2022,1,1
35.3,32.4,2022,1,1
35.3,48.6,2022,1,1
35.3,51,2022,1,1
35.4,50.6,2022,1,1
35.5,47.6,2022,1,1
35.5,47.7,2022,1,1
35.7,47.6,2022,1,1
35.7,50.8,2022,1,1
35.8,47.4,2022,1,1
35.9,34.9,2022,1,1
35.9,48.6,2022,1,1
35.9,49.7,2022,1,1
35.9,49.9,2022,1,1
36,33.1,2022,1,1
36,35.7,2022,1,1
36.1,10.5,2022,1,1
36.1,48.1,2022,1,1
36.1,49.3,2022,1,1
36.2,10.4,2022,1,1
36.2,32.7,2022,1,1
36.2,33.6,2022,1,1
36.2,35.6,2022,1,1
36.2,47.8,2022,1,1
36.2,48.3,2022,1,1
36.2,50.5,2022,1,1
36.3,33.1,2022,1,1
36.3,50.4,2022,1,1
36.4,32.7,2022,1,1
36.4,48,2022,1,1
36.4,48.5,2022,1,1
36.4,49.9,2022,1,1
36.5,14,2022,1,1
36.5,34.9,2022,1,1
36.5,47.9,2022,1,1
36.5,50.3,2022,1,1
36.6,35.3,2022,1,1
36.6,35.8,2022,1,1
36.7,48.3,2022,1,1
36.9,48,2022,1,1
36.9,48.7,2022,1,1
37,48.5,2022,1,1
37,48.6,2022,1,1
37,49.1,2022,1,1
37.1,48.1,2022,1,1
37.2,33.1,2022,1,1
37.2,36.4,2022,1,1
37.2,48.4,2022,1,1
37.2,48.5,2022,1,1
37.2,49.3,2022,1,1
37.3,47.7,2022,1,1
37.3,48.3,2022,1,1
37.3,48.4,2022,1,1
37.3,48.8,2022,1,1
37.4,35.2,2022,1,1
37.4,48.2,2022,1,1
37.4,48.8,2022,1,1
37.4,50.1,2022,1,1
37.5,13.9,2022,1,1
37.5,48.3,2022,1,1
37.5,50.1,2022,1,1
37.6,13.9,2022,1,1
37.6,14.3,2022,1,1
37.6,47.6,2022,1,1
37.6,48.4,2022,1,1
37.6,48.5,2022,1,1
37.6,50,2022,1,1
37.7,14.4,2022,1,1
37.7,47.1,2022,1,1
37.7,47.9,2022,1,1
37.7,48.6,2022,1,1
37.7,49.2,2022,1,1
37.8,14.3,2022,1,1
37.8,14.5,2022,1,1
37.8,47.1,2022,1,1
37.8,47.2,2022,1,1
37.8,47.3,2022,1,1
37.8,47.8,2022,1,1
37.8,48.5,2022,1,1
37.8,49.3,2022,1,1
37.9,14.4,2022,1,1
37.9,14.6,2022,1,1
37.9,36.6,2022,1,1
37.9,48.3,2022,1,1
37.9,48.8,2022,1,1
37.9,49.4,2022,1,1
38,13.6,2022,1,1
38,14.6,2022,1,1
38,50,2022,1,1
38.1,47.5,2022,1,1
38.2,13.5,2022,1,1
38.2,14.2,2022,1,1
38.2,35.8,2022,1,1
38.2,47.6,2022,1,1
38.2,48.1,2022,1,1
38.4,10,2022,1,1
38.4,47.7,2022,1,1
38.4,48.1,2022,1,1
38.4,48.5,2022,1,1
38.4,49.4,2022,1,1
38.5,13.6,2022,1,1
38.5,14,2022,1,1
38.5,48.3,2022,1,1
38.5,48.8,2022,1,1
38.5,49,2022,1,1
38.6,14.1,2022,1,1
38.7,48.4,2022,1,1
38.8,48.7,2022,1,1
38.9,13.7,2022,1,1
38.9,48.6,2022,1,1
38.9,49.2,2022,1,1
39,12.9,2022,1,1
39,13.1,2022,1,1
39,13.3,2022,1,1
39,13.9,2022,1,1
39.1,12.6,2022,1,1
39.1,14.3,2022,1,1
39.1,14.5,2022,1,1
39.1,34.5,2022,1,1
39.1,49.2,2022,1,1
39.2,11,2022,1,1
39.2,12.5,2022,1,1
39.2,13.2,2022,1,2
39.2,14.3,2022,1,1
39.3,12.1,2022,1,1
39.3,12.3,2022,1,1
39.3,14.1,2022,1,1
39.3,34.3,2022,1,1
39.3,35.8,2022,1,1
39.4,35.8,2022,1,1
39.5,11.7,2022,1,1
39.5,48.7,2022,1,1
39.6,12.8,2022,1,1
39.6,13.7,2022,1,1
39.6,14.2,2022,1,1
39.7,12.1,2022,1,1
39.7,12.2,2022,1,1
39.7,35.4,2022,1,1
39.8,12.5,2022,1,1
39.9,12.7,2022,1,1
39.9,13.6,2022,1,1
40,11.6,2022,1,1
40.1,35.4,2022,1,1
40.2,35.4,2022,1,1
40.3,36.8,2022,1,1
40.5,34.6,2022,1,1
41,41.2,2022,1,1
41.5,38.7,2022,1,1
41.8,37.3,2022,1,1
41.9,34.5,2022,1,1
43.1,14.3,2022,1,1
43.1,38,2022,1,1
43.2,13.3,2022,1,1
43.3,16.4,2022,1,1
43.4,16.8,2022,1,1
43.5,13,2022,1,1
43.5,13.8,2022,1,1
43.5,37.1,2022,1,1
43.6,13.7,2022,1,1
43.6,13.8,2022,1,1
43.7,13.6,2022,1,1
43.8,17,2022,1,1
43.9,37.1,2022,1,1
44,33,2022,1,1
44.1,13.5,2022,1,1
44.1,13.7,2022,1,1
44.1,15.3,2022,1,1
44.1,16.3,2022,1,1
44.2,13.4,2022,1,1
44.3,13.2,2022,1,1
44.4,13.4,2022,1,1
44.4,13.5,2022,1,1
44.4,16.1,2022,1,1
44.4,16.2,2022,1,1
44.4,17.2,2022,1,1
44.4,33.3,2022,1,1
44.5,13,2022,1,1
44.5,14.2,2022,1,1
44.5,15.8,2022,1,1
44.5,15.9,2022,1,1
44.6,16.1,2022,1,1
44.7,14,2022,1,1
44.7,15.8,2022,1,1
44.7,33.8,2022,1,1
44.8,33.9,2022,1,1
44.9,15.4,2022,1,1
44.9,15.5,2022,1,1
45,14.9,2022,1,1
45.1,15,2022,1,1
45.2,15,2022,1,1
45.3,14.3,2022,1,1
45.4,14.3,2022,1,1
45.4,15.5,2022,1,3
45.5,36.1,2022,1,1
45.6,14.5,2022,1,1
45.6,35.8,2022,1,1
45.7,14.9,2022,1,1
45.7,40.2,2022,1,1
45.8,14.2,2022,1,1
45.8,16.6,2022,1,1
46,40,2022,1,1
46.2,15.9,2022,1,1
46.5,39,2022,1,1
46.7,39.6,2022,1,1
49,16,2022,1,1
62.1,32.4,2022,1,1
62.2,32.5,2022,1,1
62.4,26.1,2022,1,4
63.5,25.3,2022,1,1
65.5,28.6,2022,1,1
65.7,31.5,2022,1,1
66.4,30.9,2022,1,1
66.6,29,2022,1,1
66.6,29.3,2022,1,2
67,30.2,2022,1,2
67,30.6,2022,1,1
68.1,36,2022,1,1
68.2,35.4,2022,1,1
69.2,35,2022,1,1
69.5,36,2022,1,1
69.6,32.9,2022,1,1
69.7,40.4,2022,1,1
69.8,32.6,2022,1,1
69.9,33.1,2022,1,1
69.9,40.2,2022,1,1
70,33.2,2022,1,1
70.1,36.8,2022,1,1
70.2,34.7,2022,1,1
70.4,31.6,2022,1,1
70.5,37.1,2022,1,1
70.6,31.9,2022,1,1
70.6,37.2,2022,1,1
70.7,34.1,2022,1,1
70.8,32.6,2022,1,1
70.8,34.3,2022,1,1
70.8,40,2022,1,1
71.1,33.5,2022,1,1
71.4,34,2022,1,1
71.5,33.5,2022,1,1
71.8,33.9,2022,1,1
71.9,34.2,2022,1,1
71.9,34.5,2022,1,1
71.9,34.9,2022,1,1
72.1,34.2,2022,1,1
74.2,33,2022,1,1
74.2,34.3,2022,1,1
74.3,34.2,2022,1,1
74.4,34.2,2022,1,1
74.5,32.7,2022,1,1
74.5,33.9,2022,1,1
74.6,34,2022,1,1
74.6,34.2,2022,1,1
74.6,34.4,2022,1,1
74.8,33.6,2022,1,1
74.8,34.5,2022,1,1
74.9,32.5,2022,1,1
74.9,34.1,2022,1,1
75,34,2022,1,1
75.1,32.9,2022,1,1
75.2,33.7,2022,1,1
75.9,11.7,2022,1,1
-9,14,2022,0,1
-8.8,14.5,2022,0,1
-8.3,14.4,2022,0,2
-7.4,13.1,2022,0,1
-6.2,15.2,2022,0,1
-6.1,12,2022,0,1
-6.1,13.7,2022,0,1
-5.9,14,2022,0,2
-5.9,14.2,2022,0,2
-5.9,14.3,2022,0,1
-5.4,14,2022,0,1
-5,12.2,2022,0,1
-5,14.6,2022,0,2
-4.6,12.8,2022,0,1
-4.6,13.9,2022,0,1
-4.6,14,2022,0,2
-4.4,13.3,2022,0,1
-4.3,15.8,2022,0,1
-4.2,14,2022,0,4
-4.1,13.7,2022,0,2
-4.1,14,2022,0,1
-4.1,15.7,2022,0,1
-3.9,13.9,2022,0,1
-3.9,14.3,2022,0,1
-3.9,14.9,2022,0,3
-3.9,15,2022,0,1
-3.8,14.3,2022,0,2
-3.8,14.9,2022,0,1
-3.7,12.1,2022,0,1
-3.6,11.2,2022,0,1
-3,11.7,2022,0,1
-3,15.1,2022,0,1
-2.9,15.1,2022,0,1
-2.3,15,2022,0,1
-2.2,14.8,2022,0,1
-1.8,13.8,2022,0,1
-1.7,14.4,2022,0,1
-1.6,14.8,2022,0,3
-1.5,13.2,2022,0,1
-1.5,14.3,2022,0,1
-1.1,14,2022,0,1
-0.9,15.4,2022,0,1
-0.4,14.2,2022,0,1
0.2,15,2022,0,1
0.4,15.8,2022,0,1
0.6,15.1,2022,0,1
0.7,11.2,2022,0,1
0.7,15.5,2022,0,1
0.7,16.3,2022,0,1
0.8,15.7,2022,0,1
1.6,15.7,2022,0,1
1.9,15.5,2022,0,1
3.4,15.7,2022,0,1
12.3,11.2,2022,0,1
12.5,12.9,2022,0,1
12.9,11.4,2022,0,1
13.4,10.2,2022,0,1
13.8,11.4,2022,0,1
13.9,11.2,2022,0,1
13.9,12.2,2022,0,1
14,11.4,2022,0,1
14,12.8,2022,0,1
14.7,12.1,2022,0,1
14.7,26.1,2022,0,1
20.1,32.1,2022,0,1
26.4,50.8,2022,0,1
29.9,46.1,2022,0,1
30.5,45.2,2022,0,1
30.9,45.4,2022,0,1
32.1,51.1,2022,0,1
34,45,2022,0,1
35.9,32.9,2022,0,1
35.9,33,2022,0,1
36.1,32.9,2022,0,1
36.1,33.2,2022,0,1
36.1,33.7,2022,0,1
36.2,32.9,2022,0,1
36.2,33.2,2022,0,1
36.2,49,2022,0,1
36.3,32.5,2022,0,1
36.3,32.7,2022,0,1
36.3,32.9,2022,0,1
36.3,35.7,2022,0,1
36.4,33.5,2022,0,3
36.4,33.6,2022,0,5
36.4,35,2022,0,1
36.4,35.3,2022,0,1
36.4,35.7,2022,0,1
36.5,35.3,2022,0,1
36.5,35.5,2022,0,1
36.5,35.9,2022,0,1
36.6,34.6,2022,0,1
36.6,35.4,2022,0,1
36.7,34,2022,0,2
36.7,34.6,2022,0,1
36.7,34.9,2022,0,1
36.7,35.3,2022,0,2
36.7,35.5,2022,0,1
36.7,35.9,2022,0,1
36.7,36,2022,0,1
36.7,36.2,2022,0,1
36.7,36.4,2022,0,1
36.8,32.8,2022,0,1
36.8,34.4,2022,0,1
36.8,35.2,2022,0,1
37,34.9,2022,0,1
37,35.4,2022,0,2
37.1,35,2022,0,2
37.1,35.4,2022,0,1
37.1,36.3,2022,0,1
37.2,35.1,2022,0,1
37.2,36.6,2022,0,1
37.3,34.8,2022,0,1
37.3,35.8,2022,0,1
37.3,35.9,2022,0,1
37.4,35.3,2022,0,2
37.4,35.5,2022,0,2
37.5,35.2,2022,0,1
37.5,35.4,2022,0,1
37.6,34.5,2022,0,1
37.6,34.9,2022,0,2
37.6,35.1,2022,0,1
37.6,36.2,2022,0,1
37.7,36.2,2022,0,1
37.8,36.4,2022,0,1
38,36.5,2022,0,3
38.2,34.6,2022,0,5
38.2,36.2,2022,0,1
38.6,10.1,2022,0,1
38.6,33.3,2022,0,1
38.8,10.2,2022,0,1
39,32.7,2022,0,1
39,36,2022,0,1
39.1,13.6,2022,0,1
39.1,36,2022,0,1
39.6,13.8,2022,0,2
39.7,48.4,2022,0,1
39.9,10.8,2022,0,1
40,10.7,2022,0,1
40,10.8,2022,0,1
40.1,38.4,2022,0,1
40.2,35.3,2022,0,1
40.4,36.7,2022,0,1
40.6,35.4,2022,0,1
40.8,34.6,2022,0,1
40.9,34.6,2022,0,1
42.4,38.3,2022,0,1
43,37,2022,0,1
44.2,15.3,2022,0,1
44.5,16.9,2022,0,1
45.4,34.3,2022,0,1
61.7,25,2022,0,1
62.1,26.1,2022,0,2
62.3,26.3,2022,0,1
62.4,25.3,2022,0,1
62.7,26.4,2022,0,1
62.7,26.5,2022,0,2
63,25.4,2022,0,1
63,26,2022,0,1
63.3,26.6,2022,0,1
63.4,26,2022,0,2
64.1,27,2022,0,1
64.3,26,2022,0,1
64.4,26,2022,0,1
64.4,34.9,2022,0,1
64.5,27.8,2022,0,1
64.6,27,2022,0,1
64.8,35.9,2022,0,1
64.8,36.3,2022,0,1
64.9,35.3,2022,0,1
65.4,26.2,2022,0,3
65.4,28.6,2022,0,1
65.6,26.3,2022,0,1
65.7,26.7,2022,0,1
66.2,31,2022,0,1
66.6,27.8,2022,0,2
66.6,29.6,2022,0,1
66.8,28.5,2022,0,2
66.8,29.8,2022,0,1
66.9,29.3,2022,0,1
66.9,32.1,2022,0,1
67,29.3,2022,0,1
67.3,30.3,2022,0,1
67.7,29.2,2022,0,2
67.8,31.7,2022,0,1
67.9,30.1,2022,0,1
68.9,37.1,2022,0,1
69.1,28.8,2022,0,1
69.1,36,2022,0,1
69.3,32.7,2022,0,1
69.3,33.7,2022,0,1
69.3,34.9,2022,0,2
69.3,36.4,2022,0,1
69.4,35,2022,0,1
69.4,35.3,2022,0,1
69.4,37,2022,0,1
69.6,35.3,2022,0,1
69.6,36.6,2022,0,1
69.7,35.4,2022,0,1
69.7,36,2022,0,1
69.8,36.7,2022,0,1
69.8,37.2,2022,0,1
69.9,36.5,2022,0,1
69.9,36.8,2022,0,2
70,36.5,2022,0,3
70.7,37.3,2022,0,1
70.8,37.2,2022,0,1
70.9,34.6,2022,0,1
71.1,35,2022,0,3
71.2,34.9,2022,0,1
71.4,35.1,2022,0,1
32,49,2023,27970,574
38,48.6,2023,14910,854
34.4,31.4,2023,13602,297
34.5,31.5,2023,8046,508
22.4,13.5,2023,7487,17
37.7,48.1,2023,5919,608
38.4,48.3,2023,4037,81
37.7,48.2,2023,3278,145
34.3,31.3,2023,2332,226
34.2,31.3,2023,1166,111
37.3,47.8,2023,1044,197
38,48.5,2023,1011,428
32.6,46.6,2023,902,476
35.8,47.4,2023,783,287
22.5,13.5,2023,755,4
37.5,47.9,2023,638,234
32.5,15.6,2023,594,88
33.1,46.7,2023,548,107
30,15,2023,540,4
24.9,12.1,2023,517,33
38.1,49,2023,489,242
32.4,15.6,2023,456,53
36.7,47.7,2023,451,216
37.7,49.8,2023,448,168
46.6,40,2023,432,7
37.9,48.6,2023,427,244
34.8,30.7,2023,421,18
37.9,49.7,2023,391,145
34.4,31.5,2023,386,30
35.1,47.8,2023,381,187
37.8,48,2023,349,192
36.8,47.7,2023,345,73
32.5,15.2,2023,303,6
33.5,14.4,2023,302,2
37.5,48.4,2023,300,1
38.2,49,2023,291,105
36,47.4,2023,281,143
37.5,48,2023,264,59
36.8,47.8,2023,255,124
37.9,49.3,2023,253,134
37.5,12.6,2023,252,9
38.2,48.9,2023,234,111
37.1,10.7,2023,210,3
23.5,12.9,2023,208,14
37.6,48.1,2023,208,88
37.5,47.8,2023,203,15
37.8,48.2,2023,202,43
34.5,31.6,2023,198,10
38.1,48.7,2023,198,65
38.2,48.8,2023,181,84
39,48.9,2023,181,96
13.8,11,2023,176,7
34.3,31.4,2023,166,19
32.7,46.7,2023,165,80
44.8,13.9,2023,161,3
-0.6,14.9,2023,160,1
-1.6,13.8,2023,145,6
38,49.1,2023,144,86
35.9,47.5,2023,142,91
35.5,47.5,2023,140,29
36.7,34.7,2023,135,3
-1.7,14.1,2023,133,1
35.3,32.5,2023,131,38
37.6,49.7,2023,128,74
13.8,12.4,2023,127,6
35.6,47.6,2023,127,7
37.9,49.6,2023,126,61
33,46.7,2023,125,25
37.9,49.5,2023,124,80
0.1,11.3,2023,123,6
33.5,46.8,2023,123,65
37.9,48.5,2023,122,26
-1.8,17,2023,120,1
33.2,46.8,2023,119,47
35.8,47.6,2023,116,63
-0.1,14,2023,114,2
38,49.2,2023,114,78
71.6,34,2023,112,6
38,49.5,2023,111,69
37.5,49.9,2023,107,63
13.4,10.2,2023,104,2
38,48.7,2023,104,58
0.2,12.4,2023,103,2
14,12.7,2023,103,5
11.9,12.9,2023,101,2
0.4,12.3,2023,100,4
38.9,34.9,2023,99,15
32.8,46.7,2023,97,38
37.2,48.2,2023,97,26
38,49,2023,97,54
36.5,49.5,2023,96,66
30.2,13.2,2023,94,12
35.7,47.5,2023,94,29
-1.4,17,2023,92,2
36.5,35.6,2023,92,53
37.8,49,2023,92,53
37.9,48.2,2023,87,8
-2.3,13.7,2023,86,3
13,11.5,2023,86,7
22.2,13.1,2023,86,2
33.4,46.8,2023,84,60
14,12.6,2023,83,4
37.2,47.8,2023,82,51
34,51,2023,81,18
34.5,31.4,2023,80,4
13.8,13,2023,79,7
38,49.4,2023,79,32
32.7,46.6,2023,78,46
38.3,47.9,2023,78,41
32.4,46.6,2023,77,44
0.5,12.6,2023,76,3
37.9,48.7,2023,76,46
-3.7,12.6,2023,74,2
32.3,46.5,2023,74,38
35.4,45,2023,74,1
0.3,12.3,2023,73,2
35,48.5,2023,72,22
0.4,11.3,2023,71,3
13.3,13.5,2023,71,6
33.6,47.3,2023,71,34
37,47.8,2023,71,30
-0.4,14.7,2023,70,4
14,12.5,2023,70,4
25.4,13.6,2023,69,9
-0.1,11.3,2023,68,2
36.4,47.5,2023,67,32
37.8,48.1,2023,67,16
-1.6,14.1,2023,66,5
-0.1,14.3,2023,66,2
43.7,37.1,2023,66,33
32.5,46.5,2023,65,9
-2.2,14.1,2023,64,2
37.2,49.7,2023,64,4
37.7,49.9,2023,64,42
71.9,34.6,2023,64,1
37.7,48.5,2023,63,31
-2.8,13.5,2023,62,2
32.4,46.5,2023,62,32
36,47.5,2023,62,36
38.1,48.8,2023,62,44
38.2,10.2,2023,62,2
38.2,49.4,2023,62,22
12.8,11.1,2023,61,11
32.9,46.7,2023,61,23
35.4,47.5,2023,61,25
13.6,11.9,2023,60,9
33.6,45.1,2023,60,2
37.6,47.9,2023,60,35
0.1,11.5,2023,59,4
32.5,46.6,2023,59,34
36.2,35.7,2023,59,28
44,37,2023,59,63
36.9,36.1,2023,58,35
13.7,11.1,2023,57,12
37.3,48.4,2023,57,2
38,48.3,2023,57,38
-2.4,13.8,2023,56,3
-0.3,17,2023,56,2
37.8,49.8,2023,56,24
0.1,11.4,2023,55,1
37.9,48.4,2023,55,40
38,48,2023,55,39
-0.6,14.7,2023,54,1
4.8,15.1,2023,53,1
14.1,12.6,2023,53,3
36.7,47.8,2023,53,26
37.1,47.8,2023,53,35
33.3,46.7,2023,52,4
34.8,46.3,2023,52,1
69.2,34.5,2023,52,21
-4,15.9,2023,51,1
0.2,11.5,2023,50,1
13.4,11.2,2023,50,6
32.9,46,2023,50,1
37.7,49.7,2023,50,34
43.2,16.9,2023,50,41
-6.2,14.9,2023,49,1
33,15.8,2023,49,1
-0.2,11.3,2023,48,2
35.4,33.1,2023,48,18
47.5,15.5,2023,48,9
-1.2,13.1,2023,47,3
-0.6,13.6,2023,47,3
13.3,13.6,2023,47,3
13.6,13,2023,47,5
14.2,12.2,2023,47,4
36.3,47.7,2023,47,36
38.2,48.7,2023,47,30
45.4,15,2023,47,6
-1.5,13.4,2023,46,2
0.2,11.2,2023,46,10
37.9,48.1,2023,46,21
38.2,49.5,2023,46,18
-0.9,13.2,2023,45,1
30.5,50.5,2023,45,8
38,49.3,2023,45,15
-3.8,11.8,2023,44,3
-1.4,14.5,2023,44,3
1.6,11.9,2023,44,5
33.1,46.8,2023,44,28
37.6,48.7,2023,44,21
37.9,48.9,2023,44,35
38.1,48.5,2023,44,17
38.2,49.1,2023,44,28
24.3,12.5,2023,43,2
29.7,11,2023,43,3
36.6,35.9,2023,43,10
40.1,35.3,2023,43,11
14.1,11.5,2023,42,17
36.9,36.2,2023,42,20
-0.7,13.3,2023,41,3
-0,12.7,2023,41,3
14,12,2023,41,1
35,32.3,2023,41,15
37.3,47.7,2023,41,6
40.9,34.5,2023,41,9
70.9,32.6,2023,41,10
0.1,14.5,2023,40,1
1.5,15.9,2023,40,1
13.8,11.8,2023,40,1
24.7,14.2,2023,40,1
26.1,11.5,2023,40,1
40.2,34.4,2023,40,2
35.4,46.9,2023,39,11
37.6,48.2,2023,39,35
33.5,44.6,2023,38,3
43.3,37.2,2023,38,22
32.3,46.6,2023,37,22
37.2,47.7,2023,37,24
37.8,48.3,2023,37,22
45.3,13.9,2023,37,2
-4.1,14.5,2023,36,3
-2,13.5,2023,36,2
0.4,12.1,2023,36,1
37.5,11.3,2023,36,2
37.6,12.4,2023,36,5
0.2,14.4,2023,35,3
2.4,15.9,2023,35,2
14,11.5,2023,35,1
15.7,23.3,2023,35,1
35.7,47.2,2023,35,15
38.1,48.9,2023,35,27
70.3,31.7,2023,35,5
-1.1,13.1,2023,34,2
1.8,12.1,2023,34,7
13.9,11,2023,34,9
35.4,33.2,2023,34,4
36.9,47.7,2023,34,7
37.3,10.7,2023,34,5
38.3,34.6,2023,34,14
40,10.1,2023,34,1
42.6,37.4,2023,34,12
70.2,33,2023,34,13
-4,11.4,2023,33,1
-2.4,13.2,2023,33,2
0.7,15,2023,33,2
1,12.8,2023,33,3
1.4,18.4,2023,33,6
35.3,32.2,2023,33,11
35.8,47.5,2023,33,24
36.6,47.8,2023,33,26
-3.2,12.8,2023,32,2
0.9,11.4,2023,32,3
41.8,33,2023,32,4
-2.8,16.8,2023,31,2
-0,14,2023,31,4
12.5,13.7,2023,31,3
13.6,12.6,2023,31,5
36.8,50.4,2023,31,12
37.4,11.6,2023,31,7
37.5,47.1,2023,31,8
45.4,14.9,2023,31,7
-3.8,15.4,2023,30,1
-2.7,13.5,2023,30,1
-2.3,13.8,2023,30,1
0.1,14.7,2023,30,4
0.3,14.1,2023,30,1
30.7,46.5,2023,30,16
36.6,50.6,2023,30,4
37.8,48.4,2023,30,23
38.6,10.9,2023,30,1
39,12,2023,30,3
-3.4,14.3,2023,29,1
33.1,46.5,2023,29,3
40.4,36.7,2023,29,1
-3,13,2023,28,1
-1.5,13.3,2023,28,2
-1.4,14.3,2023,28,1
-0.3,12.8,2023,28,1
0.5,11.8,2023,28,1
35.1,32.3,2023,28,10
37.5,10.6,2023,28,4
-5.1,11.9,2023,27,3
-0.3,11.4,2023,27,6
32.8,46.8,2023,27,16
32.9,46.5,2023,27,8
33.6,46.8,2023,27,16
34.6,31.5,2023,27,2
35.7,47.3,2023,27,1
36.9,50.3,2023,27,20
37.8,48.5,2023,27,21
39.1,11.9,2023,27,2
-0.7,12.8,2023,26,1
30.3,13.4,2023,26,1
36.8,36.1,2023,26,13
36.8,46.8,2023,26,8
70.4,32.2,2023,26,8
71.5,33.9,2023,26,10
-2.6,13.1,2023,25,2
-2.5,13.9,2023,25,1
-2,13.9,2023,25,2
-1.5,13.5,2023,25,2
-0.4,12.6,2023,25,1
32.6,46.4,2023,25,1
36.1,35.8,2023,25,7
36.4,35.6,2023,25,13
-7.5,14.5,2023,24,5
-0.5,14.7,2023,24,1
13.4,11.4,2023,24,4
17.5,21.5,2023,24,2
30.2,48.8,2023,24,1
33.3,46.8,2023,24,15
34.3,31.5,2023,24,1
37,47.7,2023,24,14
37.2,48.3,2023,24,13
37.4,11,2023,24,1
43.2,14.9,2023,24,2
43.6,35.8,2023,24,5
70.7,33.8,2023,24,11
-5,14.1,2023,23,1
1,14.6,2023,23,1
1.1,12.7,2023,23,1
29.5,14.5,2023,23,3
36.3,33.4,2023,23,5
36.5,35.7,2023,23,19
37.6,48.9,2023,23,8
37.8,35.4,2023,23,5
38.2,48.6,2023,23,4
70.5,31.9,2023,23,13
70.5,32.8,2023,23,5
-5.2,14,2023,22,2
-2.2,13.5,2023,22,4
-2.1,13.8,2023,22,2
-1.6,14.3,2023,22,1
-0.1,13.2,2023,22,1
32.5,46.7,2023,22,10
33.4,47.9,2023,22,5
35.6,47.7,2023,22,1
40.5,35,2023,22,14
69.6,32.3,2023,22,3
70.6,37.1,2023,22,4
-8.3,14.4,2023,21,1
-1.3,13.1,2023,21,1
-0.2,15,2023,21,1
0.2,12.2,2023,21,2
2.5,15.8,2023,21,1
2.7,15,2023,21,5
34.4,47.6,2023,21,16
36.2,33.1,2023,21,14
37.4,47.9,2023,21,16
38,11.8,2023,21,4
38.3,47.6,2023,21,1
44.7,36.9,2023,21,12
69.2,35.2,2023,21,1
-5.1,11.5,2023,20,1
-3.9,13.3,2023,20,1
-3.8,13.4,2023,20,2
-2.8,12.3,2023,20,1
-2.6,13.6,2023,20,1
-0.2,13.1,2023,20,1
-0.2,14.2,2023,20,1
-0.1,11.4,2023,20,1
0,14.3,2023,20,1
0.5,13.4,2023,20,1
13.5,16,2023,20,1
36.1,32.6,2023,20,12
37.4,47.7,2023,20,14
40.5,38,2023,20,9
44,13.6,2023,20,11
71.1,34.8,2023,20,2
32.8,46.6,2023,19,8
33.1,46.4,2023,19,3
36.3,33.5,2023,19,3
36.3,35.8,2023,19,7
37.8,49.6,2023,19,10
38,48.4,2023,19,6
70.1,31.7,2023,19,2
-3.1,13.1,2023,18,2
-1.2,13.6,2023,18,1
-1.1,13.3,2023,18,1
-0.5,14,2023,18,1
0.7,15.3,2023,18,2
0.8,12.1,2023,18,2
1.3,12.9,2023,18,1
33.6,46.9,2023,18,11
36.6,47.7,2023,18,9
36.7,35.8,2023,18,13
37.4,48,2023,18,14
38.3,49,2023,18,12
43.2,14.1,2023,18,13
44.6,13.9,2023,18,3
70.1,33,2023,18,6
-5.2,11.6,2023,17,1
-4.5,15.8,2023,17,1
-2.3,11.6,2023,17,1
-1.1,16,2023,17,1
1.3,14.5,2023,17,1
12.3,11.2,2023,17,1
33.2,46.7,2023,17,8
35.6,47.3,2023,17,3
36.6,35.6,2023,17,8
39.9,33.7,2023,17,1
42.8,14.8,2023,17,1
44.4,34.9,2023,17,5
-4.9,15.7,2023,16,2
-3.7,10.7,2023,16,1
-2.4,13.4,2023,16,4
-2.2,11.2,2023,16,1
-1.9,13.4,2023,16,2
-1.2,13.9,2023,16,6
-0.7,12.9,2023,16,1
-0.3,11.2,2023,16,1
-0.2,13,2023,16,1
12.5,10.8,2023,16,2
12.5,13.1,2023,16,5
13.9,11.1,2023,16,6
14.1,12.8,2023,16,2
24,49.8,2023,16,4
33.2,46.6,2023,16,5
37.3,48,2023,16,14
37.9,11.9,2023,16,2
38.1,49.2,2023,16,8
38.2,48.4,2023,16,6
44.6,14,2023,16,2
71.7,35.7,2023,16,1
-1.4,13,2023,15,1
-1.3,13,2023,15,2
-1.1,14,2023,15,1
-0.8,14,2023,15,1
-0.5,12.9,2023,15,1
13.8,10.6,2023,15,2
14.2,12.4,2023,15,8
24.9,13.5,2023,15,2
32.9,46.1,2023,15,4
33.5,46.4,2023,15,4
35.3,33.1,2023,15,8
35.7,50.5,2023,15,4
35.9,47.3,2023,15,2
36.1,35.7,2023,15,12
36.3,50,2023,15,12
36.4,47.7,2023,15,13
36.5,47.7,2023,15,13
37.7,10.3,2023,15,5
38.3,48.5,2023,15,4
38.3,48.9,2023,15,7
38.4,48.9,2023,15,11
40.2,35.4,2023,15,5
44.9,17.1,2023,15,3
69.2,34.6,2023,15,1
69.4,31.4,2023,15,1
-2.9,12.5,2023,14,3
-2.6,12.9,2023,14,1
-0.1,14.4,2023,14,1
-0,16.3,2023,14,1
0.9,14.2,2023,14,3
13,11.6,2023,14,3
13.9,12.2,2023,14,3
32.2,46.6,2023,14,6
32.4,46.1,2023,14,1
33.2,45.2,2023,14,1
33.5,46.9,2023,14,10
36.8,35.9,2023,14,13
38.7,34.5,2023,14,3
39,49,2023,14,1
43,14.8,2023,14,11
64,25.5,2023,14,1
67.7,30.8,2023,14,1
69.3,31.8,2023,14,2
69.8,32.5,2023,14,4
70.7,32.3,2023,14,3
-4.5,14.2,2023,13,1
-2.2,14.5,2023,13,1
-1.6,13.6,2023,13,1
-0.6,11,2023,13,3
-0.5,13.3,2023,13,2
-0.3,12.7,2023,13,2
-0.2,14.5,2023,13,1
0.4,13.9,2023,13,1
0.6,11.3,2023,13,3
0.9,12.2,2023,13,3
1.3,18.4,2023,13,2
13.7,11.4,2023,13,2
14,11.2,2023,13,5
32.1,46.6,2023,13,8
36.1,32.7,2023,13,10
36.2,32.8,2023,13,7
37.1,47.7,2023,13,8
37.2,12.4,2023,13,2
37.8,10.7,2023,13,1
37.9,49,2023,13,10
39,10,2023,13,1
39.8,35.6,2023,13,9
43.3,17.4,2023,13,13
44.4,33.7,2023,13,3
44.5,34.6,2023,13,2
45,34,2023,13,4
45.3,15.1,2023,13,1
61.4,26.2,2023,13,1
69.7,32.9,2023,13,3
-4.1,12.2,2023,12,2
-4.1,13.2,2023,12,1
-3.9,12.7,2023,12,2
-3.9,14.3,2023,12,1
-3.8,12.7,2023,12,1
-1,14.5,2023,12,1
0.7,11,2023,12,1
3.4,15.7,2023,12,1
12.4,11.1,2023,12,1
12.6,12.8,2023,12,2
12.7,13.1,2023,12,3
35.9,47.4,2023,12,3
36,32.9,2023,12,10
36.2,35.6,2023,12,4
36.5,33.4,2023,12,4
36.9,36.3,2023,12,7
37.2,12.3,2023,12,2
37.2,47.9,2023,12,7
38,48.2,2023,12,5
38.1,49.4,2023,12,2
39,10.8,2023,12,1
40.9,37.4,2023,12,7
44.5,13.3,2023,12,4
44.8,36,2023,12,2
46,35.6,2023,12,5
70.2,32.1,2023,12,5
74.4,34.7,2023,12,5
-3.8,14.4,2023,11,1
-3.8,14.9,2023,11,2
-3,12.8,2023,11,2
-2.7,13,2023,11,1
-2.4,13.3,2023,11,1
-1.6,13.4,2023,11,2
-1.1,14.8,2023,11,2
-0.7,13.2,2023,11,1
0.6,13.4,2023,11,2
1,13.7,2023,11,1
12.9,10.6,2023,11,2
13.9,11.2,2023,11,3
35.3,32.3,2023,11,2
35.3,47.4,2023,11,6
35.5,33.2,2023,11,4
36,33.1,2023,11,6
36,35.7,2023,11,6
36.2,32.6,2023,11,9
36.9,50.4,2023,11,8
37.3,47.9,2023,11,10
37.3,48.1,2023,11,6
37.5,47.6,2023,11,9
38,49.6,2023,11,4
44.4,13.3,2023,11,1
49.8,10.9,2023,11,1
67,30.2,2023,11,5
69.6,32.7,2023,11,1
70,32.5,2023,11,3
-7.3,15.2,2023,10,5
-6.1,14.9,2023,10,3
-4.8,10.1,2023,10,2
-4.6,15.7,2023,10,2
-4,12.8,2023,10,1
-3.3,15.1,2023,10,1
-2.9,12.4,2023,10,1
-1.7,13.4,2023,10,1
-1.4,13.1,2023,10,1
-1,13.5,2023,10,1
-0.4,14.6,2023,10,1
-0.2,14.1,2023,10,1
-0.1,11.6,2023,10,2
0,11.4,2023,10,2
2,13.1,2023,10,1
12.1,10.9,2023,10,1
12.5,12.9,2023,10,2
13.6,11.6,2023,10,2
13.8,10.8,2023,10,1
14.2,11.3,2023,10,7
31.5,46.6,2023,10,6
32.5,45.3,2023,10,3
32.5,46.1,2023,10,2
32.7,45.5,2023,10,1
33.4,47.1,2023,10,9
34,52.2,2023,10,7
34,57.7,2023,10,1
34.4,47.8,2023,10,4
35.2,47.3,2023,10,6
35.3,32.4,2023,10,7
36,32.7,2023,10,7
36.3,35.7,2023,10,4
36.7,35.9,2023,10,9
37.3,36.4,2023,10,1
37.5,48.6,2023,10,8
37.7,48.3,2023,10,9
37.7,49.5,2023,10,7
37.8,49.2,2023,10,5
37.8,49.3,2023,10,9
37.8,49.7,2023,10,5
38.2,49.3,2023,10,2
39,10.6,2023,10,1
39,34.7,2023,10,2
39.4,48.4,2023,10,1
39.7,35.7,2023,10,1
41,34.4,2023,10,1
43.2,17.3,2023,10,7
43.4,14.1,2023,10,3
44,36.1,2023,10,1
45.1,15.5,2023,10,1
45.9,15,2023,10,1
62.2,34.3,2023,10,2
64,26.2,2023,10,2
67,24.9,2023,10,3
67.6,29.5,2023,10,2
69.4,32.1,2023,10,1
69.4,35.6,2023,10,1
69.8,32.7,2023,10,6
69.9,32.7,2023,10,1
70,32.7,2023,10,3
70.4,33.2,2023,10,6
74.9,33.6,2023,10,3
-4.9,10.3,2023,9,1
-3.7,13.7,2023,9,1
-2.2,13.4,2023,9,1
-2.2,13.9,2023,9,1
0,11.2,2023,9,3
0.3,14,2023,9,3
0.5,13.3,2023,9,1
1,12.2,2023,9,1
3.9,14.8,2023,9,3
31,50,2023,9,1
31.3,51.5,2023,9,3
32,51.3,2023,9,7
32.9,46.6,2023,9,4
33,46.8,2023,9,7
33.4,46.1,2023,9,1
34.6,31.3,2023,9,1
35.3,50.5,2023,9,2
35.4,31.8,2023,9,4
35.9,47.6,2023,9,7
36,47.6,2023,9,5
37,10.8,2023,9,2
37.7,49.6,2023,9,7
38,48.8,2023,9,8
38.8,35.6,2023,9,3
39.2,11,2023,9,3
39.2,51.9,2023,9,1
39.3,48.6,2023,9,8
39.8,35.2,2023,9,5
40.3,35.2,2023,9,4
44.4,35.5,2023,9,4
44.6,34.9,2023,9,3
45.9,40.2,2023,9,5
61.9,31,2023,9,3
63.1,26,2023,9,7
67.1,36.7,2023,9,6
69.5,32.2,2023,9,1
69.7,32.3,2023,9,4
70,33.1,2023,9,1
71.5,32.6,2023,9,1
71.7,35.5,2023,9,2
74.3,33.6,2023,9,2
-7,14.9,2023,8,3
-5.9,14.6,2023,8,1
-4.2,11.8,2023,8,1
-3.4,11.5,2023,8,1
-3,16.8,2023,8,3
-2.1,14.1,2023,8,2
0.6,13.3,2023,8,1
13.3,13.4,2023,8,5
13.8,11.2,2023,8,8
14.4,11.3,2023,8,4
25,12.7,2023,8,1
31.2,12.9,2023,8,2
31.6,13,2023,8,1
32,47,2023,8,7
32.6,46.2,2023,8,2
32.6,46.7,2023,8,4
34.3,51.1,2023,8,3
34.8,50.9,2023,8,5
35.1,31.6,2023,8,8
35.4,47.6,2023,8,7
35.5,47.7,2023,8,4
35.9,32.9,2023,8,5
36,49.9,2023,8,1
36.1,33,2023,8,9
36.7,35.7,2023,8,6
36.9,35.6,2023,8,1
37.2,11.1,2023,8,2
37.2,11.4,2023,8,2
37.2,36.2,2023,8,7
37.2,48.4,2023,8,5
37.5,48.8,2023,8,8
37.6,48,2023,8,7
38,12.1,2023,8,2
38.1,48.6,2023,8,2
38.6,48.1,2023,8,4
39.2,51.7,2023,8,1
39.4,35.4,2023,8,1
39.9,35.5,2023,8,5
40.6,34.9,2023,8,8
43.5,14,2023,8,4
43.6,34.5,2023,8,2
62.1,26.1,2023,8,1
69.3,32.5,2023,8,2
69.5,35.9,2023,8,2
70,33,2023,8,4
70.3,32.9,2023,8,2
70.7,33.4,2023,8,2
70.9,31.8,2023,8,2
70.9,32.8,2023,8,2
71.1,34.1,2023,8,2
71.4,34,2023,8,4
-5.2,11.5,2023,7,1
-4.3,11.7,2023,7,1
-2.7,13.8,2023,7,2
-2.6,13,2023,7,2
-1.7,13.3,2023,7,1
-1.3,14.8,2023,7,1
-0,14.4,2023,7,2
0.6,13.5,2023,7,2
1.2,13.4,2023,7,1
1.8,12.9,2023,7,1
1.9,11.1,2023,7,2
3.1,18.5,2023,7,1
3.7,15.8,2023,7,1
12.4,13.2,2023,7,3
12.8,11.2,2023,7,2
13.6,12.7,2023,7,4
13.7,11,2023,7,2
14.1,11.2,2023,7,5
14.2,12.5,2023,7,4
30.1,50.2,2023,7,7
32.5,52.3,2023,7,4
32.6,52.2,2023,7,4
34,47.3,2023,7,4
34.2,47.4,2023,7,4
34.9,47,2023,7,6
35.6,47.2,2023,7,5
35.9,32.8,2023,7,3
36.2,50.3,2023,7,5
36.3,32.9,2023,7,1
36.3,35.6,2023,7,7
36.3,47.6,2023,7,5
36.4,47.6,2023,7,6
36.9,47.6,2023,7,2
37.1,35,2023,7,8
37.4,10.2,2023,7,1
38.3,35.5,2023,7,1
38.4,35.6,2023,7,1
38.8,49,2023,7,7
39.5,35.4,2023,7,6
39.9,10.5,2023,7,2
40.5,34.9,2023,7,2
40.9,34.6,2023,7,3
41.9,36.3,2023,7,8
43.6,14,2023,7,1
43.9,35.1,2023,7,2
44,13.5,2023,7,2
44.1,13.5,2023,7,7
44.7,36.8,2023,7,2
44.9,34.2,2023,7,1
45.2,13.9,2023,7,2
46.5,39.6,2023,7,1
62.3,27.4,2023,7,2
65,33,2023,7,4
70.5,33,2023,7,4
73.9,34,2023,7,4
74.4,33.1,2023,7,2
-9.8,13,2023,6,1
-5,11.4,2023,6,1
-4.6,10.4,2023,6,1
-4.4,10.3,2023,6,1
-4.3,13.9,2023,6,1
-4.2,11.3,2023,6,1
-3.8,14.6,2023,6,1
-3.7,12,2023,6,2
-2.2,13.6,2023,6,2
-1.9,14.6,2023,6,1
-0.4,11.4,2023,6,1
0,14.6,2023,6,1
1,13.9,2023,6,1
2,18.9,2023,6,1
2.3,14.7,2023,6,1
12.4,11.3,2023,6,2
12.5,11.6,2023,6,2
13.5,11.6,2023,6,1
13.9,11.4,2023,6,3
14,11.3,2023,6,2
14.2,11.2,2023,6,4
31.4,45.2,2023,6,3
31.8,46.6,2023,6,3
33.2,47.3,2023,6,3
33.9,47.2,2023,6,4
34.2,51.3,2023,6,2
34.3,31.2,2023,6,3
34.9,45.9,2023,6,2
35.2,32.2,2023,6,5
35.2,32.3,2023,6,3
35.3,33.2,2023,6,2
35.3,47.6,2023,6,5
35.4,32.3,2023,6,7
35.4,47.4,2023,6,3
35.5,33.3,2023,6,5
35.5,47.4,2023,6,2
35.9,33.2,2023,6,2
35.9,35.7,2023,6,1
36.1,32.8,2023,6,5
36.1,33.6,2023,6,3
36.3,47.5,2023,6,2
36.4,33.4,2023,6,2
36.4,35.9,2023,6,1
36.7,11,2023,6,1
36.8,50.2,2023,6,4
36.9,48,2023,6,4
37,36,2023,6,6
37,48.6,2023,6,3
37.2,47.5,2023,6,1
37.2,48.6,2023,6,1
37.4,48.1,2023,6,4
37.4,48.2,2023,6,5
37.5,34.6,2023,6,1
37.5,49,2023,6,4
37.6,10.4,2023,6,4
37.6,10.8,2023,6,3
37.6,12.8,2023,6,1
37.7,11,2023,6,1
37.8,11,2023,6,1
37.8,34.8,2023,6,1
37.8,47.6,2023,6,5
37.8,48.7,2023,6,6
37.9,49.4,2023,6,6
38,49.8,2023,6,2
38.1,48.4,2023,6,2
39.6,11.8,2023,6,4
39.6,35,2023,6,2
43.1,14.3,2023,6,6
43.1,14.7,2023,6,4
43.2,13.9,2023,6,4
43.5,13.9,2023,6,3
43.7,38.4,2023,6,3
44.3,37.6,2023,6,2
45.8,16.6,2023,6,5
46.7,39.8,2023,6,2
49.2,11.3,2023,6,3
60.9,29.5,2023,6,1
62.1,34.3,2023,6,1
63.9,26,2023,6,3
67.2,36.8,2023,6,1
70.6,33,2023,6,3
70.7,33.3,2023,6,1
70.9,34.7,2023,6,3
73.8,34.3,2023,6,2
74.5,33.4,2023,6,2
-11.7,26.7,2023,5,2
-7.9,13.1,2023,5,1
-7.3,12.7,2023,5,1
-5.6,15,2023,5,1
-5.3,14.8,2023,5,2
-5,11.9,2023,5,1
-4.1,10.2,2023,5,1
-4.1,10.3,2023,5,1
-4,10.2,2023,5,1
-4,10.6,2023,5,1
-3.9,10.4,2023,5,1
-3,13.2,2023,5,2
-2.9,14.9,2023,5,1
-2.7,16.7,2023,5,1
-0.6,12.7,2023,5,1
1.4,12,2023,5,3
1.5,12.4,2023,5,3
2.1,14.3,2023,5,6
3,19.9,2023,5,1
12.4,11.2,2023,5,1
12.6,11,2023,5,3
12.8,10.8,2023,5,1
13.5,13.5,2023,5,2
13.8,11.5,2023,5,3
14.1,11,2023,5,1
14.3,12.6,2023,5,1
22.3,13.4,2023,5,1
28,14.6,2023,5,1
29.6,12.1,2023,5,3
33.2,46.5,2023,5,1
33.3,47.3,2023,5,3
33.3,52,2023,5,2
33.3,52.4,2023,5,3
33.7,47.4,2023,5,1
33.8,47.2,2023,5,3
34.4,31.3,2023,5,3
35,47.6,2023,5,3
35,51.1,2023,5,4
35.2,31.7,2023,5,2
35.2,33.2,2023,5,1
35.4,32.9,2023,5,5
35.5,47.1,2023,5,1
35.5,47.3,2023,5,2
36,47.3,2023,5,1
36,50.4,2023,5,2
36.2,33,2023,5,6
36.2,33.4,2023,5,3
36.3,32.6,2023,5,3
36.3,46.7,2023,5,1
36.4,35.8,2023,5,1
36.5,36.1,2023,5,1
36.8,36.2,2023,5,1
37.1,47.4,2023,5,3
37.3,34.8,2023,5,2
37.3,48.2,2023,5,1
37.4,49.2,2023,5,4
37.6,36.2,2023,5,2
37.6,48.6,2023,5,4
37.6,49.4,2023,5,3
37.6,49.8,2023,5,4
37.9,10.5,2023,5,1
38,36.5,2023,5,3
38,50.1,2023,5,3
38.1,10.2,2023,5,2
38.2,48.5,2023,5,2
38.3,48.6,2023,5,2
38.4,48.6,2023,5,4
38.9,35.2,2023,5,1
38.9,48.5,2023,5,1
39.1,11.2,2023,5,1
39.3,48.2,2023,5,4
39.5,39.1,2023,5,4
39.6,12.2,2023,5,2
43.1,14.6,2023,5,4
43.3,34,2023,5,1
43.4,13.9,2023,5,1
43.5,17.6,2023,5,2
43.6,13.8,2023,5,1
44.1,35.8,2023,5,1
44.1,37.1,2023,5,2
44.2,13.2,2023,5,1
44.3,13.2,2023,5,4
62.7,26.1,2023,5,1
65.3,26.3,2023,5,1
66.9,30.4,2023,5,2
67.3,30.8,2023,5,1
68.7,35.9,2023,5,4
69.4,34.5,2023,5,2
69.5,36.7,2023,5,4
69.9,33.3,2023,5,1
70.5,32.4,2023,5,1
71,37.3,2023,5,1
71.4,34.9,2023,5,1
74.1,34.6,2023,5,1
74.2,33.5,2023,5,3
-13.3,19.6,2023,4,1
-7.5,14.8,2023,4,1
-7.1,14.5,2023,4,1
-6,14.2,2023,4,1
-4.7,14.6,2023,4,1
-4.5,11.9,2023,4,1
-3.7,15.4,2023,4,1
-3.4,11.6,2023,4,2
-2.6,13.5,2023,4,2
-1.7,14,2023,4,1
-1.3,16,2023,4,1
-0.9,14.2,2023,4,3
-0.3,11.3,2023,4,2
-0.1,12.7,2023,4,1
-0.1,12.9,2023,4,1
0.6,10.9,2023,4,3
0.6,13.2,2023,4,1
0.8,17.1,2023,4,1
1.5,11.9,2023,4,1
2.8,11.9,2023,4,2
3.1,12.1,2023,4,1
11.8,12.1,2023,4,1
12.2,10.7,2023,4,1
13.3,11.9,2023,4,4
13.3,13.7,2023,4,3
13.5,12.7,2023,4,1
13.7,11.5,2023,4,4
14,12.2,2023,4,1
14.1,11.1,2023,4,1
22.5,13.8,2023,4,1
25.3,50.7,2023,4,2
28.3,12.1,2023,4,1
32,52,2023,4,1
32.4,52.7,2023,4,1
32.6,46.8,2023,4,2
32.6,52.5,2023,4,1
32.8,46.5,2023,4,2
32.8,47.1,2023,4,3
33,52,2023,4,1
33.3,14.4,2023,4,1
33.5,47,2023,4,3
33.5,50.7,2023,4,1
33.6,15.8,2023,4,1
33.6,47,2023,4,2
33.7,47.1,2023,4,2
33.8,49.9,2023,4,1
34.1,52.3,2023,4,1
34.2,51.5,2023,4,1
34.4,52.9,2023,4,1
34.5,47.6,2023,4,2
34.6,47.3,2023,4,1
34.6,47.6,2023,4,3
34.8,46.2,2023,4,2
34.8,51.1,2023,4,2
35.2,33.1,2023,4,2
35.3,31.8,2023,4,2
35.3,32.8,2023,4,3
35.3,50.8,2023,4,4
35.4,47.9,2023,4,2
35.6,33.2,2023,4,2
35.8,33.1,2023,4,3
35.9,48.5,2023,4,3
36.2,47.6,2023,4,3
36.2,50.2,2023,4,1
36.4,50.2,2023,4,2
36.6,35.8,2023,4,2
36.8,11.3,2023,4,1
36.8,36,2023,4,5
36.8,47.6,2023,4,2
36.8,47.9,2023,4,3
37,48.9,2023,4,2
37,50.3,2023,4,2
37.2,46.9,2023,4,2
37.3,12.4,2023,4,2
37.3,48.3,2023,4,3
37.5,50.8,2023,4,2
37.6,35.4,2023,4,2
37.7,50,2023,4,3
37.9,34.9,2023,4,1
37.9,48.8,2023,4,4
37.9,49.8,2023,4,3
38,49.7,2023,4,2
38.2,13.1,2023,4,1
38.3,11.8,2023,4,1
38.3,48.7,2023,4,3
38.6,34.6,2023,4,2
38.6,48.5,2023,4,1
38.7,48.3,2023,4,4
39.6,11.7,2023,4,2
39.9,11.4,2023,4,1
40.6,34.8,2023,4,3
41.2,37.1,2023,4,4
41.8,36.4,2023,4,1
42.2,37.5,2023,4,1
42.6,34,2023,4,1
43.1,14.8,2023,4,3
43.2,16.8,2023,4,1
43.3,16.7,2023,4,2
43.3,16.9,2023,4,1
43.5,37.1,2023,4,2
44.1,34.1,2023,4,1
44.3,34.6,2023,4,2
44.7,13.9,2023,4,3
44.8,35.5,2023,4,2
45.4,14,2023,4,3
45.9,14.5,2023,4,1
46,17.3,2023,4,1
52.5,29.6,2023,4,1
61.2,28.2,2023,4,1
62.9,25.9,2023,4,1
63.5,25.3,2023,4,1
65.7,26.7,2023,4,1
66.4,30.7,2023,4,1
66.7,30,2023,4,2
67.1,30.6,2023,4,1
70.5,31.1,2023,4,2
71.1,34,2023,4,3
71.3,34,2023,4,2
71.5,34.8,2023,4,2
72.5,34.4,2023,4,1
74.2,33.7,2023,4,1
75.3,33.6,2023,4,1
-7.8,14,2023,3,1
-7.5,14.7,2023,3,1
-6.1,13.6,2023,3,1
-6,14.3,2023,3,4
-5.5,15.2,2023,3,1
-5,10.2,2023,3,1
-4.6,11.9,2023,3,1
-4.3,15.8,2023,3,1
-4,14.1,2023,3,1
-3.9,14,2023,3,1
-3.8,12,2023,3,1
-3.8,12.9,2023,3,2
-3.8,14.1,2023,3,1
-3.7,13.2,2023,3,1
-3.7,13.6,2023,3,1
-3.6,11.9,2023,3,1
-3.4,12.2,2023,3,1
-3.3,13.5,2023,3,1
-3.3,16.6,2023,3,2
-3.2,13.4,2023,3,1
-3.1,12.8,2023,3,1
-2.7,14.1,2023,3,1
-2.6,14.9,2023,3,1
-2.5,16.8,2023,3,3
-2.2,15.1,2023,3,3
-2,13.4,2023,3,3
-1.6,13.5,2023,3,1
-1.4,14.7,2023,3,1
-1.4,15.4,2023,3,1
-1.3,14.3,2023,3,2
-1.1,13.4,2023,3,2
-1,13.2,2023,3,1
-0.3,13.5,2023,3,1
-0.3,14.1,2023,3,1
-0.2,13.7,2023,3,1
-0.1,11.5,2023,3,1
-0,14.9,2023,3,1
0.2,10.9,2023,3,1
0.2,17.4,2023,3,1
0.5,10.9,2023,3,1
0.6,18,2023,3,2
0.7,10.9,2023,3,2
0.7,15.2,2023,3,1
0.9,10.9,2023,3,1
1,10.7,2023,3,1
1,10.8,2023,3,2
1.3,18.8,2023,3,1
1.6,12.5,2023,3,1
2.1,12,2023,3,1
2.1,15.4,2023,3,1
2.7,16.7,2023,3,1
3.4,15.6,2023,3,1
8.8,35.2,2023,3,1
12,11.3,2023,3,2
12.2,11.4,2023,3,1
12.3,11.5,2023,3,2
12.5,11.3,2023,3,1
12.6,13.2,2023,3,1
12.7,13.3,2023,3,1
12.7,13.4,2023,3,1
12.9,11.4,2023,3,4
13.1,14.3,2023,3,3
13.4,11.7,2023,3,1
14,11,2023,3,2
14.3,11.9,2023,3,1
14.3,12.9,2023,3,2
14.6,12,2023,3,1
24.1,13.7,2023,3,1
32.3,46.7,2023,3,2
32.4,52.3,2023,3,2
32.8,52.3,2023,3,2
32.8,52.7,2023,3,1
33.2,46.9,2023,3,2
33.2,47.5,2023,3,3
33.3,46.9,2023,3,2
33.4,47.4,2023,3,2
33.5,46.3,2023,3,1
33.5,52.2,2023,3,1
33.7,47,2023,3,2
33.8,52.2,2023,3,1
34.1,51.6,2023,3,2
34.1,51.7,2023,3,1
34.1,52,2023,3,1
34.3,46.4,2023,3,2
34.5,49.6,2023,3,3
34.6,31.7,2023,3,1
34.6,46.7,2023,3,2
34.6,51.2,2023,3,1
34.8,32.1,2023,3,2
35.1,31.5,2023,3,2
35.1,47.3,2023,3,3
35.1,51.1,2023,3,1
35.3,47.5,2023,3,1
35.3,51.1,2023,3,3
35.7,33.3,2023,3,1
35.9,33.1,2023,3,2
35.9,34.9,2023,3,1
36,32.8,2023,3,2
36,50.3,2023,3,2
36.1,47.5,2023,3,2
36.2,32.7,2023,3,2
36.2,47.4,2023,3,1
36.3,32.8,2023,3,2
36.3,35.1,2023,3,1
36.4,35.7,2023,3,4
36.6,34.6,2023,3,2
36.6,35.1,2023,3,1
36.6,35.7,2023,3,3
36.7,33.1,2023,3,1
36.7,36,2023,3,1
36.8,49.7,2023,3,2
36.9,11.1,2023,3,1
36.9,36.4,2023,3,1
37,36.4,2023,3,1
37,36.6,2023,3,3
37.1,50.4,2023,3,2
37.3,49.2,2023,3,3
37.4,50.4,2023,3,2
37.5,35.8,2023,3,2
37.5,36.3,2023,3,4
37.7,47.8,2023,3,3
37.7,49,2023,3,2
37.7,49.4,2023,3,3
37.8,48.6,2023,3,3
37.9,49.2,2023,3,2
37.9,50,2023,3,1
38,50.2,2023,3,1
38.4,48.8,2023,3,2
38.4,49,2023,3,2
38.5,48.6,2023,3,2
38.6,35.8,2023,3,1
38.6,48.6,2023,3,2
38.7,33.5,2023,3,2
38.7,34.7,2023,3,1
38.8,48.4,2023,3,1
39.2,11.3,2023,3,1
39.5,35,2023,3,1
39.6,11.5,2023,3,1
39.8,12.2,2023,3,2
40.7,34.8,2023,3,3
41.4,38.1,2023,3,3
41.6,36.5,2023,3,1
42.7,35.6,2023,3,1
43.2,37,2023,3,5
43.2,39.7,2023,3,3
43.3,16.8,2023,3,1
43.3,17.2,2023,3,4
43.4,14,2023,3,1
43.4,37,2023,3,9
43.5,13.3,2023,3,1
43.5,14.2,2023,3,1
43.6,13.9,2023,3,1
43.8,13.3,2023,3,2
43.8,17.2,2023,3,1
43.9,13.6,2023,3,1
44.6,15.7,2023,3,2
44.8,43.5,2023,3,1
45,15.5,2023,3,1
45.2,15.5,2023,3,1
45.4,35.5,2023,3,2
45.4,35.6,2023,3,5
45.5,35.7,2023,3,2
46.7,40.4,2023,3,1
65.4,26.2,2023,3,4
66.6,29.3,2023,3,2
66.7,29.8,2023,3,3
66.9,36.8,2023,3,1
69.8,32.6,2023,3,2
70.2,32.3,2023,3,1
70.5,32.9,2023,3,1
70.6,32.9,2023,3,3
70.6,34.7,2023,3,1
70.7,31.8,2023,3,1
70.7,31.9,2023,3,1
70.7,32.4,2023,3,2
71.3,32.6,2023,3,1
71.5,33.7,2023,3,1
71.6,34.1,2023,3,1
71.8,34.1,2023,3,1
73.9,34.4,2023,3,3
74.6,33.2,2023,3,2
74.8,33.7,2023,3,2
74.9,32.5,2023,3,3
75,33.9,2023,3,1
-16,18.1,2023,2,1
-11.8,14.9,2023,2,1
-7.9,12.3,2023,2,1
-7.7,12.6,2023,2,1
-7.5,15,2023,2,1
-6.1,13.7,2023,2,1
-6,14.1,2023,2,1
-5.4,11.1,2023,2,1
-5.4,15.5,2023,2,2
-4.9,13.2,2023,2,1
-4.3,11.6,2023,2,1
-4.2,14.5,2023,2,2
-4.1,13.7,2023,2,1
-4.1,14.6,2023,2,1
-3.7,14.2,2023,2,1
-3.2,13.3,2023,2,1
-2.8,13.4,2023,2,1
-2.4,11.5,2023,2,1
-2.4,13.7,2023,2,1
-1.6,14.2,2023,2,1
-1.3,13.8,2023,2,1
-0.8,13.7,2023,2,1
-0.6,16.9,2023,2,1
-0.5,13.4,2023,2,1
0.2,11.4,2023,2,1
0.2,17.7,2023,2,2
0.3,17.8,2023,2,2
0.4,11.8,2023,2,1
1.2,18.8,2023,2,2
1.5,11,2023,2,2
1.8,12,2023,2,2
2.1,15.1,2023,2,1
3,15.4,2023,2,1
3.2,12.1,2023,2,1
11.9,11.6,2023,2,1
12.1,12.9,2023,2,1
12.6,12.2,2023,2,2
12.6,13.3,2023,2,1
12.7,11.8,2023,2,1
12.8,11.8,2023,2,2
12.9,11.3,2023,2,1
12.9,32.8,2023,2,1
13.2,11.8,2023,2,1
13.5,13.3,2023,2,1
13.7,11.7,2023,2,1
13.8,12.1,2023,2,1
14,11.1,2023,2,2
14.2,12.3,2023,2,1
14.5,12,2023,2,1
22.7,48.4,2023,2,1
23.9,49.8,2023,2,1
24.4,49,2023,2,2
25.3,13.7,2023,2,1
25.6,49.6,2023,2,2
26.2,50.6,2023,2,2
27,49.4,2023,2,1
28.3,11.7,2023,2,2
30,11,2023,2,1
30.2,45.3,2023,2,2
30.5,11.9,2023,2,1
30.7,46.3,2023,2,2
30.9,51.3,2023,2,1
31.2,52.1,2023,2,1
31.5,47.2,2023,2,1
31.6,46.7,2023,2,1
31.7,46.8,2023,2,1
32.2,52.4,2023,2,1
32.3,46.8,2023,2,1
32.3,52.2,2023,2,1
32.6,52.3,2023,2,2
32.7,46.4,2023,2,1
32.8,39.9,2023,2,1
33,46.5,2023,2,1
33.1,52.3,2023,2,2
33.4,46.9,2023,2,2
33.4,47.5,2023,2,1
33.5,14.5,2023,2,1
33.5,52.3,2023,2,1
33.5,52.4,2023,2,1
33.6,47.1,2023,2,1
33.6,47.5,2023,2,1
33.7,44.7,2023,2,1
33.7,46.9,2023,2,2
33.8,52.3,2023,2,1
33.9,46.5,2023,2,1
33.9,47.3,2023,2,1
33.9,51.4,2023,2,1
34.3,51.3,2023,2,2
34.4,52.1,2023,2,1
34.5,51.3,2023,2,1
34.9,50.3,2023,2,2
35,32.2,2023,2,1
35.1,32.4,2023,2,2
35.1,45.1,2023,2,1
35.1,48.6,2023,2,2
35.2,31.9,2023,2,2
35.2,32.4,2023,2,2
35.2,32.5,2023,2,2
35.3,47.8,2023,2,1
35.3,51,2023,2,2
35.4,50.8,2023,2,2
35.5,47.6,2023,2,2
35.5,50.4,2023,2,2
35.5,50.7,2023,2,1
35.6,33.3,2023,2,1
35.6,50.5,2023,2,4
35.7,47.4,2023,2,2
35.7,47.7,2023,2,2
35.7,50.3,2023,2,1
35.8,35.5,2023,2,1
35.8,47.2,2023,2,1
35.9,50.4,2023,2,2
36,33,2023,2,1
36,33.2,2023,2,1
36.1,47.4,2023,2,2
36.1,50.4,2023,2,2
36.2,49.4,2023,2,2
36.3,11.2,2023,2,1
36.3,33.1,2023,2,2
36.3,50.3,2023,2,2
36.4,32.5,2023,2,2
36.4,35.3,2023,2,1
36.4,47.4,2023,2,1
36.4,50.3,2023,2,1
36.5,45.4,2023,2,1
36.5,47.8,2023,2,1
36.6,34.7,2023,2,1
36.6,50.2,2023,2,1
36.7,50.5,2023,2,1
36.8,49.8,2023,2,2
36.9,46.8,2023,2,1
36.9,48.3,2023,2,1
37.1,47.9,2023,2,2
37.2,12.7,2023,2,1
37.2,35.2,2023,2,1
37.2,49.6,2023,2,1
37.2,50.3,2023,2,2
37.2,50.9,2023,2,1
37.3,36.5,2023,2,1
37.3,47.1,2023,2,1
37.3,48.5,2023,2,2
37.3,49.4,2023,2,2
37.3,50.2,2023,2,2
37.4,47.8,2023,2,1
37.4,48.5,2023,2,2
37.4,49.9,2023,2,2
37.5,47.5,2023,2,2
37.5,47.7,2023,2,2
37.5,48.1,2023,2,1
37.5,48.2,2023,2,2
37.5,48.3,2023,2,2
37.5,49.7,2023,2,1
37.6,48.4,2023,2,2
37.6,49,2023,2,2
37.6,50.4,2023,2,2
37.7,10,2023,2,1
37.7,36.5,2023,2,1
37.7,47.9,2023,2,1
37.7,48.4,2023,2,1
37.7,49.1,2023,2,1
37.7,49.3,2023,2,2
37.8,10.2,2023,2,1
37.8,12.1,2023,2,1
37.8,48.8,2023,2,2
37.8,48.9,2023,2,2
37.8,50.1,2023,2,2
37.9,10.2,2023,2,2
37.9,48.3,2023,2,1
38,36.6,2023,2,1
38,47.8,2023,2,1
38.1,10.9,2023,2,2
38.1,48,2023,2,1
38.1,50.1,2023,2,1
38.3,10.9,2023,2,1
38.3,34.9,2023,2,3
38.3,49.9,2023,2,2
38.5,35.8,2023,2,2
38.5,48,2023,2,1
38.5,48.9,2023,2,2
38.6,34.4,2023,2,3
38.8,34.7,2023,2,1
38.9,36.4,2023,2,1
38.9,48.3,2023,2,1
39,10.1,2023,2,1
39.1,49.5,2023,2,1
39.2,48.6,2023,2,1
39.5,11.9,2023,2,1
39.7,35.1,2023,2,3
39.7,35.4,2023,2,1
39.7,48.3,2023,2,1
39.9,10.7,2023,2,1
39.9,35.6,2023,2,1
40,35.5,2023,2,2
40.1,35.4,2023,2,7
40.3,35,2023,2,1
40.4,35.2,2023,2,3
40.5,35.1,2023,2,2
40.8,34.7,2023,2,2
42.5,37.9,2023,2,1
43.1,16.1,2023,2,2
43.2,17.1,2023,2,2
43.3,17.1,2023,2,1
43.3,17.3,2023,2,2
43.4,36.9,2023,2,1
43.5,17.4,2023,2,1
43.6,14.9,2023,2,1
44.1,35.1,2023,2,1
44.1,35.7,2023,2,1
44.2,13.8,2023,2,1
44.2,37,2023,2,1
44.3,13.3,2023,2,2
44.4,13.4,2023,2,1
44.4,33.3,2023,2,1
44.6,16.1,2023,2,1
44.6,17.3,2023,2,1
44.6,43.2,2023,2,1
44.9,36.3,2023,2,1
45,35.9,2023,2,1
45.1,16.4,2023,2,1
45.1,16.8,2023,2,1
45.1,17,2023,2,1
45.4,15.4,2023,2,1
45.7,40.2,2023,2,2
46.4,35.3,2023,2,1
61.1,28.5,2023,2,1
62.3,25.1,2023,2,3
62.5,25.9,2023,2,1
63.4,26,2023,2,2
64.1,27,2023,2,3
64.4,26,2023,2,1
64.7,29.4,2023,2,1
66.4,31,2023,2,1
66.5,28.9,2023,2,1
66.5,30.9,2023,2,1
66.6,27.5,2023,2,2
68.5,35.8,2023,2,1
69.2,29.9,2023,2,1
69.3,32.1,2023,2,1
69.7,33,2023,2,1
69.8,33.3,2023,2,1
69.9,32.1,2023,2,1
70,33.8,2023,2,1
70,36.5,2023,2,1
70.2,29.2,2023,2,1
70.5,34.5,2023,2,1
70.7,33.2,2023,2,1
70.8,31.6,2023,2,1
70.8,33,2023,2,2
71.4,33.9,2023,2,1
71.5,33.4,2023,2,1
71.7,34.3,2023,2,1
71.9,30.3,2023,2,1
71.9,34.7,2023,2,1
72,34.1,2023,2,1
72,36.8,2023,2,2
72.1,34.2,2023,2,1
72.4,34,2023,2,1
72.4,34.8,2023,2,1
72.5,34.1,2023,2,1
74,33.8,2023,2,1
74.1,33.7,2023,2,1
74.1,33.8,2023,2,2
74.2,33.1,2023,2,1
74.3,31.5,2023,2,1
74.5,34.2,2023,2,1
74.7,34,2023,2,1
75.4,33.5,2023,2,1
-11.5,15.4,2023,1,1
-9,13,2023,1,1
-8.6,12.2,2023,1,1
-6.1,14.7,2023,1,2
-5.8,14.7,2023,1,1
-4.9,11.8,2023,1,1
-4.9,12.8,2023,1,1
-4.1,10.8,2023,1,1
-4,14.7,2023,1,2
-4,17,2023,1,1
-3.4,13,2023,1,1
-3.4,16.3,2023,1,1
-3.3,12.4,2023,1,1
-3,12.7,2023,1,2
-3,12.9,2023,1,1
-3,16.7,2023,1,1
-2.3,13.9,2023,1,1
-1.8,13.9,2023,1,1
-1.3,15.8,2023,1,1
-1.2,13,2023,1,2
-0.8,11.4,2023,1,1
-0.6,14.1,2023,1,1
-0.4,14.9,2023,1,1
0,11.1,2023,1,2
0.3,11.2,2023,1,1
0.3,14.6,2023,1,3
0.3,14.7,2023,1,1
1,11.1,2023,1,1
1.1,10.9,2023,1,1
1.1,12.8,2023,1,1
1.2,14.9,2023,1,1
1.7,12.8,2023,1,1
1.8,35.6,2023,1,1
2.2,16.5,2023,1,1
2.4,15.7,2023,1,1
3.1,12,2023,1,1
3.4,14.9,2023,1,3
12.3,13.2,2023,1,1
12.7,12.2,2023,1,1
12.8,12.5,2023,1,1
12.9,11.8,2023,1,1
13.1,11.6,2023,1,1
13.1,12.3,2023,1,1
13.2,10.7,2023,1,2
13.2,13.7,2023,1,1
13.5,11.3,2023,1,1
13.5,11.7,2023,1,1
13.5,13.4,2023,1,1
13.7,12.6,2023,1,1
13.7,12.7,2023,1,1
13.7,12.9,2023,1,2
13.8,11.1,2023,1,1
13.8,12.6,2023,1,1
14,11.9,2023,1,1
14.5,12.6,2023,1,1
14.6,11.7,2023,1,1
15.9,21.3,2023,1,1
18.4,21.4,2023,1,1
23.2,48.4,2023,1,1
24.3,50.1,2023,1,1
24.3,51.7,2023,1,1
24.9,51.2,2023,1,1
25,48.5,2023,1,1
25.7,50,2023,1,1
26.5,50.6,2023,1,1
26.5,50.9,2023,1,1
26.5,51,2023,1,1
26.6,51.6,2023,1,1
27.2,49.8,2023,1,1
27.6,50.6,2023,1,1
27.8,11.3,2023,1,1
27.8,49.8,2023,1,1
28.8,45.4,2023,1,1
28.9,45.5,2023,1,1
29.3,45.4,2023,1,1
29.9,50.9,2023,1,1
30.1,49.9,2023,1,1
30.2,50.5,2023,1,1
30.2,50.6,2023,1,1
30.3,47.8,2023,1,1
30.3,58.1,2023,1,1
30.4,50.8,2023,1,1
30.6,46.3,2023,1,1
31.1,51.8,2023,1,1
31.2,51.5,2023,1,1
31.2,51.7,2023,1,1
31.3,12.2,2023,1,1
31.4,46.9,2023,1,1
31.4,50.2,2023,1,1
31.6,51.9,2023,1,1
31.7,46.7,2023,1,1
31.7,47.1,2023,1,1
32.1,46.9,2023,1,1
32.1,49.4,2023,1,1
32.2,46.5,2023,1,1
32.2,47.2,2023,1,1
32.3,48.5,2023,1,1
32.4,46.8,2023,1,1
32.4,47.4,2023,1,1
32.4,51.6,2023,1,1
32.7,46.8,2023,1,1
32.7,52.1,2023,1,1
32.9,52.1,2023,1,1
33,46.6,2023,1,1
33,46.9,2023,1,1
33,47.3,2023,1,1
33,52.1,2023,1,1
33.1,52.4,2023,1,1
33.3,47,2023,1,1
33.3,47.1,2023,1,1
33.3,47.5,2023,1,1
33.3,51.9,2023,1,1
33.4,47,2023,1,1
33.4,49.1,2023,1,1
33.4,51.5,2023,1,1
33.5,45.8,2023,1,1
33.5,47.1,2023,1,1
33.5,47.2,2023,1,1
33.5,47.4,2023,1,1
33.5,47.5,2023,1,1
33.5,51.9,2023,1,1
33.6,49.9,2023,1,1
33.6,50,2023,1,1
33.6,52.3,2023,1,1
33.7,50.1,2023,1,1
33.8,47,2023,1,2
33.9,47.1,2023,1,1
33.9,51.5,2023,1,1
34,28.6,2023,1,1
34.1,49.5,2023,1,1
34.1,51.2,2023,1,1
34.1,51.8,2023,1,1
34.2,47.6,2023,1,1
34.2,51.7,2023,1,1
34.3,44.8,2023,1,1
34.3,51.4,2023,1,1
34.4,47.4,2023,1,1
34.4,47.5,2023,1,1
34.5,47.5,2023,1,1
34.5,51.1,2023,1,1
34.5,51.2,2023,1,1
34.6,47.5,2023,1,1
34.7,51.2,2023,1,1
34.8,31.9,2023,1,1
34.9,47.9,2023,1,1
34.9,48.5,2023,1,1
34.9,51.2,2023,1,1
35,31.2,2023,1,1
35.1,31.7,2023,1,1
35.1,32.5,2023,1,1
35.1,50.2,2023,1,1
35.1,51,2023,1,1
35.2,31.8,2023,1,1
35.3,46.9,2023,1,1
35.3,47.2,2023,1,1
35.3,50.9,2023,1,1
35.4,33,2023,1,1
35.4,47.3,2023,1,1
35.4,50.4,2023,1,1
35.5,50.5,2023,1,1
35.6,33.1,2023,1,1
35.6,47.5,2023,1,1
35.6,50.4,2023,1,1
35.7,46.8,2023,1,1
35.7,47.6,2023,1,1
35.8,47.3,2023,1,1
35.9,33,2023,1,1
35.9,47.7,2023,1,1
35.9,48.6,2023,1,1
35.9,50.3,2023,1,1
36,35.6,2023,1,1
36,35.8,2023,1,1
36,35.9,2023,1,1
36,47.8,2023,1,1
36.1,33.1,2023,1,3
36.1,35.5,2023,1,1
36.1,47.7,2023,1,1
36.1,47.9,2023,1,1
36.1,49.8,2023,1,1
36.2,33.3,2023,1,1
36.2,47.2,2023,1,1
36.2,48,2023,1,1
36.2,50.4,2023,1,1
36.2,50.5,2023,1,1
36.3,51.8,2023,1,1
36.4,35.2,2023,1,1
36.4,47.9,2023,1,1
36.4,50.1,2023,1,1
36.5,48.4,2023,1,1
36.5,50.2,2023,1,1
36.6,48.3,2023,1,1
36.6,50.1,2023,1,1
36.6,50.3,2023,1,1
36.7,34.8,2023,1,1
36.7,35.6,2023,1,1
36.7,36.6,2023,1,1
36.7,48,2023,1,1
36.7,48.1,2023,1,1
36.7,48.3,2023,1,1
36.7,49.6,2023,1,1
36.7,49.8,2023,1,1
36.7,50.4,2023,1,1
36.8,11.2,2023,1,1
36.8,48,2023,1,1
36.8,48.1,2023,1,1
36.8,49.4,2023,1,1
36.8,49.5,2023,1,1
36.8,49.6,2023,1,1
36.9,48.9,2023,1,1
36.9,49.5,2023,1,1
37,47.9,2023,1,1
37,48,2023,1,1
37,48.1,2023,1,1
37,48.2,2023,1,1
37.1,36.5,2023,1,1
37.1,48,2023,1,1
37.1,48.5,2023,1,1
37.1,48.7,2023,1,1
37.1,49,2023,1,1
37.1,49.5,2023,1,1
37.2,36.4,2023,1,1
37.2,49.1,2023,1,1
37.3,35.2,2023,1,1
37.3,49,2023,1,1
37.4,36.4,2023,1,1
37.4,48.3,2023,1,1
37.4,48.7,2023,1,1
37.4,48.8,2023,1,1
37.4,50.1,2023,1,1
37.4,50.5,2023,1,1
37.5,10.3,2023,1,1
37.5,12.5,2023,1,1
37.5,48.9,2023,1,1
37.5,49.1,2023,1,1
37.5,50.2,2023,1,1
37.5,50.4,2023,1,1
37.6,36.5,2023,1,1
37.6,49.3,2023,1,1
37.6,49.9,2023,1,1
37.6,50.3,2023,1,1
37.7,48.6,2023,1,2
37.7,48.7,2023,1,1
37.8,50.2,2023,1,1
37.9,36.5,2023,1,1
37.9,49.9,2023,1,1
38,36.2,2023,1,1
38,48.9,2023,1,1
38.1,11.8,2023,1,2
38.2,48.2,2023,1,1
38.4,48.1,2023,1,1
38.5,11.5,2023,1,1
38.5,47.7,2023,1,1
38.6,48.8,2023,1,1
38.7,11.2,2023,1,1
38.9,35,2023,1,1
38.9,48.7,2023,1,1
39,12.2,2023,1,1
39,48.5,2023,1,1
39.3,10.4,2023,1,1
39.3,12,2023,1,1
39.4,10.6,2023,1,1
39.5,11.5,2023,1,1
39.5,11.7,2023,1,1
39.5,48.7,2023,1,1
39.6,12.1,2023,1,1
39.6,12.4,2023,1,1
39.7,11.3,2023,1,1
39.8,10.6,2023,1,1
39.9,10.8,2023,1,1
40.3,35.3,2023,1,1
40.5,36.6,2023,1,1
40.7,36.1,2023,1,1
40.8,34.6,2023,1,1
40.9,37.1,2023,1,1
42,37,2023,1,1
42.3,37.9,2023,1,1
42.7,33.8,2023,1,1
42.8,37.8,2023,1,1
43,37.3,2023,1,2
43.1,16.9,2023,1,1
43.2,14.2,2023,1,1
43.2,17,2023,1,1
43.2,17.2,2023,1,1
43.3,37.1,2023,1,1
43.4,16.8,2023,1,1
43.5,13.7,2023,1,1
43.7,13.3,2023,1,1
43.7,34.6,2023,1,1
43.8,33.4,2023,1,1
43.9,13.5,2023,1,1
44,37.5,2023,1,1
44,38.1,2023,1,1
44.2,13.4,2023,1,1
44.3,15.5,2023,1,1
44.5,13.6,2023,1,1
44.5,15.7,2023,1,1
44.6,13.4,2023,1,1
44.6,37.3,2023,1,1
44.7,16.1,2023,1,1
44.7,36.1,2023,1,1
44.7,56.6,2023,1,1
44.8,14.5,2023,1,1
44.8,36.5,2023,1,1
44.8,39.7,2023,1,1
45,16.1,2023,1,1
45.1,15,2023,1,1
45.1,15.4,2023,1,1
45.2,14.9,2023,1,1
45.3,35.9,2023,1,1
45.5,14,2023,1,1
45.5,14.5,2023,1,1
45.5,39.5,2023,1,1
45.6,14.6,2023,1,1
45.6,14.7,2023,1,1
45.6,14.9,2023,1,1
45.7,14,2023,1,1
45.8,14,2023,1,1
46,40.1,2023,1,1
50.4,10.9,2023,1,1
60.2,27.2,2023,1,1
61.7,25,2023,1,2
61.9,27.3,2023,1,1
62,34.5,2023,1,1
64.3,27,2023,1,1
65.7,29.5,2023,1,3
65.7,31.6,2023,1,3
66.6,29,2023,1,2
66.8,29.8,2023,1,1
67,29.3,2023,1,2
67.7,30.2,2023,1,2
68.4,36.9,2023,1,1
69,34.7,2023,1,3
69.2,35,2023,1,1
69.3,35.6,2023,1,1
69.4,32.3,2023,1,1
69.6,32.5,2023,1,1
69.6,35,2023,1,3
69.7,35.9,2023,1,1
69.8,32.4,2023,1,1
69.8,36.7,2023,1,2
70.1,32.9,2023,1,1
70.1,33.9,2023,1,1
70.3,33.7,2023,1,1
70.4,32,2023,1,1
70.4,32.1,2023,1,1
70.4,35.1,2023,1,1
70.5,32.3,2023,1,1
70.6,31.9,2023,1,1
70.6,32,2023,1,1
70.7,32.8,2023,1,1
70.7,33,2023,1,1
70.8,32.1,2023,1,1
70.8,33.8,2023,1,1
70.8,34.8,2023,1,1
70.9,32.2,2023,1,1
70.9,33,2023,1,1
71,32.7,2023,1,1
71.1,34.3,2023,1,1
71.1,35,2023,1,1
71.3,34.5,2023,1,1
71.5,33,2023,1,1
71.6,33.9,2023,1,1
71.7,34.1,2023,1,1
71.9,34.3,2023,1,1
72,34,2023,1,1
72.1,30.4,2023,1,1
72.1,34.3,2023,1,1
72.1,34.4,2023,1,1
72.3,34.2,2023,1,1
72.4,34.6,2023,1,1
72.5,35.2,2023,1,1
73,31.7,2023,1,1
74.1,34.5,2023,1,1
74.3,33.3,2023,1,1
74.5,32.8,2023,1,1
74.5,34.1,2023,1,1
74.6,31.5,2023,1,1
74.6,33.3,2023,1,1
74.6,33.4,2023,1,1
74.6,34.2,2023,1,1
74.7,32.7,2023,1,1
74.7,33.8,2023,1,1
74.8,33.2,2023,1,1
74.8,34.1,2023,1,1
74.9,32.6,2023,1,1
74.9,33.8,2023,1,1
75,33.6,2023,1,1
75.3,32.3,2023,1,1
-6.8,13.7,2023,0,2
-6.7,14.6,2023,0,1
-6.1,14,2023,0,1
-5.9,14,2023,0,1
-5.2,11.8,2023,0,1
-5.1,15.6,2023,0,1
-4.8,14.6,2023,0,1
-3.9,13.5,2023,0,1
-3.8,11.9,2023,0,1
-3.8,13.5,2023,0,1
-3.8,13.8,2023,0,1
-3.8,14.3,2023,0,1
-3.8,14.8,2023,0,1
-3.7,13.5,2023,0,1
-3.6,10.4,2023,0,1
-3.6,15,2023,0,1
-3.5,10.1,2023,0,1
-3.5,10.3,2023,0,1
-3.4,15.5,2023,0,1
-3,14.2,2023,0,1
-2.8,13.7,2023,0,1
-2.7,12.2,2023,0,1
-2.7,13.4,2023,0,1
-2.7,13.6,2023,0,1
-2.7,13.7,2023,0,1
-2.6,13.8,2023,0,2
-2.4,13.6,2023,0,1
-2.4,13.9,2023,0,1
-2.3,15,2023,0,1
-2.2,12.3,2023,0,1
-2,14.3,2023,0,1
-1.8,13.5,2023,0,1
-1.7,14.2,2023,0,1
-1.6,14.4,2023,0,1
-1.3,14.1,2023,0,1
-1.1,11.2,2023,0,1
-0.4,13.5,2023,0,1
-0.2,13.3,2023,0,1
0,12.9,2023,0,1
0.2,14.3,2023,0,1
0.3,12.2,2023,0,1
0.4,11.5,2023,0,1
0.6,11.4,2023,0,1
0.8,10.8,2023,0,1
0.8,10.9,2023,0,1
0.9,19.5,2023,0,1
1,11,2023,0,1
1.5,14.2,2023,0,1
2.1,15.9,2023,0,1
2.7,15.3,2023,0,1
8,16,2023,0,1
12,11.1,2023,0,1
12.1,11,2023,0,1
12.3,13.1,2023,0,1
12.5,10.9,2023,0,2
12.5,11.8,2023,0,1
12.6,11.8,2023,0,1
12.6,13,2023,0,1
12.9,11.9,2023,0,1
13.1,10.7,2023,0,1
13.1,11.3,2023,0,1
13.5,13.8,2023,0,1
13.6,12.9,2023,0,1
13.7,12,2023,0,2
13.8,11.4,2023,0,3
13.8,12,2023,0,1
13.9,12,2023,0,2
13.9,12.4,2023,0,2
14,11.6,2023,0,1
14.1,12.4,2023,0,1
14.2,11.1,2023,0,2
14.3,12.7,2023,0,1
32.5,15.8,2023,0,1
36.2,32.9,2023,0,1
36.2,33.2,2023,0,1
36.3,32.7,2023,0,1
36.4,33.5,2023,0,1
36.4,33.8,2023,0,1
36.6,35.2,2023,0,1
36.6,35.5,2023,0,1
36.7,34,2023,0,2
36.7,35.3,2023,0,1
36.8,33,2023,0,1
36.9,35.5,2023,0,1
37,36.3,2023,0,1
37.1,36.6,2023,0,1
37.4,10.7,2023,0,1
37.4,35.3,2023,0,1
37.4,35.4,2023,0,1
37.4,36.3,2023,0,1
37.5,35,2023,0,2
37.5,35.9,2023,0,1
37.5,36.4,2023,0,2
37.7,11.9,2023,0,1
37.7,47.2,2023,0,1
37.9,11.1,2023,0,2
37.9,35,2023,0,1
38.2,10.4,2023,0,1
38.2,10.7,2023,0,1
38.6,10.2,2023,0,1
38.6,34.7,2023,0,1
39.9,10.4,2023,0,1
40.2,35.3,2023,0,1
40.3,35.4,2023,0,1
42.4,38.3,2023,0,1
43.7,35.7,2023,0,1
43.9,37.1,2023,0,1
44.2,15.4,2023,0,1
44.6,16.2,2023,0,1
44.7,35.6,2023,0,1
45,36.5,2023,0,3
45,43.2,2023,0,1
45.4,15.5,2023,0,1
46,35.2,2023,0,1
48.6,11.3,2023,0,1
61.8,29.2,2023,0,1
62.4,26.1,2023,0,2
62.5,26.1,2023,0,1
62.7,26.5,2023,0,3
63.2,25.4,2023,0,1
63.8,26.2,2023,0,2
64,31,2023,0,1
64.4,31.6,2023,0,1
64.5,26.2,2023,0,1
64.9,26.3,2023,0,1
65.4,28.6,2023,0,1
65.6,26.3,2023,0,2
65.6,28.5,2023,0,1
66.3,36.7,2023,0,1
67.4,29.6,2023,0,1
68,29.8,2023,0,1
69.2,34.8,2023,0,1
69.2,35.1,2023,0,1
69.3,34.5,2023,0,1
69.3,34.9,2023,0,3
69.3,35,2023,0,3
69.3,35.1,2023,0,4
69.3,35.3,2023,0,1
69.4,35,2023,0,2
69.4,36.8,2023,0,1
69.5,35.3,2023,0,1
69.8,37.1,2023,0,1
70.2,35.4,2023,0,1
70.7,34.7,2023,0,1
74.2,33.2,2023,0,1
